-- phpMyAdmin SQL Dump
-- version 4.8.4
-- https://www.phpmyadmin.net/
--
-- Host: 127.0.0.1
-- Waktu pembuatan: 28 Apr 2021 pada 18.26
-- Versi server: 10.1.37-MariaDB
-- Versi PHP: 7.3.0

SET SQL_MODE = "NO_AUTO_VALUE_ON_ZERO";
SET AUTOCOMMIT = 0;
START TRANSACTION;
SET time_zone = "+00:00";


/*!40101 SET @OLD_CHARACTER_SET_CLIENT=@@CHARACTER_SET_CLIENT */;
/*!40101 SET @OLD_CHARACTER_SET_RESULTS=@@CHARACTER_SET_RESULTS */;
/*!40101 SET @OLD_COLLATION_CONNECTION=@@COLLATION_CONNECTION */;
/*!40101 SET NAMES utf8mb4 */;

--
-- Database: `db_aruna`
--

-- --------------------------------------------------------

--
-- Struktur dari tabel `api_user`
--

CREATE TABLE `api_user` (
  `id` int(11) NOT NULL,
  `email` varchar(200) NOT NULL,
  `api_key` varchar(255) NOT NULL,
  `hit` int(11) NOT NULL
) ENGINE=InnoDB DEFAULT CHARSET=latin1;

--
-- Dumping data untuk tabel `api_user`
--

INSERT INTO `api_user` (`id`, `email`, `api_key`, `hit`) VALUES
(1, 'admin@icsbjateng.org', '123', 0);

-- --------------------------------------------------------

--
-- Struktur dari tabel `pendapatan_bonus`
--

CREATE TABLE `pendapatan_bonus` (
  `id` int(11) NOT NULL,
  `periode` date NOT NULL,
  `idagt` varchar(8) NOT NULL,
  `bon_referal` int(11) NOT NULL,
  `bon_royalti` int(11) NOT NULL,
  `is_widraw` int(1) NOT NULL
) ENGINE=MyISAM DEFAULT CHARSET=latin1;

--
-- Dumping data untuk tabel `pendapatan_bonus`
--

INSERT INTO `pendapatan_bonus` (`id`, `periode`, `idagt`, `bon_referal`, `bon_royalti`, `is_widraw`) VALUES
(1, '2021-04-28', '01.00001', 359000, 147778, 0),
(2, '2021-04-28', '01.00002', 447500, 0, 0),
(3, '2021-04-28', '01.00003', 1021500, 3325000, 0),
(4, '2021-04-28', '01.00004', 136500, 147778, 0),
(5, '2021-04-28', '01.00005', 33000, 0, 0),
(6, '2021-04-28', '01.00006', 60000, 147778, 0),
(7, '2021-04-28', '01.00007', 193500, 0, 0),
(8, '2021-04-28', '01.00009', 135000, 147778, 0),
(9, '2021-04-28', '01.00010', 97500, 147778, 0),
(10, '2021-04-28', '01.00011', 15000, 0, 0),
(11, '2021-04-28', '01.00013', 24000, 0, 0),
(12, '2021-04-28', '01.00016', 279000, 1995000, 0),
(13, '2021-04-28', '01.00025', 15000, 0, 0),
(14, '2021-04-28', '01.00026', 54000, 147778, 0),
(15, '2021-04-28', '01.00027', 30000, 0, 0),
(16, '2021-04-28', '01.00034', 15000, 0, 0),
(17, '2021-04-28', '01.00036', 15000, 0, 0),
(18, '2021-04-28', '01.00042', 15000, 0, 0),
(19, '2021-04-28', '01.00050', 15000, 0, 0),
(20, '2021-04-28', '01.00052', 15000, 0, 0),
(21, '2021-04-28', '01.00053', 30000, 0, 0),
(22, '2021-04-28', '01.00054', 19500, 0, 0),
(23, '2021-04-28', '01.00055', 15000, 0, 0),
(24, '2021-04-28', '01.00064', 129000, 147778, 0),
(25, '2021-04-28', '01.00067', 45000, 147778, 0),
(26, '2021-04-28', '01.00073', 54000, 147778, 0),
(27, '2021-04-28', '01.00075', 15000, 0, 0),
(28, '2021-04-28', '01.00084', 15000, 0, 0),
(29, '2021-04-28', '01.00089', 15000, 0, 0),
(30, '2021-04-28', '01.00093', 30000, 0, 0),
(31, '2021-04-28', '01.00104', 15000, 0, 0),
(32, '2021-04-28', '01.00108', 30000, 0, 0),
(33, '2021-04-28', '01.00117', 15000, 0, 0),
(34, '2021-04-28', '01.00119', 19500, 0, 0),
(35, '2021-04-28', '01.00121', 15000, 0, 0),
(36, '2021-04-28', '01.00132', 30000, 0, 0);

-- --------------------------------------------------------

--
-- Struktur dari tabel `tb_agt_koperasi`
--

CREATE TABLE `tb_agt_koperasi` (
  `idanggota` varchar(6) NOT NULL,
  `tglgabung` date NOT NULL,
  `noktp` varchar(20) NOT NULL,
  `nama_anggota` varchar(100) NOT NULL,
  `tempat_lahir` varchar(80) NOT NULL,
  `tgl_lahir` date NOT NULL,
  `alamat_ktp` text NOT NULL,
  `alamat_domisili` text NOT NULL,
  `no_tlp` varchar(20) NOT NULL,
  `no_hp` varchar(20) NOT NULL,
  `scan_ktp` text NOT NULL,
  `scan_npwp` text NOT NULL,
  `ibu_kandung` varchar(100) NOT NULL,
  `saudara_tdk_serumah` varchar(100) NOT NULL,
  `alamat_saudara` text NOT NULL,
  `notlp_saudara` varchar(20) NOT NULL,
  `nohp_saudara` varchar(20) NOT NULL,
  `nm_waris` varchar(100) NOT NULL,
  `tlp_waris` varchar(20) NOT NULL,
  `alamat_waris` text NOT NULL,
  `email` varchar(200) NOT NULL,
  `foto` text NOT NULL
) ENGINE=InnoDB DEFAULT CHARSET=latin1;

-- --------------------------------------------------------

--
-- Struktur dari tabel `tb_agt_paket`
--

CREATE TABLE `tb_agt_paket` (
  `id` int(11) NOT NULL,
  `nama_paket` varchar(100) NOT NULL,
  `payout_id` longtext NOT NULL,
  `is_active` int(1) NOT NULL
) ENGINE=MyISAM DEFAULT CHARSET=latin1;

--
-- Dumping data untuk tabel `tb_agt_paket`
--

INSERT INTO `tb_agt_paket` (`id`, `nama_paket`, `payout_id`, `is_active`) VALUES
(1, 'Premium', '[\"1\",\"2\",\"3\",\"4\",\"5\",\"6\",\"7\",\"8\",\"9\",\"10\"]', 1),
(2, 'Basic 179', '[\"1\",\"2\",\"3\",\"4\",\"5\",\"6\",\"7\",\"8\"]', 0),
(3, 'Basic 21', '[\"9\",\"10\"]', 0),
(4, 'Basic', '[\"1\",\"9\",\"10\"]', 1);

-- --------------------------------------------------------

--
-- Struktur dari tabel `tb_agt_ted`
--

CREATE TABLE `tb_agt_ted` (
  `idted` varchar(8) NOT NULL,
  `tgl_gabung` date NOT NULL,
  `nama_lengkap` varchar(150) NOT NULL,
  `noktp` varchar(128) NOT NULL,
  `nohp` varchar(20) NOT NULL,
  `alamat` text NOT NULL,
  `email` varchar(100) NOT NULL,
  `password` varchar(256) NOT NULL,
  `role_id` int(1) NOT NULL,
  `scan_ktp` text NOT NULL,
  `scan_npwp` text NOT NULL,
  `norek` varchar(50) NOT NULL,
  `bank` varchar(50) NOT NULL,
  `an` varchar(100) NOT NULL,
  `foto_profil` text NOT NULL,
  `jenis` int(11) NOT NULL,
  `aktif` int(1) NOT NULL,
  `nmwaris` varchar(250) NOT NULL,
  `ktpwaris` varchar(128) NOT NULL,
  `hubwaris` varchar(100) NOT NULL,
  `hpwaris` varchar(25) NOT NULL
) ENGINE=InnoDB DEFAULT CHARSET=latin1;

--
-- Dumping data untuk tabel `tb_agt_ted`
--

INSERT INTO `tb_agt_ted` (`idted`, `tgl_gabung`, `nama_lengkap`, `noktp`, `nohp`, `alamat`, `email`, `password`, `role_id`, `scan_ktp`, `scan_npwp`, `norek`, `bank`, `an`, `foto_profil`, `jenis`, `aktif`, `nmwaris`, `ktpwaris`, `hubwaris`, `hpwaris`) VALUES
('01.00001', '2019-10-28', 'Susiloningsih 1', '', '081327479067', 'koperasi mmas', 'info@tabungemas.com', '$2y$10$M/Y3u5gHRgK/uhdvqdra0.kTFWGG29FJBRrYXPDLcHT/WqJFsyUji', 3, 'noimage.jpg', 'noimage.jpg', '12312388857', 'BCA', 'koperasi mmas', '01_00001.png', 1, 1, '', '', '', ''),
('01.00002', '2019-11-05', 'Purnomo', '', '0812524426', '', 'ciptoted@tabungemas.com', '$2y$10$6DxFsdIch.NTEpDIeuQFMOqiV4GGqbMdYApfZlZ.0.0JCXhmN7Yfm', 3, 'noimage.jpg', 'noimage.jpg', '', '', '', 'noimage.jpg', 1, 1, '', '', '', ''),
('01.00003', '2019-11-05', 'Susiloningsih', '', '082136368828', 'Jl kanfer raya P-1', 'kopikukopika@gmail.com', '$2y$10$cAaU.F7VzfoYKTNJyNfG5OUEEAM1JhMKYVrlr6rQSHPXr4kMAP6T.', 3, 'ktp_01_00003.jpg', 'npwp_01_00003.jpg', '8030517131', 'BCA', 'susiloningsih', '01_00003.jpg', 1, 1, 'sumarni', '', 'ortu', '+62 822-4216-9246'),
('01.00004', '2019-11-05', 'Cipto Purnomo', '', '081225230626', 'Jl truntum VI no 11 Tlogosari kulon pedurungan semarang', 'ciptopurnomo@tabungemas.com', '$2y$10$y03ujYQgg.A3psWc7vBU2eeYgxgFVsxRnuGE/iEEHTfqLU3ywyxm2', 3, 'noimage.jpg', 'noimage.jpg', '0094680561', 'BCA', 'Cipto purnomo', 'noimage.jpg', 1, 1, 'rasendria fico purnomo', '', 'anak', '082228101815'),
('01.00005', '2019-11-05', 'Ariandaru Kusuma Yudha', '', '08112888470', '', 'kog434@gmail.com', '$2y$10$5.xTy9I9FNrQbL/pcquw7Ohch95yyBJ15smAAHkdQcrlr.KsrQLA6', 3, 'noimage.jpg', 'noimage.jpg', '', '', '', 'noimage.jpg', 1, 1, '', '', '', ''),
('01.00006', '2019-11-05', 'Muhammad Irfan Muammar', '', '082127055238', 'Jl pangeran panjunan rt1/rw1 desa Cisaat kecamatan Dukupuntang kabupaten Cirebon', 'irfanmuammar007@gmail.com', '$2y$10$h.mIK.JBj5B9RCyBAzN9C.XT0HMBCCrMWo4sKhe10akouejlcB9mm', 3, 'noimage.jpg', 'noimage.jpg', '', '', '', '01_00006.jpg', 1, 1, '', '', '', ''),
('01.00007', '2019-11-05', 'Dwi Sunu Raharjo', '', '085866139850', 'Jomblang legok rt 05 rw 02 semarang 50256', 'sunjoxang@gmail.com', '$2y$10$fDMYCWhx6nfX..7JUd3Yj.7owBuXo1dVHqpmjihQf2zCOppR9vB1W', 3, 'noimage.jpg', 'noimage.jpg', '111001002375536', 'Bank Rakyat Indonesia BRI', 'Dwi sunu raharjo', '01_00007.jpg', 1, 1, '', '', '', ''),
('01.00008', '2019-11-05', 'Eko Nur Prasetyo, Spt. Msi', '', '085727611329', 'Tegalsari barat 3 rt 01 rw 11 no 11', 'ekonurprasetyo1984@gmail.com', '$2y$10$hV6X2hJZTS/b/K1sINy92eB118PMkCh5NhjtQ9OrsI7PF0mevWZrO', 3, 'noimage.jpg', 'noimage.jpg', '303201021584536', 'BRI', 'Eko nur prasetyo', 'noimage.jpg', 1, 1, 'nafila adelina putri prasetyo', '', 'anak', '087834777465'),
('01.00009', '2019-11-05', 'Yayan Supardi', '', '081325123353', 'Slukatan RT 07/ RW 02', 'yayansupardi46@gmail.com', '$2y$10$YcHqODIqfKEPAR5ft.rjBuxhkouFu0FdJug.eTTObm/sNsm.ZarYa', 3, 'noimage.jpg', 'noimage.jpg', '8030322925', 'BCA', '', '01_00009.jpg', 1, 1, '', '', '', ''),
('01.00010', '2019-11-05', 'Sudarto', '', '085747410593', 'jl kradenan lama no 7 RT 08 RW 05 Kelurahan Sukorejo Kecamatan Gunungpati Semarang', 'sudartosw@gmail.com', '$2y$10$CH2eYl2j98pxhBSCAXTff.oldpRTes0wzvJNLd9cBCSnPIzn130oC', 3, 'noimage.jpg', 'noimage.jpg', '2465191960', 'BCA', '', 'noimage.jpg', 1, 1, '', '', '', ''),
('01.00011', '2019-11-05', 'Ummy Mubarokah', '', '081325469975', 'Jalan Pemotongan no.1245 Salatiga ', 'ummyrobaei@yahoo.com', '$2y$10$5hgNcGga7G3islwWJF5q4O0023mukbssefEwuTQjOOZBdqYbYBgEO', 3, 'noimage.jpg', 'noimage.jpg', '0130639798', 'BCA ', 'Ummy Mubarokah', '01_00011.jpg', 1, 1, 'haydar salam jaffar robaei', '', 'anak', '0821-9948-7341'),
('01.00012', '2019-11-06', 'Thoriq Diaz Pahlevi Daeng Matarane', '', '085799448908', '', 'thoriqdiaz07@gmail.com', '$2y$10$d0WYOlqAc07qfrj2bmzB.eJM6BDMWRsy4TUO9p.AK2270/s9jiC3q', 3, 'noimage.jpg', 'noimage.jpg', '', '', '', 'noimage.jpg', 1, 1, '', '', '', ''),
('01.00013', '2019-11-10', 'Fatmasari', '', '081325374500', '', 'fsari.chani@gmail.com', '$2y$10$5tBHjmYZPeJr3SyyKv25suxD1UaEIEA5mnwkOGdQmH16sUAJU4XD6', 3, 'noimage.jpg', 'noimage.jpg', '', '', '', 'noimage.jpg', 1, 1, '', '', '', ''),
('01.00014', '2019-11-11', 'Arief Nurcahyo', '', '081355236115', '', 'riefrief1135@gmail.com', '$2y$10$P2I0JSbQwVmP1LaZxWWX2u9SiG8nxWUQvhVmMIMqdHyoNrVm9BrE.', 3, 'noimage.jpg', 'noimage.jpg', '', '', '', 'noimage.jpg', 1, 1, '', '', '', ''),
('01.00015', '2019-11-11', 'Juniar Arif Wicaksono', '', '081390559997', 'Dusun Gentan Lor Rt. 04 Rw. 03, Kec. Boja, Kab. Kendal', 'arifsavutage@gmail.com', '$2y$10$ca0pp55yIoQa7ktPaU20nOlApQit2dmHalQkGlaL1bX/ZYB6k/bZO', 3, 'noimage.jpg', 'noimage.jpg', '333 222 111 22', 'Bank Toyib', 'Juniar Arif Wicaksono', '01_00015.jpg', 1, 1, 'dian ayu afriyanti', '', 'istri', '08512345678'),
('01.00016', '2019-11-13', 'Sri Rahayu Puji Astuti', '', '082134707576', '', 'hildasabrinadyra@gmail.com', '$2y$10$jHNtzJehQgYiuF9Khk6mxOVIlbjADZADRZDuunbeaL/v6nPshbsWi', 3, 'noimage.jpg', 'noimage.jpg', '', '', '', 'noimage.jpg', 1, 1, '', '', '', ''),
('01.00017', '2019-11-14', 'Ajik Prasetyo', '', '0895605369334', 'Jl. Gaharu barat dalam VI / 378 RT 03 RW 09 srondol wetan banyumanik, semarang', 'ajikprasetyoo@gmail.com', '$2y$10$6D0TsoKe38PQydP05HOl6eXaS/qYgkzDET2dIHpHu2sWBULV/.XhS', 3, 'noimage.jpg', 'noimage.jpg', '2521100861', 'BCA', '', 'noimage.jpg', 1, 1, '', '', '', ''),
('01.00018', '2019-11-16', 'Natalia Desi K', '', '-', '', 'dshe_ajalah@yahoo.com', '$2y$10$7E4eqxQETb3INgIP4B1D/.ZjajEOTSFiqNArV3Cm7Lj1zpNFSe2Ne', 3, 'noimage.jpg', 'noimage.jpg', '', '', '', 'noimage.jpg', 3, 1, '', '', '', ''),
('01.00019', '2019-11-19', 'Nur Shabrina', '', '0895393034668', '', 'azukarose21@gmail.com', '$2y$10$7xOoeN1m0PtWbWuAFBaMd.fRtxGPXfdyClbeEZHVejALRl/gDOfmW', 3, 'noimage.jpg', 'noimage.jpg', '', '', '', 'noimage.jpg', 2, 1, '', '', '', ''),
('01.00020', '2019-11-19', 'Zhazha Zahira Ginastuti', '', '081806048948', '', 'zhazhazahira@gmail.com', '$2y$10$QNwO9JRpU6gLY/i1GIOpwOQ7ieh1m0ZBex9U6gKtV4DPwyqlz641q', 3, 'noimage.jpg', 'noimage.jpg', '', '', '', 'noimage.jpg', 2, 1, '', '', '', ''),
('01.00021', '2019-11-19', 'Yusuf Muhammad', '', '085520757945', '', 'yeefem.25@gmail.com', '$2y$10$lmmQKppdVeV9r6WW.61Nk.bqkKBSlDzM6NWOifrwUjSzE18xGI4Wi', 3, 'noimage.jpg', 'noimage.jpg', '', '', '', 'noimage.jpg', 2, 1, '', '', '', ''),
('01.00022', '2019-11-19', 'Andika Latif Kurniawan', '', '0895367355591', '', 'dika.latif.99@gmail.com', '$2y$10$LlHD8MLh6kbF2N52Y.3oluPe4qrz92/bDpYSyDbMWSvA03O//MI.6', 3, 'noimage.jpg', 'noimage.jpg', '', '', '', 'noimage.jpg', 2, 1, '', '', '', ''),
('01.00023', '2019-12-05', 'Lia Afiani', '', '081327405100', '', 'bisnisjaring@gmail.com', '$2y$10$LYAFdD4fUxEBuoT4hwi4Uu56NXTrsv9BIlo1xymajKts7ySXANUja', 3, 'noimage.jpg', 'noimage.jpg', '', '', '', 'noimage.jpg', 1, 1, '', '', '', ''),
('01.00024', '2019-12-05', 'Muhammad Arif Efendi', '', '081392761799', '', 'muhammadarifefendi6@gmail.com', '$2y$10$TTCkCFTC0788O/6y3aMXX.QA2yBAJn0yMOW1263kmGJ8F8Gsv10za', 3, 'noimage.jpg', 'noimage.jpg', '', '', '', '01_00024.jpg', 1, 1, '', '', '', ''),
('01.00025', '2019-12-05', 'Amelia Nadia Rahma', '', '082230854065', 'Kradenan Lama Rt 8 Rw 5, Sukorejo, Gunungpati, Semarang', 'amelianadiar@gmail.com', '$2y$10$K7iM9pRUnseeTLGOdBVXleU.j5m82ulkJhOC2r97iuGbBVlyCexJC', 3, 'noimage.jpg', 'noimage.jpg', '3021211841', 'Bank Jateng', 'Amelia Nadia Rahma', 'noimage.jpg', 1, 1, 'tri nurdyastuti', '', 'ortu', '082230854065'),
('01.00026', '2019-12-06', 'Hilda Sabrina Dyra Permata Hatti Mama', '', '0895396248408', '', 'hildasabrinadyra@gmail.com', '$2y$10$K9PXNd9Qdt5J.QrD4guKWua5v1DDwuLhmAD/5BE9iDSIBdlhiuB/u', 3, 'noimage.jpg', 'noimage.jpg', '', '', '', 'noimage.jpg', 1, 1, '', '', '', ''),
('01.00027', '2019-12-08', 'Sri Susanti', '', '085101995521', 'Jl. Arumanis Barat No. 17 Semarang', 'srisusantihasta@gmail.com', '$2y$10$zebC05vZXCM2AmlvrGZGU.0Wd1Yrc7itUE.jaNCELy1kuxFOG4Yey', 3, 'noimage.jpg', 'noimage.jpg', '1360016448059', 'Mandiri', 'ANDRE WIRADIKUSUMA', 'noimage.jpg', 1, 1, 'andre', 'xxxxxxxxxxxxxxxxxx', 'anak', 'xxxxxxxxxxxxxxxxx'),
('01.00028', '2019-12-08', 'Ari Wuryantini', '', '081326627170', 'demaan  rt  01  rw  07   jepara', 'kosbuwarto@gmail.com', '$2y$10$eiXP4WyPr7zNgMrng1ND.e2yLap/ZWg8ZuCb/n5a1B9SgksmOcqai', 3, 'noimage.jpg', 'noimage.jpg', ' 3405  -   01-    016327 -  53 -  8', 'BRI', 'Ari  wuryantini  ', 'noimage.jpg', 1, 1, 'xxxxxxxxxxx', 'xxxxxxxxxxxxxxxxxx', 'anak', 'xxxxxxxxxxxxxxxxx'),
('01.00029', '2019-12-09', 'Kukuh Saryanto', '', '089658970103', '', 'kukuhsaryanto2105@gmail.com', '$2y$10$hfbtMoz/6Q9sbvOV8SxF9u95Q7083xnE42Jzigb8jy547uckpNpbO', 3, 'noimage.jpg', 'noimage.jpg', '', '', '', 'noimage.jpg', 1, 1, '', '', '', ''),
('01.00030', '2019-12-16', 'Susila Widodo B.Sc', '', '081220007663', '', 'denbagussusilo4@gmail.com', '$2y$10$Slc.vh8k.fYb9cWlH6ctIOPriQNBXPmRd/z44KQ43.cwLZ.BHJMhK', 3, 'noimage.jpg', 'noimage.jpg', '', '', '', 'noimage.jpg', 1, 1, '', '', '', ''),
('01.00031', '2019-12-19', 'Arwani', '', '082244083915', 'Jl. Mangga dalam no. 16C, RT/RW 06/02, Srondol Wetan, Banyumanik, Semarang ', 'arwani0709@gmail.com', '$2y$10$ZQvQLQ5kaCvJe1XinQoNuetEhVh83by9k0UpJxRB.eGUfw9DdnO2a', 3, 'noimage.jpg', 'noimage.jpg', '0095345617', 'BCA', '', 'noimage.jpg', 1, 1, '', '', '', ''),
('01.00032', '2019-12-24', 'Wisnu Tri Hanggoro', '', '081391158191', 'Jl. Sinoman Tempel III/225b?\r\nSidorejo Lor, Salatiga', 'wisnuhanggoro@gmail.com', '$2y$10$taA/uayHM3vTPKIzlGt8ievJ6hJ.qiHRIjPerFtUawG3wRoitb8NC', 3, 'noimage.jpg', 'noimage.jpg', '0553033162', 'BNI 1946', '', '01_00032.png', 1, 1, '', '', '', ''),
('01.00033', '2019-12-25', 'Muhammad Ichsan Wijayanto', '', '089680381557', 'Jl. P. Diponegoro Gang Keling 1 no. 9 kalongan purwodadi grobogan', 'mi.wijayanto@gmail.com', '$2y$10$JbTeIVhGe0Zd.SN6Wx8/YuInYG.zRD/e8vwJrxbOQudU/tMImZuEq', 3, 'noimage.jpg', 'noimage.jpg', '', '', '', 'noimage.jpg', 1, 1, '', '', '', ''),
('01.00034', '2020-01-06', 'Titut Purwati', '', '081804005003', '', 'tutwati@gmail.com', '$2y$10$hqNeY.2fIc1qQ7UOcBpknut8BBmlxRiK.qnldwllJSjiPrjIFYCJy', 3, 'noimage.jpg', 'noimage.jpg', '', '', '', 'noimage.jpg', 1, 1, '', '', '', ''),
('01.00035', '2020-01-08', 'Gerosima Fridolin Rizky Widya Santosa', '', '082143115638', '', 'gerosimafrws@gmail.com', '$2y$10$r/.bGiaHCuhgcCDx5DRyq.wG.p4s74rC4k5J/Yb.XzEuyFGaVYwDW', 3, 'noimage.jpg', 'noimage.jpg', '', '', '', 'noimage.jpg', 1, 1, '', '', '', ''),
('01.00036', '2020-01-08', 'Dewi Resiawati', '', '085643139444', '', 'dewiresyawati111@gmail.com', '$2y$10$lYIyNKZMsX5SUENWCFOZJ.QlL5df8EQCgKdn89pVE71w0Qxz.Zbn.', 3, 'noimage.jpg', 'noimage.jpg', '', '', '', 'noimage.jpg', 1, 1, '', '', '', ''),
('01.00037', '2020-01-08', 'LIE TJOEN LIANG', '', '085865063278', '', 'tjoenliang63@gmail.com', '$2y$10$LndNeD9kkB.EvINAKN/0.ecHrm3gdAe7oUPfeIolkx.upXbLImlOO', 3, 'noimage.jpg', 'noimage.jpg', '', '', '', 'noimage.jpg', 1, 1, '', '', '', ''),
('01.00038', '2020-01-08', 'Tuti Wisniati', '', '085641601190', '', 'tutiwisniati2@gmail.com', '$2y$10$pHsidjf9jORCnwUjcJKtHOmGT067rT5lrr/EfU.jOoUkCCUbawwxy', 3, 'noimage.jpg', 'noimage.jpg', '', '', '', 'noimage.jpg', 1, 1, '', '', '', ''),
('01.00039', '2020-01-16', 'Maemonah', '', '085740786446', '', 'maemonah60@gmail.com', '$2y$10$kaNBxsnPmi2xfC67G.acN.KiYo5lvLaanUweXPy6uz.lDACAL08rG', 3, 'noimage.jpg', 'noimage.jpg', '', '', '', 'noimage.jpg', 1, 1, '', '', '', ''),
('01.00040', '2020-01-27', 'I Made Danu Indrayasa', '', '08176944587', '', 'indrayasamade@gmail.com', '$2y$10$rXmou.5EZBOY4Y33JKJXnOFwv6zHm0jl.Y29odUngYfs2q9s.L.Lq', 3, 'noimage.jpg', 'noimage.jpg', '', '', '', 'noimage.jpg', 3, 1, '', '', '', ''),
('01.00041', '2020-02-08', 'Titik Ikha Purbiyanti', '', '081229929291', '', 'bundatikarosa@gmail.com', '$2y$10$ZlGWI5dRfOQXQvSc.a2.keqHVsyW3mwIb8w7GNYr/yKA.gSQ2p0u2', 3, 'noimage.jpg', 'noimage.jpg', '', '', '', 'noimage.jpg', 3, 1, '', '', '', ''),
('01.00042', '2020-02-09', 'MARGIYANTI', '', '085740601703', '', 'margi.7317ty@gmail.com', '$2y$10$SEqco6zQZDaMKYXKPtjjCOk.ZA1MPvpK.RZDkEHxdPSJkkeDxTMqK', 3, 'noimage.jpg', 'noimage.jpg', '', '', '', '01_00042.jpeg', 1, 1, '', '', '', ''),
('01.00043', '2020-02-20', 'Eka Nurdiana', '', '082345608486', '', 'ekanurdiana8096@yahoo.co.id', '$2y$10$35HXoE.nwwyFg.93xRd1e.F74mtnjNSWp6fHwYoLWRIKzM3uFPl5i', 3, 'noimage.jpg', 'noimage.jpg', '', '', '', 'noimage.jpg', 3, 1, '', '', '', ''),
('01.00044', '2020-02-21', 'Irfan Maulana Suparjo', '', '085345959888', 'Jl.Simpang Bhayangkara II Gg. Manggis V, RT.024 Kel.Madurejo, Kec. Arut Selatan Kab.Kotawaringin Barat-Kalteng', 'irfanmaulana99@yahoo.co.id', '$2y$10$E6JpzSKeHtXc4NrfKhsapOWq0hmXJ.2nGrxbvlgZnE5focRRFDwdK', 3, 'ktp_01_00044.jpg', 'noimage.jpg', '8585102390', 'BCA', 'Irfan Maulana Suparjo', 'noimage.jpg', 3, 1, '', '', '', ''),
('01.00045', '2020-02-25', 'Dwianto Wiryawan Herwindo', '', '085866671900', '', 'dwiyantowiryawan@gmail.com', '$2y$10$eyRCS9eAtw/.ILJ0DuMd5.mu/nskTySJYuFND.Pqdzst0o1v9D/g.', 3, 'noimage.jpg', 'noimage.jpg', '', '', '', 'noimage.jpg', 3, 1, '', '', '', ''),
('01.00046', '2020-02-26', 'Eka S Saptini', '', '089601032203', '', 'ekasapini180971@gmail.com', '$2y$10$6ZfcevMg.huaWsAYISU/Puv4o4pqh6RQfs4COr6Tz1SZvhpTaT.Xq', 3, 'noimage.jpg', 'noimage.jpg', '', '', '', 'noimage.jpg', 3, 1, '', '', '', ''),
('01.00047', '2020-02-26', 'Eka S Saptini', '', '089601032203', '', 'ekasaptini180971@gmail.com', '$2y$10$g9HYqvn8xlAAgQMGR/DDh.mzda/It0GSaEMA2CDHGT/Qz71gDqFw.', 3, 'noimage.jpg', 'noimage.jpg', '', '', '', 'noimage.jpg', 1, 1, '', '', '', ''),
('01.00048', '2020-03-02', 'Mansyur Salim ', '', '082324210910', '', 'msyaifullohfatah@gmail.com', '$2y$10$5gftD2usWEOSdaTc2X.1muKwhxF6ibbcit9DKwYNCvBF4dcfRBApG', 3, 'noimage.jpg', 'noimage.jpg', '', '', '', 'noimage.jpg', 3, 1, '', '', '', ''),
('01.00049', '2020-03-02', 'Maria Magdalena Sutari', '', '087734645495', '', 'cutt762@gmail.com', '$2y$10$0Cc5vwBYiBQoBCSZQPL50.4BXyqaoxmMTu1xD8HvGvAWy.zNNgZBS', 3, 'noimage.jpg', 'noimage.jpg', '', '', '', 'noimage.jpg', 3, 1, '', '', '', ''),
('01.00050', '2020-03-21', 'Ivonne Kartika Aju', '', '081228156119', '', 'indigo_221@yahoo.com', '$2y$10$OS3uaB92IEardGclnlvPkepb6ov6beXOXP6Wi2Ufn8YZB4c.FOS/S', 3, 'noimage.jpg', 'noimage.jpg', '', '', '', 'noimage.jpg', 1, 1, '', '', '', ''),
('01.00051', '2020-03-25', 'Tri Nurdyastuti/Alumni', '', '082299413996', '', 'nurdyastutitri@gmail.com', '$2y$10$fJWhvaMbznsuizA/L7ZV3uk300GPRprXXJdFEafD8REdgAojDt4vS', 3, 'noimage.jpg', 'noimage.jpg', '2465191960', 'BCA', 'Sudarto', 'noimage.jpg', 1, 1, 'amelia nadia', 'xxxxxxxxxxxxxxxxxx', 'anak', 'xxxxxxxxxxxxxxxxx'),
('01.00052', '2020-04-10', 'Dwi Ratnawati', '', '081575886727', 'jl jangli raya 45A', 'ratnasujadi@gmail.com', '$2y$10$u4PY5mSmLXfIPYTWBJyRbeUsIEuuAyRM8OqNo19rBR1FaKyBP7jEm', 3, 'noimage.jpg', 'noimage.jpg', '2380885592', 'BCA', 'Dwi ratnawati', 'noimage.jpg', 3, 1, 'dewi ratih', '', 'anak', '08112900694'),
('01.00053', '2020-05-01', 'Sugiharti', '', '0811251610', 'jatisawit rt/rw 019/044 balecatur gamping kab sleman', 'sugih_arti1@yahoo.com', '$2y$10$K9czd8brpcBt970H/79Q3u/kLakLxkOvkMEvKjkf/q7duxshM5Vq2', 3, 'noimage.jpg', 'noimage.jpg', '1370004061814', 'Mandiri', 'sugiharti', 'noimage.jpg', 1, 1, 'purnama andri murdapa', '', 'suami', '0858 68445214'),
('01.00054', '2020-05-31', 'Muhammad Badruz Zaman', '', '085713893698', 'Jl.kyai Mojo gg buntu Srondol kulon Banyumanik Semarang', 'muhammadbadruz19@gmail.com', '$2y$10$A249YCZQMw4BUxOqkWa2J.PCG2TxlReym70mgcjboN7d6st7OjsYO', 3, 'noimage.jpg', 'noimage.jpg', '7830017954', 'BCA', 'Muhammad Badruz zaman', '01_00054.jpg', 1, 1, '', '', '', ''),
('01.00055', '2020-06-02', 'Moh. Nahrudin', '', '085701036714', 'Jl. Kemuning Gg seruni 2 no:4 kejambon tegal', 'mohnahrudin@gmail.com', '$2y$10$0IIr8P14zNoYHIcrZdtepuqN8FlBkJRMAQYLKP0uAuj/JbOYYUKKC', 3, 'noimage.jpg', 'noimage.jpg', '060901011057503', 'BRI', 'Mohamad Nahrudin', 'noimage.jpg', 1, 1, '', '', '', ''),
('01.00056', '2020-06-02', 'Achmad Heidar Maulana', '', '085647425251', '', 'achmdheidar14@gmail.com', '$2y$10$1zu7oO50R0RTUrb9g.i3U.fDl1tJFm//0bcBNTrjZPApk8X6VGzZu', 3, 'noimage.jpg', 'noimage.jpg', '', '', '', 'noimage.jpg', 3, 1, '', '', '', ''),
('01.00057', '2020-06-02', 'Raffendra Gilang Dicahya', '', '082143165184', '', 'raffendragilangdicahya@gmail.com', '$2y$10$tmcB.ceT5M4Edf8YJVQYSem3FoJBzNWr3iY/ot//3EsXPf3FD18J6', 3, 'noimage.jpg', 'noimage.jpg', '', '', '', 'noimage.jpg', 3, 1, '', '', '', ''),
('01.00058', '2020-06-08', 'Junaidi', '', '0895360905875', 'Jl. Menoreh Tengah X No. 6 Sampangan Gajahmungkur Kota Semarang', 'junelqudsy@gmail.com', '$2y$10$zIGFEh1iFU.kahX0zD/SKO2r9/augmxnLP3Zw1gZ..sX1gtwI9dDK', 3, 'noimage.jpg', 'noimage.jpg', '8035099243', 'BCA', 'Junaidi', 'noimage.jpg', 1, 1, '', '', '', ''),
('01.00059', '2020-06-08', 'Saiful Rizal', '', '082323011056', '', 'rizalfkubsemarang@gmail.com', '$2y$10$0JCV6vtjZcGzdkcyoydGpO.iN9d5E4KkcaT/hxiLsyB33HivtZB7G', 3, 'noimage.jpg', 'noimage.jpg', '', '', '', 'noimage.jpg', 1, 1, '', '', '', ''),
('01.00060', '2020-06-09', 'Haryono', '', '085876100940', 'Dsn Tumbu Purwodadi KEC Tegalrejo Kab Magelang', 'ahmadkahar.mgl@gmail.com', '$2y$10$A6r7xlRjQhvhWQyxZuV8Vuum34LTTY5Ly8q86INQZl9HnkC4sMxxS', 3, 'noimage.jpg', 'noimage.jpg', '100601002755535', 'BRI', 'HARYONO', '01_00060.jpg', 1, 1, '', '', '', ''),
('01.00061', '2020-06-16', 'Ekosetyocahyono', '', '081937676933', '', 'ekosetyo244@gmail.com', '$2y$10$Q0.Y4xwLf7yaXmdmTOZbQOSbFzg808C/3wUAQYsi6KI6hwTXHVHF6', 3, 'noimage.jpg', 'noimage.jpg', '', '', '', 'noimage.jpg', 1, 1, '', '', '', ''),
('01.00062', '2020-06-20', 'Prawira Rajendra Arva Habib Kusuma', '', '085101292189', '', 'arvakusumatabunganemas@gmail.com', '$2y$10$0hORzQL2gkZpk8cqidhk1eSi6rV2wjk68JXn6VlL89JYlqakxSMKa', 3, 'noimage.jpg', 'noimage.jpg', '1360016448059', 'Mandiri', 'ANDRE WIRADIKUSUMA', 'noimage.jpg', 1, 1, 'andre', 'xxxxxxxxxxxxxxxxxx', 'ortu', 'xxxxxxxxxxxxxxxxx'),
('01.00063', '2020-06-24', 'Agus Prasetyo', '', '085950726801', '', 'dspsmg1@gmail.com', '$2y$10$sKqpPS0lULSe0/CvS.Ayp.PW0QTDhORPwcsU8eGd/3qZZ77Hq9/Yq', 3, 'noimage.jpg', 'noimage.jpg', '', '', '', 'noimage.jpg', 1, 1, '', '', '', ''),
('01.00064', '2020-06-25', 'SRI WAHYUNI', '', '08156516580', 'KARANGSARI III rt 5 RW 3 Semarang', 'maysafif.02@gmail.com', '$2y$10$/zi2IJQ5O9ASGLppJ0i4YOZISXAt6D31UWBMTL3ApL9T.IW80J3jK', 3, 'noimage.jpg', 'noimage.jpg', '7830304961', 'BCA', 'Sri Wahyuni', '01_00064.jpg', 1, 1, 'afif', '', 'anak', '08156516580'),
('01.00065', '2020-06-29', 'ANDRE WIRADIKUSUMA, ST', '', '081325453388', '', 'andrewiradikusuma727@gmail.com', '$2y$10$3PTkOL5mQrkAxLsGv7CQp.9GpyYRQdxGNB0fDhSMNChUaxFH9n72m', 3, 'noimage.jpg', 'noimage.jpg', '1360016448059', 'Mandiri', 'ANDRE WIRADIKUSUMA', 'noimage.jpg', 1, 1, 'nuranita dessy wardhani', 'xxxxxxxxxxxxxxxxxx', 'istri', 'xxxxxxxxxxxxxxxxx'),
('01.00066', '2020-07-13', 'ADITYA CIPTA PRADANA', '', '085726841990', 'Jl Wonodri Krajan No 38 Semarang RT4/1 ', 'aditya_cipta99@yahoo.co.id', '$2y$10$Zv7AJfAG5b05.Xj1LyR3qekMUxEIbGS2Udg9ZLrwh41MNRy7u/7pe', 3, 'noimage.jpg', 'noimage.jpg', '0091324902', 'BCA', 'Aditya Cipta P', 'noimage.jpg', 1, 1, 'eleonore kenes parveen', '', 'anak', '08112512309'),
('01.00067', '2020-07-19', 'Cholimah', '', '085643072448', 'Tegaljoho rt 03 rw 03 .desa bulu. Kec. Bulu. Temangung', 'Chalimah19700@gmail.com', '$2y$10$4sKsKIfimmRKdJANcufgYeV0hjCcLgwkYaLGM05HSEdZuNPK9grei', 3, 'noimage.jpg', 'noimage.jpg', '185-00-000-71-206', 'Mandiri', 'Cholimah', 'noimage.jpg', 1, 1, 'titah latiefiyani', '', 'anak', '+6281227619390'),
('01.00068', '2020-07-25', 'Heri Kuswiyono', '', '081329255707', '', 'herikuswiyono99@gmail.com', '$2y$10$xs1lCOhNQJdhCawhaEqyTeGAksHKE30b3P7LkTuQTRQ4ihaVlkowm', 3, 'noimage.jpg', 'noimage.jpg', '', '', '', 'noimage.jpg', 1, 1, '', '', '', ''),
('01.00069', '2020-07-27', 'YF. Arnies Natalia', '', '081229234924', '', 'frans_natalie@yahoo.com', '$2y$10$bZq2Hx/53JIqzBgTGtr4YuHY8Z61nKNRE2rdEy2rZz591CaxfMoEa', 3, 'noimage.jpg', 'noimage.jpg', '', '', '', 'noimage.jpg', 3, 1, '', '', '', ''),
('01.00070', '2020-07-29', 'Dini Andriani', '', '085226252490', '', 'Dandriani54@gmail.com', '$2y$10$pfdVxrT0jSdiEpUPRLfHQO1MiQ6ViWN.qpty.qZVlqLrc1WJLthYy', 3, 'noimage.jpg', 'noimage.jpg', '', '', '', 'noimage.jpg', 1, 1, '', '', '', ''),
('01.00071', '2020-08-03', 'Adyatma Gusti Pandya', '3374120702000002', '081575012844', 'Kradenan lama no 7', 'adyatmagp@gmail.com', '$2y$10$PM14rZ1Gdic0r4iEdSTBFebP9mVzkZL/MaQMLJJ5hx6YZXCS3SAji', 3, 'noimage.jpg', 'noimage.jpg', '0728242081', 'BNI', 'Adyatma Gusti Pandya', 'noimage.jpg', 1, 1, 'tri nurdyastuti', '', 'ortu', '081575012844'),
('01.00072', '2020-08-04', 'Ida Susana', '3373044410640001', '081325922899', 'Jl Suropati no 528 togaten RT 04 RW 05', 'susanaida1964@gmail.com', '$2y$10$lihSTLdUJNokeqWeo3HpKehD8a3BEYDX08Z80cFKDwroQJUB2qHg.', 3, 'noimage.jpg', 'noimage.jpg', '0747460049', 'BNI', 'Ida susana', 'noimage.jpg', 1, 1, 'haris indrapratama', '', 'anak', '08112900488'),
('01.00073', '2020-08-05', 'Fajar Marantika Wahyuningtyas', '33740654078850003', '081229533263', 'Singojayan RT 01/RW 01, Tingkir Tengah, Tingkir, Salatiga', 'marantika8185@gmail.com', '$2y$10$Udqh8PmHzGBvlAhIcOyMH.LPG33CquoTK5O6M1Exi37Jk8xXGzxCC', 3, 'noimage.jpg', 'noimage.jpg', '0131293975', 'BCA', 'Fajar Marantika Wahyuningtyas', '01_00073.jpg', 3, 1, 'nimas ayu regina larasati', '111111111111', 'anak', '+62 812-2948-3238'),
('01.00074', '2020-08-05', 'Sudjarwoko', '3374061212590007', '085702891905', 'Kawung 2 no. 49, Tlogosari, Pedurungan, Semarang', 'masraja8185@gmail.com', '$2y$10$0W67PYZzxWqoSPY1U31VU.7OxAMhIbnfmZdOHzs7y7Ec5gdy5NuJO', 3, 'noimage.jpg', 'noimage.jpg', '3057002947', 'Bank Jateng', 'Sudjarwoko', 'noimage.jpg', 3, 1, 'andin widyatmoko', 'xxxxxxxxxxxxxxxxxx', 'anak', '085866939988'),
('01.00075', '2020-08-08', 'SALEkTAH', '3374085206780002', '088221149278', 'Jl tandang selatan no 26\r\nRT 3 RW 10\r\nKelurahan Jomblang\r\nKecamatan candisari\r\nSemarang\r\n', 'quelsalekta2014@gmail.com', '$2y$10$qvJP.WuMRReh6.C6zf2pWu2j.NF8UtrbHm7HL9o1Pmq.62IQMW526', 3, 'noimage.jpg', 'noimage.jpg', '111001004381533', 'BRI', 'SALEkTAH', 'noimage.jpg', 3, 1, 'aisyah angelika ', '', 'anak', '+62 895-4151-12715'),
('01.00076', '2020-08-12', 'Intarti', '3374114204770007', '081229094484', 'Karangrejo V gang 5C no 8', 'wrkopitumbas@gmail.com', '$2y$10$tM4XmTCQX4Cqyuz6QDitZOipbMIno7GGJ58BjgmSzUsLu8PniGXJe', 3, 'noimage.jpg', 'noimage.jpg', '8030432232', 'BCA', 'Intarti', 'noimage.jpg', 3, 1, 'putri', '', 'anak', '0895422571079'),
('01.00077', '2020-08-17', 'EMHA SAIFUL MUJAB', '3306163011770005', '085228827622', '', 'emha5758oke@gmail.com', '$2y$10$BZLFXs38v/S1kudynveUiOdNuRe0K8cdVzSXwZcHbC0iGQRxzbSDy', 3, 'noimage.jpg', 'noimage.jpg', '', '', '', 'noimage.jpg', 1, 1, '', '', '', ''),
('01.00078', '2020-08-18', 'Aulia Nur', '3374105611860003', '085294778830', '', 'aulia.ainaz@gmail.com', '$2y$10$p6rpQLyKRIoaIkG8G6DvCuzdG6GntnKdneHFeQzBjmbAm3z73.gyy', 3, 'noimage.jpg', 'noimage.jpg', '', '', '', 'noimage.jpg', 3, 1, '', '', '', ''),
('01.00079', '2020-08-20', 'Dewi Febri Rusdiantika', '3573014202900003', '081215708300', '', 'rusdiantika90@gmail.com', '$2y$10$amkjBxukGjXUg/0eHs5VZ.MWXkkF.0HGFlZYywa0d9m9/c7NW57uS', 3, 'noimage.jpg', 'noimage.jpg', '', '', '', 'noimage.jpg', 3, 1, '', '', '', ''),
('01.00080', '2020-08-20', 'EMI WARDATI, S.E.', '3471085205620001', '082231847089', 'suryodiningratan mj2/773 rt 39 rw 11 suryodiningratan mantrijeron yogjakarta', 'emi.wardati@gmail.com', '$2y$10$NlK1NvrznXe1.byCl80TRO/V.ex4kZffzt4P.NCSBzZNBKEjRx6Ta', 3, 'noimage.jpg', 'noimage.jpg', '0124458187', 'BNI', 'Emi W qq Muh Farras Alfitra ', 'noimage.jpg', 1, 1, 'muhammad farras alfitra ', '111111111', 'anak', '081393726795'),
('01.00081', '2020-08-22', 'SUPRIYONO', '3371011803580003', '085868086488', 'perum tuk songo blok c-5/78 cacaban magelang tengah', 'yono78204@gmail.com', '$2y$10$7YBy8s.RCAbvIgFxXuC2buxRMbsS87vu68vDBTlotOXSXbhIicSE.', 3, 'noimage.jpg', 'noimage.jpg', '308001022315539', 'BRI', 'supriyono', 'noimage.jpg', 1, 1, 'widya adri utami', 'xxxxxxxxxxxx', 'anak', '085642060604'),
('01.00082', '2020-08-22', 'Suprihati', '3373016507840002', '085866709264', 'Jl,raya blotongan rt3 rw4 salatiga ', 'cakrawati99@gmail.com', '$2y$10$Ag97e4r42dVYxUjWIs3UkeCB4A.3knUzel5k3ObDNXWU83id8iNh6', 3, 'noimage.jpg', 'noimage.jpg', '603901015159538', 'BRI', 'Suprihati', 'noimage.jpg', 1, 1, 'nur santi cakrawati', '', 'anak', '085727420459'),
('01.00083', '2020-08-25', 'IiN Faridayah', '3374016202830003', '082133232909', '', 'dewi99679@gmail.com', '$2y$10$CHF9U5JVLC.okpPdP3RAv.3qmVb0VVy7UjLqpQHFZURm2kPVrqgmi', 3, 'noimage.jpg', 'noimage.jpg', '', '', '', 'noimage.jpg', 1, 1, '', '', '', ''),
('01.00084', '2020-08-25', 'Erni Dwi Tofiyati', '3322065207810002', '087809969009', '', 'ernidwitofiyantie@gmail.com', '$2y$10$XHqT.SaSrjXm4NlS9Kb/..oQGqgJz/De9aZ3z2qVqtC9946FhyP5C', 3, 'noimage.jpg', 'noimage.jpg', '', '', '', 'noimage.jpg', 1, 1, '', '', '', ''),
('01.00085', '2020-08-27', 'Rauly Sijabat', '3374084501790001', '081325710949', '', 'namakurauly@gmail.com', '$2y$10$.T3/wmNByzr1B34oJWHihOKe8.yISx73kBCXZ8OU.lJ/2ZJ6f3uI.', 3, 'noimage.jpg', 'noimage.jpg', '', '', '', 'noimage.jpg', 1, 1, '', '', '', ''),
('01.00086', '2020-08-27', 'Dwi Lestari', '33740169069730002', '087731714314', '', 'wiwiklestar1973@gmail.com', '$2y$10$UMWRX0MN/OhTDqIwjGnVoeR.CjI8wVrdM2eZx72tcyW9pW83zxOxu', 3, 'noimage.jpg', 'noimage.jpg', '', '', '', 'noimage.jpg', 3, 1, '', '', '', ''),
('01.00087', '2020-08-28', 'Dwi Yuniati', '3374026806820006', '081333107976', 'Asrama sidodadi rt 6 rw 10\r\nKel.tanjung mas\r\nKec.semarang utara\r\n50174', 'bungayunia@gmail.com', '$2y$10$qUjIScHEhscCMEyJNrvoXexVC7/pdhMiaJaErQyl4oOkwNBe37Ogi', 3, 'noimage.jpg', 'noimage.jpg', '4090540454', 'Bank BCA', 'Dwi yuniati', 'noimage.jpg', 1, 1, 'sheilla anggi deswita putri', '', 'anak', '085719111799'),
('01.00088', '2020-08-28', 'IDA HELISAH', '3374016711760002', '083163397270', '', 'idahelisah119@gmail.com', '$2y$10$OoDmvy7sLBMfalE5XSxZH.5ImXhE1/riQNL49iLAqqWU5w.EHEU86', 3, 'noimage.jpg', 'noimage.jpg', '', '', '', 'noimage.jpg', 1, 1, '', '', '', ''),
('01.00089', '2020-09-02', 'Anisa Tri Sitawati', '3373044605940001', ' 085726904325', 'ngawen RT 01/RW 06\r\nkel.mangusari kec.sidomukti\r\nsalatiga', 'anisasitawati06@gmail.com', '$2y$10$yEWc5so9noxmhxbhVxw7Q./AWS3.PS1TK0YIKrs1UbY.7Iyu7Sham', 3, 'noimage.jpg', 'noimage.jpg', '0131421710', 'BCA', 'anisa tri sitawati', 'noimage.jpg', 1, 1, 'darmono', '', 'ortu', '+62 857-1205-4543'),
('01.00090', '2020-09-02', 'Dewi Ratih', '3374084209940001', '08112900694', 'Apartemen Kalibata City Green Palace Tower Palem ', 'dewiratih213@gmail.com', '$2y$10$9pUmFBUzr18f/5rXr1gKHuwXgIegZbtOBE2rRU.HXLyCK/fWgNC7O', 3, 'noimage.jpg', 'noimage.jpg', '0093434002', 'BCA', 'Dewi Ratih', 'noimage.jpg', 1, 1, 'dwi ratnawati', 'xxxxxxxxxxxx', 'ortu', '081225798517'),
('01.00091', '2020-09-03', 'Ila Elisa', '3322066705980005', '0895621059535', '', 'ilael2798@gmail.com', '$2y$10$VjtuRQWG0c5uiq6synCnIeuSv0awI2rVmq0ajZhWjM9LJxS8ZJ50i', 3, 'noimage.jpg', 'noimage.jpg', '', '', '', 'noimage.jpg', 1, 1, '', '', '', ''),
('01.00092', '2020-09-04', 'Alifvia Budi Hidayati', '3322067005950001', '08812478394', 'Perum tapen permai blok G no 12 rt 05 rw 11 kecamatan tuntang kabupaten semarang', 'alifiafia942@gmail.com', '$2y$10$HQKVjTo62QNJTquMx74ViuOo0egwKlftFLXVb6u3vwXM.IBl5E.q2', 3, 'noimage.jpg', 'noimage.jpg', '0131380754', 'BCA', 'Alifvia budi hidayati', '01_00092.jpg', 3, 1, 'ifa indah setyaningrum', '', 'saudara', '085866252361'),
('01.00093', '2020-09-04', 'Maya Savitri', '33741156108100006', '081227003181', 'Jalan serasi blok C no 25, graha estetika Semarang', 'mayasavitri16@gmail.com', '$2y$10$k597SFvlbsyHf2PPxsl8Kuoi1ABI0VqF.BrVv3IKSjWmuB.e.xvw.', 3, 'noimage.jpg', 'noimage.jpg', '2520690894', 'BCA', 'Maya savitri', 'noimage.jpg', 1, 1, 'mutya intan shakila', '', 'anak', '081326638475'),
('01.00094', '2020-09-04', 'Zunsyika Zahra Zatira', '3471086806970004', '081335623997', 'jatisawit rt /rw 019/044 balecatur gamping kab sleman', 'zunsyikazahrazatira@gmail.com', '$2y$10$K0KxOpJpxiiTMNBJTmPXTeJKKe8xE6LJNYktZ9NjEQBR3tuNZ/YkW', 3, 'noimage.jpg', 'noimage.jpg', '\'90013386284', 'BTPN', 'zunsyika zahra zatira', 'noimage.jpg', 1, 1, 'sugiarti', '3404014907680001', 'ortu', '0811251610'),
('01.00095', '2020-09-12', 'Roy Siegfried', '3374012901020001', '081329276426', '', 'victoriayahut69@gmail.com', '$2y$10$S.28VHm..V/b64M68eO9VO7pttj6ShQF6sdkc10IVN3NrcngZJ/Da', 3, 'noimage.jpg', 'noimage.jpg', '7830489015', 'BCA', 'Roy Siegfried', 'noimage.jpg', 3, 1, 'roy siegfried', '', 'saudara', '081329276426'),
('01.00096', '2020-09-12', 'Ryan Adhyatma', '3322180402900001', '081371819161', '', 'adhyatma.ryan21@gmail.com', '$2y$10$UWeVgkR9v.uLYGWsz8MigeAWLNjlD0JdpLngjA/Y998c9HFQp3bKK', 3, 'noimage.jpg', 'noimage.jpg', '', '', '', 'noimage.jpg', 1, 1, '', '', '', ''),
('01.00097', '2020-09-14', 'Heru Wahyono', '3374131008750006', '085740536475', '', 'herupenxy1@gmail.com', '$2y$10$CfzavSnzaW.zIV2AO12UZes9wzFXAZLxhJ8sbrowX0fcMsgExwMSK', 3, 'noimage.jpg', 'noimage.jpg', '', '', '', 'noimage.jpg', 3, 1, '', '', '', ''),
('01.00098', '2020-09-17', 'AGUNG WIDIASTRO', '3515082910800003', '+12628652704', '', 'agungwidiastro80@gmail.com', '$2y$10$ph9CBdUEPQIxtrKuRBJNCOwwCSZxutnjqx5gkF38mvcOAV1IU1aEm', 3, 'ktp_01_00098.jpg', 'noimage.jpg', '', '', '', '01_00098.jpg', 1, 1, 'agung widiastro', '111111111', 'anak', '+12628652704'),
('01.00099', '2020-09-19', 'Purwadi', '6201020808710003', '081351844986', '', 'ud.rizqibarokah@gmail.com', '$2y$10$aj7WaupAXlJ9zJCsoZQN4eJxQfzqGgZ90doaxr3nmkJPTTYQDe1L.', 3, 'noimage.jpg', 'noimage.jpg', '', '', '', 'noimage.jpg', 1, 1, '', '', '', ''),
('01.00100', '2020-09-27', 'WORO ENDANG SRI RAHAYU', '3374114610690004', '08112990610', '', 'woroendang1@gmail.com', '$2y$10$OgMOf3o0eaiJkbpSHNZnO.h9HFNao6uMN1tjCxih4vIWDsrGaWWxy', 3, 'noimage.jpg', 'noimage.jpg', '', '', '', 'noimage.jpg', 1, 1, '', '', '', ''),
('01.00101', '2020-09-28', 'Ninik Muryanti', '3310024210820001', '08157797694', '', 'ninikmuryanti63@gmail.com', '$2y$10$cy9gsechjCCYVOcmnLJJqujQaDO.qi.cy2YkTzP0Sf77dB5anBF1m', 3, 'noimage.jpg', 'noimage.jpg', '', '', '', 'noimage.jpg', 1, 1, '', '', '', ''),
('01.00102', '2020-09-28', 'Suharni', '3374114908680004', '08122857251', '', 'harnirda@gmail.com', '$2y$10$Lyye9hH/0MjaHubmHqZx1.05wlvMBtkNzm2oxZCLelNoFnXyuSEJy', 3, 'noimage.jpg', 'noimage.jpg', '', '', '', 'noimage.jpg', 3, 1, '', '', '', ''),
('01.00103', '2020-10-10', 'PITAR RIA BRILIYANTI', '3374115710820002', '081228572525', '', 'Pitarria@gmail.com', '$2y$10$MH2S2uM.oqWuC3528g6biey7YmhnCB15LJvkuLPMzpjmVnueBKxSK', 3, 'noimage.jpg', 'noimage.jpg', '', '', '', 'noimage.jpg', 1, 1, '', '', '', ''),
('01.00104', '2020-10-15', 'INFIJARUN NI\'AM', '3321011907910003', '081226072828', '', 'niaminfijarun@gmail.com', '$2y$10$BkSOjZX5/28hpDbBPkCip.HoMfqLeV9Bidem77twalOMKq.o.8Uyq', 3, 'ktp_01_00104.jpg', 'noimage.jpg', '', '', '', '01_00104.jpg', 1, 1, '', '', '', ''),
('01.00105', '2020-11-29', 'R.A. RENI ANGGRAHENI, SH', '3374066710680002', '082134889663', '', 'Renyanggraheni70@gmail.com', '$2y$10$uPT6ovfCWSovLIdhfgwiX.IGbHFyOw/ayBrvFHgdPUTyAWBhMvhiu', 3, 'noimage.jpg', 'noimage.jpg', '', '', '', 'noimage.jpg', 1, 1, '', '', '', ''),
('01.00106', '2020-11-29', 'Nunung Fitriani ', '3374116803790002', '081393129965', '', 'kokonik992@gmail.com', '$2y$10$oO1u.K0WTcDUplf2FVAxvet8aLQ2LCXVD6.cjaHo8UCC9Fcg0Yi0S', 3, 'noimage.jpg', 'noimage.jpg', '', '', '', 'noimage.jpg', 1, 1, '', '', '', ''),
('01.00107', '2020-11-30', 'Anindita Neng Puspa Dwi Ayuningrum', '3373025405970001', '08886851948', 'Jl. Kantil Sari No. 26 RT 03/02 karangduwet Salatiga', 'aninditaneng97@gmail.com', '$2y$10$5LybVnw0uJMqtVl7m2egD.f0DnBgqYpa10HpPrcYsMUmPMFkB6H.6', 3, 'noimage.jpg', 'noimage.jpg', '0843783286', 'BNI Syariah', 'Anindita Neng Puspa Dwi Ayuningrum', '01_00107.jpeg', 1, 1, 'moh. agung budiarta', '', 'anak', '085759061131'),
('01.00108', '2020-11-30', 'SRI ANI', '3373045202720003', '085728383822', '', 'Aniks3110@gmail.com', '$2y$10$Jd.IdE0n6622qD2wAfPKgewwsTEFRZ06uIJNk8haiPYroQF4QBX4W', 3, 'noimage.jpg', 'noimage.jpg', '', '', '', 'noimage.jpg', 1, 1, '', '', '', ''),
('01.00109', '2020-12-01', 'WIDYAH SAPTANINGSIH', '3373025205690003', '08174931747', '', 'Widyah.69.saptaningsih@gmail.com', '$2y$10$.y/MryG567dtY2t3.DGESOnV3jOPJDVioROn1xUhSkVGg0qCurPTu', 3, 'noimage.jpg', 'noimage.jpg', '', '', '', 'noimage.jpg', 1, 1, '', '', '', ''),
('01.00110', '2020-12-08', 'Aryana Agustina ', '3373045708780001', '082223844228', 'Jl. Abdul Amin 360 RT 03 RW 03 Pengilon Mangunsari Sidomukti Salatiga', 'ysisi132@gmail.com', '$2y$10$azJicqup3.IUeBVp4stp3.B.A4wgKxyv40HJdNNMTxvxcM0zZQKv2', 3, 'noimage.jpg', 'noimage.jpg', '0135726350', 'BCA', 'Aryana Agustina ', 'noimage.jpg', 1, 1, 'muhammad daffa yustian putra prasetyo', '', 'anak', '+62 858-0313-2488'),
('01.00111', '2020-12-10', 'ZHAKIAH', '3374025106820003', '082227171862', '', 'jobanzhakiah@gmail.com', '$2y$10$x.M4Ji7FIqiZ6dkBF1uDfeEbR1KOuO3PltNkb/PZGxWaF6XLa0w16', 3, 'noimage.jpg', 'noimage.jpg', '', '', '', 'noimage.jpg', 1, 1, '', '', '', ''),
('01.00112', '2020-12-15', 'YULIANI', '3373015107820003', '081912817045', '', 'yuliazaki270@gmail.com', '$2y$10$FZgbPV4AQgbWXa7G0l.EcObFY9Uw/b0t7IHE/Ppx1xCYrbPDqW2IK', 3, 'noimage.jpg', 'noimage.jpg', '', '', '', 'noimage.jpg', 1, 1, '', '', '', ''),
('01.00113', '2020-12-24', 'Aldhi Tirana Bachtiar', '3374011112960001', '085877752262', '', 'Tekniksipil940@gmail.com', '$2y$10$86.bVRu9TfiUpwwF5iv9WemzpOydAyB3.yf0CGwlEn8uh9dZu8GG2', 3, 'noimage.jpg', 'noimage.jpg', '', '', '', 'noimage.jpg', 3, 1, '', '', '', ''),
('01.00114', '2020-12-25', 'DR H. HASAN ABDUL ROZAK', '3374111011640003', '08122938405', '', 'hasanp29@gmail.com', '$2y$10$EwQRb7AcyoYEquwcVRJMoOr4IcSK5JLUsv7JkPGWgyNYQqwOR7WFW', 3, 'noimage.jpg', 'noimage.jpg', '', '', '', 'noimage.jpg', 1, 1, '', '', '', ''),
('01.00115', '2020-12-28', 'DEWI RISNAWATI', '3306034906840002', '082216141500', '', 'risnadewi.fortuna@gmail.com', '$2y$10$KMHBJe074gUQxVffi9.d9ea2WeclSjd0FjU39rl0KMtb0YAD2CYu2', 3, 'noimage.jpg', 'noimage.jpg', '', '', '', 'noimage.jpg', 1, 1, '', '', '', ''),
('01.00116', '2021-01-01', 'Elissa Nabilla Knapp', '3374086304030001', '082134501600', '', 'elissa.knapp@gmail.com', '$2y$10$hrGKAyE46DjZdbPVWigGmeam4B2i5xae/I0G1dv56SQ0Ekxi7SfK.', 3, 'noimage.jpg', 'noimage.jpg', '', '', '', 'noimage.jpg', 1, 1, '', '', '', ''),
('01.00117', '2021-01-09', 'Rini Handayani', '3374094612760004', '081215462050', '', 'Fauzanbagasarsy@gmail.com', '$2y$10$DtExQVNb.wT0zNoVlxFpLehb1zTcnMz.Ff50WjDUgZ.Z/wxb0PBxy', 3, 'noimage.jpg', 'noimage.jpg', '', '', '', 'noimage.jpg', 4, 1, '', '', '', ''),
('01.00118', '2021-01-10', 'Nur Hayati', '3374035902780002', '085740820755', '', 'nurhayati71753@gmail.com', '$2y$10$5gj189bMFbHGiJO8zDmW1Odb97SX6S1CgmE8ljYW5GVeLAJJlJhJm', 3, 'noimage.jpg', 'noimage.jpg', '', '', '', 'noimage.jpg', 1, 1, '', '', '', ''),
('01.00119', '2021-01-10', 'SISWANTA', '3310140402620001', '085725080022', '', 'siswantaph@gmail.com', '$2y$10$q4tjfwsP6xMxYgrVmKepC.F29UJpm5hhN40bsEO/RG300XrKJpHoS', 3, 'noimage.jpg', 'noimage.jpg', '', '', '', 'noimage.jpg', 1, 1, '', '', '', ''),
('01.00120', '2021-01-10', 'PONIMIN, S.Pd', '3310142002670001', '081329070527', '', 'poniminproperti67@gmail.com', '$2y$10$4MlobKYDqSNvCU40oXn0PeZwdbmTB9IMV8YWI5SJSmgTVDI8mz6Nu', 3, 'noimage.jpg', 'noimage.jpg', '', '', '', 'noimage.jpg', 1, 1, '', '', '', ''),
('01.00121', '2021-01-10', 'SUNIYATI', '3310144506670008', '082243962349', '', 'suni05yati06@gmail.com', '$2y$10$vg.CVLfBuyxRuYq8oX7J6.1vlZbqHfo91N.aD7AMvMQvIhci8P2Fy', 3, 'noimage.jpg', 'noimage.jpg', '', '', '', 'noimage.jpg', 1, 1, '', '', '', ''),
('01.00122', '2021-01-10', 'BARDIYEM', '3310147112510053', '082243962349', '', 'suni05yati06@gmail.com', '$2y$10$4lwS0USowYBrtLRUogf/1Os0pXAlJmeK7HizedmHzJTM1OWQNFfQG', 3, 'noimage.jpg', 'noimage.jpg', '', '', '', 'noimage.jpg', 1, 1, '', '', '', ''),
('01.00123', '2021-01-11', 'SLAMET DJANURI', '3310252401720004', '085335335779', '', 'djanurislamet@gmail.com', '$2y$10$5GM34FHme./2yG/zf4tSVeU5Fuj8rV6qKzwKhaoJHnJBJKsOwsIxW', 3, 'noimage.jpg', 'noimage.jpg', '', '', '', 'noimage.jpg', 1, 1, '', '', '', ''),
('01.00124', '2021-02-25', 'TARRA NUR AZIZAH', '3373047105990001', '085712698324', '', 'Tarranurazizah@gmail.com', '$2y$10$HDDLumfiRkA1SoIGhjd8DuGTDcTW8xx31HRrEAni2./LLd252.ACi', 3, 'noimage.jpg', 'noimage.jpg', '', '', '', 'noimage.jpg', 1, 1, '', '', '', ''),
('01.00125', '2021-03-15', 'Dian Ayu Afriyanti', '3324127707910002', '081390559997', 'Dusun Gentan Lor Rt 04 Rw 03 Kel. Boja, Kec. Boja Kab. Kendal', 'arifokbgt@gmail.com', '$2y$10$uxsEuooqFpZ2x3Awytqgh.22CjO/gfuXFOHWVzkSGjdwMO1iHOKSi', 3, 'noimage.jpg', 'noimage.jpg', '3406-01-023743-53-3', 'BRI', 'Juniar Arif Wicaksono', '01_00125.jpg', 1, 1, 'rufaidah layla cetta', '', 'anak', '081390559997'),
('01.00126', '2021-03-15', 'Nur Fitriana', '3324075603940003', '08562808437', 'Ds. Penaton RT. 04 RW.7 Boja\r\nBoja', 'nfitrianaaa@gmail.com', '$2y$10$MRIjKXHQjHJ6m5KOxyCrP.KATdoM8ix6H/ha227lVDY/1OqAEppGO', 3, 'ktp_01_00126.jpg', 'noimage.jpg', '136-00-1603094-9', 'Mandiri', 'Nur Fitriana', 'noimage.jpg', 1, 1, 'padmi', '', 'ortu', '08562808437'),
('01.00127', '2021-03-16', 'MAMAT RAHMAT', '3322182403730001', '+6281226136799', '', 'royrahmat03@gmail.com', '$2y$10$yr2GbmMkEH/PEBfbfagtJ.xwN6GLR5kvVkV7NK.65tYmVBw0cfjlS', 3, 'noimage.jpg', 'noimage.jpg', '', '', '', 'noimage.jpg', 1, 1, '', '', '', ''),
('01.00128', '2021-03-22', 'Fajar Alfauzan', '6408040106990003', '082352757781', '', 'fajaralfauzan169@gmail.com', '$2y$10$XDhPcEfSEx6mU8c9lj4n7uQZW3r4LBZ1FWKYJYVNjZakH4VYUUOKa', 3, 'ktp_01_00128.png', 'noimage.jpg', '', '', '', '01_00128.jpg', 1, 1, '', '', '', ''),
('01.00129', '2021-03-23', 'Bram Ardhiantoro', '3374112905890001', '085334656561', '', 'bramtrevis@ymail.com', '$2y$10$r/JdklzlJzY3CHWATtI2bu3K9jheh.RJAwO8vz48NKSB2I2U09tQu', 4, 'noimage.jpg', 'noimage.jpg', '', '', '', 'noimage.jpg', 4, 1, '', '', '', ''),
('01.00130', '2021-03-31', 'Gerosima Fridolin Rizky Widya Santosa', '3374084503920003', '085725699542', '', 'gerosimafrws@gmail.com', '$2y$10$ZW4qIQkrZt96NnjW5BXjOOvegbRt34ZBcg552MhOvCL9uh32DR6WS', 3, 'noimage.jpg', 'noimage.jpg', '', '', '', 'noimage.jpg', 3, 1, '', '', '', ''),
('01.00131', '2021-04-18', 'DARIYAH', '3321015708810006', '085842645699', '', 'fazayitno81@g.mail.com', '$2y$10$I001qRHGx5FU6dV1N5bmK.BT8I0E4BhfUPWex.cfbSWclBMVfL0su', 3, 'noimage.jpg', 'noimage.jpg', '', '', '', 'noimage.jpg', 1, 1, '', '', '', ''),
('01.00132', '2021-04-27', 'Njoo Boen Hoa Novita Irawati', '3374036511740002', '+6282225938475', 'Jl murti maya p 274', 'pru.novitairawati@gmail.com', '$2y$10$KS.YuQZiYu48ORFBeIclK.pUPrcsvr.wq6wUTFnGZjMEcHQ3yOD6q', 3, 'noimage.jpg', 'noimage.jpg', '2465223683', 'BCA', 'Njoo Boen Hoa Novita Irawati', 'noimage.jpg', 1, 1, 'bernadus axel putera susanto', '-', 'anak', '+6282225938475'),
('01.00133', '2021-04-27', 'EVA DWIYÀNTI', '3374076501780003', '083108167999 ', 'Pondok bukit Agung blok O no 14 sumur boto Semarang ', 'evadwiyanti.com@gmail.com', '$2y$10$mTSBhH8xokIRBCccLTUCZuerIMGOCm8F6LVppqo1rHzVIddFrkWv.', 3, 'noimage.jpg', 'noimage.jpg', '2520236859 ', 'Bca ', 'Eva Dwiyanti ', 'noimage.jpg', 1, 1, '0', '', 'anak', '083108167999 '),
('01.00134', '2021-04-27', 'Bernadet Martini', '3374086202670004', '081390879211', '', 'titinbernadeth@yahoo.com', '$2y$10$BASyFqcQSFiRCmILBeUc8.tFeCtn1P2x5dMspbD9MRyZ0f/4iTEMm', 3, 'noimage.jpg', 'noimage.jpg', '', '', '', 'noimage.jpg', 1, 1, '', '', '', '');

-- --------------------------------------------------------

--
-- Struktur dari tabel `tb_agt_tmp`
--

CREATE TABLE `tb_agt_tmp` (
  `idtmp` int(5) NOT NULL,
  `tgl_daftar` date NOT NULL,
  `nm_tmp` varchar(150) NOT NULL,
  `role_id` int(1) NOT NULL,
  `nohp_tmp` varchar(20) NOT NULL,
  `email_tmp` varchar(100) NOT NULL,
  `ktp_tmp` text NOT NULL,
  `password_tmp` varchar(256) NOT NULL,
  `idreferal` varchar(8) NOT NULL,
  `nominal` int(9) NOT NULL,
  `konfirm_status` int(2) NOT NULL,
  `token` varchar(128) NOT NULL
) ENGINE=InnoDB DEFAULT CHARSET=latin1;

--
-- Dumping data untuk tabel `tb_agt_tmp`
--

INSERT INTO `tb_agt_tmp` (`idtmp`, `tgl_daftar`, `nm_tmp`, `role_id`, `nohp_tmp`, `email_tmp`, `ktp_tmp`, `password_tmp`, `idreferal`, `nominal`, `konfirm_status`, `token`) VALUES
(17, '2021-01-16', 'NUR ROFIQ', 3, '081215602684', 'syarofiq24@gmail.com', '3323072303010002', '$2y$10$FLalMlrC6Q7nvywVBIf1LeSifBs6XTqtc6VlSHQieV.wPtssBxGWe', '01.00003', 200132, 0, 'm47tyWiVKZEoRh5G'),
(18, '2021-02-16', 'aldy pratama', 3, '089377388220', 'doangfb@gmail.com', '0892233244498777', '$2y$10$xCsJ1KJUMDKUoYN.j/92ruSCLehmswWQG8Kk6sp/ZIOZ41BIrNZMi', '01.00003', 200332, 0, 'nBJZ1sA40bOWDcKU'),
(30, '2021-04-27', 'Eko Susanto', 3, '08562833478', 'Ekosusanto3434@gmail.com', '3374060602710002', '$2y$10$LPjJUQtfAWpFQ1GYV1Qa3eZLCMd812fxs486OEu1WTop7yrQGACjK', '01.00133', 200331, 0, 'rFYwaDiqV7ykETjc');

-- --------------------------------------------------------

--
-- Struktur dari tabel `tb_bank`
--

CREATE TABLE `tb_bank` (
  `id` int(2) NOT NULL,
  `nm_bank` varchar(150) NOT NULL,
  `norek` varchar(300) NOT NULL,
  `an` varchar(300) NOT NULL
) ENGINE=InnoDB DEFAULT CHARSET=latin1;

--
-- Dumping data untuk tabel `tb_bank`
--

INSERT INTO `tb_bank` (`id`, `nm_bank`, `norek`, `an`) VALUES
(1, 'BCA', '7830367530', 'SRI WAHYUNI'),
(4, 'BRI', '0325-01-001542-56-4', 'Koperasi Mobile Emas Asia');

-- --------------------------------------------------------

--
-- Struktur dari tabel `tb_biaya_cetak`
--

CREATE TABLE `tb_biaya_cetak` (
  `idx` int(11) NOT NULL,
  `jml_gram` int(11) NOT NULL,
  `biaya` int(11) NOT NULL,
  `ket` varchar(200) NOT NULL
) ENGINE=MyISAM DEFAULT CHARSET=latin1;

--
-- Dumping data untuk tabel `tb_biaya_cetak`
--

INSERT INTO `tb_biaya_cetak` (`idx`, `jml_gram`, `biaya`, `ket`) VALUES
(1, 1, 51750, 'UBS'),
(2, 2, 48250, 'UBS'),
(3, 3, 45000, 'UBS'),
(4, 4, 43000, 'UBS'),
(5, 5, 41750, 'UBS'),
(6, 10, 37250, 'UBS'),
(7, 25, 31000, 'UBS'),
(8, 50, 28000, 'UBS'),
(9, 100, 27000, 'UBS'),
(10, 0, 1977000, 'UBS Premium 0.1'),
(11, 0, 1222000, 'UBS Premium 0.2'),
(12, 1, 759000, 'UBS Premium 0.5'),
(13, 1, 502000, 'UBS Premium 1'),
(14, 2, 91250, 'UBS Premium 2'),
(15, 5, 77850, 'UBS Premium 5'),
(16, 10, 72250, 'UBS Premium 10');

-- --------------------------------------------------------

--
-- Struktur dari tabel `tb_bonus`
--

CREATE TABLE `tb_bonus` (
  `id` int(3) NOT NULL,
  `registrasi` int(9) NOT NULL,
  `referal` int(9) NOT NULL,
  `royalti` int(9) NOT NULL,
  `royalti_target` int(3) NOT NULL,
  `gram_pokok` int(2) NOT NULL,
  `selisih_jual` int(9) NOT NULL,
  `selisih_beli` int(9) NOT NULL,
  `by_adm_master` int(7) NOT NULL
) ENGINE=InnoDB DEFAULT CHARSET=latin1;

--
-- Dumping data untuk tabel `tb_bonus`
--

INSERT INTO `tb_bonus` (`id`, `registrasi`, `referal`, `royalti`, `royalti_target`, `gram_pokok`, `selisih_jual`, `selisih_beli`, `by_adm_master`) VALUES
(1, 200000, 15000, 10000, 3, 1, 0, 40000, 15000),
(2, 179000, 4500, 15000, 7, 0, 0, 0, 0),
(3, 21000, 3000, 25000, 9, 0, 0, 0, 0),
(4, 0, 2500, 0, 0, 0, 0, 0, 0),
(5, 0, 1500, 0, 0, 0, 0, 0, 0),
(6, 0, 1000, 0, 0, 0, 0, 0, 0),
(7, 0, 1000, 0, 0, 0, 0, 0, 0),
(8, 0, 1000, 0, 0, 0, 0, 0, 0),
(9, 0, 1000, 0, 0, 0, 0, 0, 0),
(10, 0, 1000, 0, 0, 0, 0, 0, 0);

-- --------------------------------------------------------

--
-- Struktur dari tabel `tb_cabang`
--

CREATE TABLE `tb_cabang` (
  `idcabang` varchar(2) NOT NULL,
  `nama_cabang` varchar(80) NOT NULL,
  `alamat_cabang` text NOT NULL,
  `kotakab` varchar(50) NOT NULL,
  `idpemilik` varchar(8) NOT NULL,
  `status` enum('enable','disable') NOT NULL
) ENGINE=InnoDB DEFAULT CHARSET=latin1;

--
-- Dumping data untuk tabel `tb_cabang`
--

INSERT INTO `tb_cabang` (`idcabang`, `nama_cabang`, `alamat_cabang`, `kotakab`, `idpemilik`, `status`) VALUES
('01', 'PUSAT', '-', 'SEMARANG', '01.00001', 'enable');

-- --------------------------------------------------------

--
-- Struktur dari tabel `tb_deposit`
--

CREATE TABLE `tb_deposit` (
  `idx` bigint(20) NOT NULL,
  `tgl_deposit` timestamp NOT NULL DEFAULT CURRENT_TIMESTAMP,
  `idted` varchar(8) NOT NULL,
  `nom_deposit` int(11) NOT NULL,
  `banktrf` int(2) NOT NULL,
  `status` enum('aproved','tunggu') NOT NULL
) ENGINE=InnoDB DEFAULT CHARSET=latin1;

--
-- Dumping data untuk tabel `tb_deposit`
--

INSERT INTO `tb_deposit` (`idx`, `tgl_deposit`, `idted`, `nom_deposit`, `banktrf`, `status`) VALUES
(1, '2020-01-04 01:32:43', '01.00001', 50000, 2, 'aproved'),
(5, '2020-06-02 09:31:59', '01.00025', 88979, 2, 'aproved'),
(7, '2020-06-12 07:39:50', '01.00053', 144818, 2, 'aproved'),
(8, '2020-06-13 02:46:54', '01.00042', 141642, 2, 'aproved'),
(9, '2020-06-16 05:15:12', '01.00025', 177959, 2, 'aproved'),
(15, '2020-07-31 09:49:30', '01.00069', 50000, 2, 'aproved'),
(16, '2020-08-02 16:00:00', '01.00052', 44666, 2, 'aproved'),
(17, '2020-08-02 16:00:00', '01.00052', 100946, 2, 'aproved'),
(18, '2020-08-02 16:00:00', '01.00042', 70573, 2, 'aproved'),
(19, '2020-08-02 16:00:00', '01.00052', 70573, 2, 'aproved'),
(20, '2020-08-02 16:00:00', '01.00053', 71008, 2, 'aproved'),
(21, '2020-08-02 16:00:00', '01.00053', 138674, 2, 'aproved'),
(22, '2020-08-02 16:00:00', '01.00025', 173510, 2, 'aproved'),
(23, '2020-08-02 16:00:00', '01.00003', 140587, 2, 'aproved'),
(24, '2020-08-02 16:00:00', '01.00001', 140587, 2, 'aproved'),
(25, '2020-08-02 16:00:00', '01.00009', 48956, 2, 'aproved'),
(26, '2020-08-02 16:00:00', '01.00027', 76585, 2, 'aproved'),
(27, '2020-08-02 16:00:00', '01.00062', 12764, 2, 'aproved'),
(28, '2020-08-02 16:00:00', '01.00023', 12764, 2, 'aproved'),
(33, '2020-08-03 15:11:56', '01.00066', 622038, 3, 'aproved'),
(34, '2020-08-03 15:13:15', '01.00066', 407145, 3, 'aproved'),
(38, '2020-09-05 08:18:22', '01.00066', 1615240, 3, 'aproved'),
(39, '2020-09-05 08:19:42', '01.00066', 1062658, 3, 'aproved'),
(41, '2020-10-07 07:07:29', '01.00066', 892911, 3, 'aproved'),
(42, '2020-10-07 07:08:28', '01.00066', 585921, 3, 'aproved'),
(43, '2020-11-05 04:27:41', '01.00066', 892911, 3, 'aproved'),
(44, '2020-11-05 04:29:00', '01.00066', 585921, 3, 'aproved'),
(45, '2020-11-10 00:59:03', '01.00033', 8535, 3, 'aproved'),
(46, '2021-01-01 12:15:40', '01.00116', 40000, 4, 'tunggu');

-- --------------------------------------------------------

--
-- Struktur dari tabel `tb_hadiah_poin`
--

CREATE TABLE `tb_hadiah_poin` (
  `id` int(11) NOT NULL,
  `judul` varchar(100) NOT NULL,
  `target_poin` int(11) NOT NULL,
  `keterangan` text NOT NULL,
  `gambar` text NOT NULL
) ENGINE=InnoDB DEFAULT CHARSET=latin1;

--
-- Dumping data untuk tabel `tb_hadiah_poin`
--

INSERT INTO `tb_hadiah_poin` (`id`, `judul`, `target_poin`, `keterangan`, `gambar`) VALUES
(1, 'Smartphone', 100, '', 'Smartphone.jpg'),
(2, 'Emas 10 gram', 250, '', 'Emas_10_gram.jpg');

-- --------------------------------------------------------

--
-- Struktur dari tabel `tb_history`
--

CREATE TABLE `tb_history` (
  `idx` bigint(20) NOT NULL,
  `tgl` timestamp NOT NULL DEFAULT CURRENT_TIMESTAMP,
  `idted` varchar(8) NOT NULL,
  `tujuan_jual` varchar(8) NOT NULL,
  `ket` text NOT NULL,
  `nominal_uang` int(11) NOT NULL,
  `nominal_gram` float NOT NULL,
  `status` int(2) NOT NULL
) ENGINE=InnoDB DEFAULT CHARSET=latin1;

--
-- Dumping data untuk tabel `tb_history`
--

INSERT INTO `tb_history` (`idx`, `tgl`, `idted`, `tujuan_jual`, `ket`, `nominal_uang`, `nominal_gram`, `status`) VALUES
(1, '2019-11-10 16:00:00', '01.00015', 'TED', 'pembelian emas ', 5000000, 6.966, 1),
(3, '2019-11-11 16:00:00', '01.00015', 'TED', 'jual emas ', 1282000, 2, 1),
(4, '2019-11-11 16:00:00', '01.00001', 'TED', 'pembelian emas ', 10000, 0.014, 1),
(5, '2019-11-12 16:00:00', '01.00003', 'TED', 'pembelian emas ', 10000, 0.014, 1),
(6, '2019-11-12 16:00:00', '01.00003', 'TED', 'pembelian emas ', 10000, 0.013, 1),
(7, '2019-11-14 10:04:59', '01.00003', 'TED', 'pembelian emas ', 567890, 0.815, 1),
(8, '2019-11-14 16:07:42', '01.00003', 'TED', 'jual emas ', 330000, 0.5, 0),
(9, '2019-11-16 04:40:03', '01.00015', 'TED', 'pembelian emas ', 900000, 1.293, 0),
(10, '2019-11-16 05:21:13', '01.00003', 'TED', 'pembelian emas ', 100000, 0.144, 1),
(11, '2019-11-19 10:13:18', '01.00003', 'TED', 'pembelian emas ', 100000, 0.144, 1),
(12, '2019-11-20 04:50:51', '01.00010', 'TED', 'pembelian emas ', 791000, 1.136, 1),
(13, '2019-11-20 13:05:43', '01.00003', 'TED', 'pembelian emas ', 130000, 0.187, 1),
(14, '2019-11-20 13:08:22', '01.00003', 'TED', 'jual emas ', 329750, 0.5, 0),
(16, '2019-11-21 07:54:34', '01.00009', 'TED', 'pembelian emas ', 791000, 1.137, 1),
(17, '2019-11-22 01:33:30', '01.00003', 'TED', 'pembelian emas ', 70000000, 100.638, 1),
(18, '2019-11-27 09:05:57', '01.00011', 'TED', 'pembelian emas ', 770000, 1.112, 1),
(19, '2019-12-08 09:02:19', '01.00028', 'TED', 'pembelian emas ', 2080000, 3.01, 1),
(20, '2019-12-08 09:20:39', '01.00028', 'TED', 'jual emas ', 655, 0.001, 0),
(21, '2019-12-08 09:22:24', '01.00028', 'TED', 'pembelian emas ', 654, 0.001, 1),
(22, '2019-12-18 05:44:30', '01.00003', 'TED', 'jual emas ', 6580, 0.01, 0),
(23, '2019-12-19 08:30:32', '01.00003', 'TED', 'jual emas ', 5927, 0.009, 0),
(24, '2019-12-20 09:42:55', '01.00010', 'TED', 'pembelian emas ', 770000, 1.107, 1),
(25, '2019-12-20 09:47:32', '01.00010', 'TED', 'jual emas ', 6590, 0.01, 0),
(26, '2019-12-24 02:02:24', '01.00032', 'TED', 'pembelian emas ', 500000, 0.719, 1),
(27, '2019-12-24 04:36:08', '01.00009', 'TED', 'pembelian emas ', 770000, 1.107, 1),
(28, '2019-12-24 04:39:24', '01.00009', 'TED', 'jual emas ', 659, 0.001, 0),
(29, '2019-12-24 04:40:32', '01.00009', 'TED', 'pembelian emas ', 659, 0.001, 1),
(30, '2019-12-24 07:24:26', '01.00003', 'TED', 'pembelian emas ', 10000, 0.014, 1),
(31, '2019-12-25 14:37:46', '01.00033', 'TED', 'pembelian emas ', 10000, 0.014, 1),
(32, '2019-12-25 14:48:01', '01.00033', 'TED', 'jual emas ', 659, 0.001, 0),
(33, '2020-01-03 06:52:56', '01.00003', '', 'pembelian emas ', 10000, 0.014, 1),
(34, '2020-01-03 06:57:25', '01.00003', 'TED', 'jual emas ', 0, 0, 0),
(35, '2020-01-16 07:13:14', '01.00036', 'TED', 'jual emas ', 675, 0.001, 0),
(36, '2020-01-27 08:25:40', '01.00016', 'TED', 'jual emas ', 0, 0, 0),
(37, '2020-01-30 14:01:05', '01.00003', 'TED', 'jual emas ', 6830, 0.01, 0),
(38, '2020-02-07 15:27:39', '01.00007', '', 'pembelian emas ', 200000, 0.279, 0),
(39, '2020-02-08 15:10:21', '01.00024', '', 'pembelian emas ', 700000, 0.975, 1),
(40, '2020-02-14 15:43:37', '01.00016', 'TED', 'jual emas ', 0, 0, 0),
(41, '2020-02-20 09:07:36', '01.00043', '', 'pembelian emas ', 50000, 0.068, 1),
(42, '2020-03-28 15:12:46', '01.00003', '', 'pembelian emas ', 1000, 0.001, 1),
(43, '2020-04-07 07:49:44', '01.00033', '', 'pembelian emas ', 2000000, 2.214, 1),
(44, '2020-04-10 10:37:28', '01.00052', '', 'pembelian emas ', 1800000, 2.015, 1),
(45, '2020-04-15 10:37:51', '01.00007', 'TED', 'jual emas ', 158760, 0.189, 0),
(46, '2020-04-15 10:37:51', '01.00007', 'TED', 'jual emas ', 158760, 0.189, 0),
(47, '2020-06-01 11:24:07', '01.00003', '', 'pembelian emas ', 0, 0, 1),
(48, '2020-06-01 11:24:17', '01.00003', '', 'pembelian emas ', 10000, 0.011, 1),
(50, '2020-06-01 11:26:04', '01.00003', 'TED', 'jual emas ', 8130, 0.01, 0),
(51, '2020-06-06 05:08:32', '01.00043', '', 'pembelian emas ', 100000, 0.118, 1),
(52, '2020-06-13 02:49:35', '01.00042', '', 'pembelian emas ', 50000, 0.058, 1),
(53, '2020-06-23 16:00:57', '01.00051', '', 'pembelian emas ', 6000000, 6.948, 1),
(54, '2020-06-23 16:05:44', '01.00042', '', 'pembelian emas ', 1548000, 1.793, 1),
(55, '2020-06-23 16:08:42', '01.00042', '', 'pembelian emas ', 150000, 0.174, 1),
(56, '2020-06-23 16:15:56', '01.00011', '', 'pembelian emas ', 864000, 1.001, 1),
(57, '2020-06-23 16:17:09', '01.00011', '', 'pembelian emas ', 864000, 1.001, 1),
(58, '2020-06-23 16:19:56', '01.00053', '', 'pembelian emas ', 5200000, 6.022, 1),
(59, '2020-06-23 16:22:58', '01.00025', '', 'pembelian emas ', 8640000, 10.005, 1),
(60, '2020-06-23 16:25:03', '01.00003', '', 'pembelian emas ', 1000000, 1.158, 1),
(61, '2020-06-23 16:26:46', '01.00003', '', 'pembelian emas ', 1728000, 2.001, 1),
(62, '2020-06-23 16:31:57', '01.00009', '', 'pembelian emas ', 1000000, 1.158, 1),
(63, '2020-06-23 16:34:47', '01.00027', '', 'pembelian emas ', 10400000, 12.043, 1),
(64, '2020-06-23 16:37:10', '01.00062', '', 'pembelian emas ', 1728000, 2.001, 1),
(65, '2020-06-23 16:38:42', '01.00023', '', 'pembelian emas ', 1728000, 2.001, 1),
(66, '2020-06-23 16:40:10', '01.00011', '', 'pembelian emas ', 10400000, 12.043, 1),
(68, '2020-06-25 10:10:15', '01.00063', '', 'pembelian emas ', 2000000, 2.308, 1),
(69, '2020-06-27 00:13:23', '01.00003', '', 'pembelian emas ', 46216, 0.053, 1),
(70, '2020-06-29 09:10:48', '01.00065', '', 'pembelian emas ', 60943610, 70, 1),
(71, '2020-06-29 09:13:55', '01.00027', '', 'pembelian emas ', 60943610, 70, 1),
(74, '2020-07-03 06:21:55', '01.00028', '', 'pembelian emas ', 42057000, 47.266, 1),
(75, '2020-07-14 03:52:59', '01.00066', '', 'pembelian emas ', 150000000, 166.129, 1),
(76, '2020-07-17 04:30:55', '01.00011', '', 'pembelian emas ', 1826002, 2, 1),
(77, '2020-07-27 09:09:20', '01.00042', '', 'pembelian emas ', 10000, 0.011, 1),
(78, '2020-07-28 10:46:58', '01.00042', '', 'pembelian emas ', 5000, 0.005, 1),
(79, '2020-08-03 15:26:58', '01.00071', '', 'pembelian emas ', 49332900, 50, 1),
(80, '2020-08-05 07:51:38', '01.00072', '', 'pembelian emas ', 500000, 0.5, 1),
(81, '2020-08-08 10:06:54', '01.00075', '', 'pembelian emas ', 100000, 0.097, 1),
(82, '2020-08-19 02:32:07', '01.00076', '', 'pembelian emas ', 30000, 0.029, 1),
(83, '2020-08-20 12:58:42', '01.00076', '', 'pembelian emas ', 50000, 0.049, 1),
(84, '2020-08-25 05:28:00', '01.00083', '', 'pembelian emas ', 1995500, 2.026, 1),
(85, '2020-08-27 08:31:11', '01.00055', '', 'pembelian emas ', 100000, 0.103, 1),
(86, '2020-08-28 03:54:06', '01.00088', '', 'pembelian emas ', 500000, 0.509, 1),
(87, '2020-08-28 05:15:40', '01.00076', '', 'pembelian emas ', 25000, 0.025, 1),
(88, '2020-08-28 05:20:04', '01.00076', '', 'pembelian emas ', 20000, 0.02, 1),
(89, '2020-08-28 05:53:33', '01.00069', '', 'pembelian emas ', 40000, 0.041, 1),
(90, '2020-08-28 13:10:45', '01.00084', '', 'pembelian emas ', 200000, 0.204, 1),
(91, '2020-08-28 13:11:44', '01.00073', '', 'pembelian emas ', 100000, 0.102, 1),
(92, '2020-08-31 14:01:29', '01.00088', '', 'pembelian emas ', 1500000, 1.534, 1),
(93, '2020-09-01 15:29:54', '01.00076', '', 'pembelian emas ', 20000, 0.02, 1),
(94, '2020-09-02 13:14:36', '01.00076', '', 'pembelian emas ', 20000, 0.02, 1),
(95, '2020-09-04 05:46:27', '01.00009', '', 'pembelian emas ', 1983406, 2, 1),
(97, '2020-09-06 12:54:05', '01.00091', '', 'pembelian emas ', 50000, 0.051, 1),
(98, '2020-09-07 06:57:19', '01.00054', '', 'pembelian emas ', 2000000, 2.039, 1),
(99, '2020-09-07 10:05:49', '01.00055', '', 'pembelian emas ', 100000, 0.102, 1),
(101, '2020-09-07 10:22:32', '01.00055', '', 'pembelian emas ', 100000, 0.102, 1),
(102, '2020-09-08 09:40:55', '01.00094', '', 'pembelian emas ', 1980000, 2.015, 1),
(104, '2020-09-13 11:38:24', '01.00060', '', 'pembelian emas ', 1050000, 1.009, 1),
(106, '2020-09-14 07:07:46', '01.00095', '', 'pembelian emas ', 230000, 0.221, 1),
(107, '2020-09-14 09:07:12', '1 ', '', 'pembelian emas ', 1040500, 1, 0),
(108, '2020-09-14 09:18:09', '01.00060', '', 'pembelian emas ', 1040500, 1, 1),
(109, '2020-09-17 06:18:35', '01.00098', '', 'pembelian emas ', 2100000, 2.023, 1),
(110, '2020-09-18 01:28:55', '01.00003', '', 'pembelian emas ', 341000, 0.329, 1),
(112, '2020-09-21 01:35:29', '01.00095', '', 'pembelian emas ', 750000, 0.729, 1),
(113, '2020-09-22 01:59:40', '01.00008', '', 'pembelian emas ', 2050000, 2, 1),
(114, '2020-09-22 02:08:36', '01.00008', '', 'pembelian emas ', 21000, 0.02, 1),
(115, '2020-09-23 01:25:55', '01.00042', '', 'pembelian emas ', 50000, 0.05, 1),
(116, '2020-09-23 01:26:31', '01.00042', '', 'pembelian emas ', 8000, 0.008, 1),
(117, '2020-09-25 00:18:31', '01.00099', '', 'pembelian emas ', 150000, 0.149, 1),
(118, '2020-09-27 13:48:01', '01.00055', '', 'pembelian emas ', 100000, 0.099, 1),
(120, '2020-10-02 05:59:47', '01.00011', 'TED', 'jual emas ', 1808000, 2, 0),
(121, '2020-10-15 07:03:08', '01.00054', '', 'pembelian emas ', 2001100, 2, 1),
(122, '2020-10-16 15:06:09', '01.00095', '', 'pembelian emas ', 250000, 0.249, 1),
(123, '2020-11-03 07:26:57', '01.00042', '', 'pembelian emas ', 108000, 0.109, 1),
(124, '2020-11-03 07:27:50', '01.00042', '', 'pembelian emas ', 50000, 0.05, 1),
(125, '2020-11-11 10:56:01', '01.00095', '', 'pembelian emas ', 100000, 0.104, 1),
(128, '2020-11-23 03:17:38', '01.00095', 'TED', 'jual emas ', 399500, 0.47, 0),
(129, '2020-11-28 09:30:52', '01.00095', 'TED', 'jual emas ', 413000, 0.5, 0),
(130, '2020-11-30 07:58:24', '01.00003', '', 'pembelian emas ', 100000, 0.11, 1),
(131, '2021-02-19 03:48:17', '01.00065', 'TED', 'jual emas ', 696000, 0.87, 0),
(132, '2021-03-08 12:58:59', '01.00055', 'TED', 'jual emas ', 791722, 1.006, 0),
(133, '2021-04-07 02:27:24', '01.00027', 'TED', 'jual emas ', 809000, 1, 0),
(134, '2021-04-07 02:30:29', '01.00027', 'TED', 'jual emas ', 687650, 0.85, 0),
(135, '2021-04-12 13:24:55', '01.00129', '', 'pembelian emas ', 22500, 0.026, 1),
(136, '2021-04-14 04:21:30', '01.00007', '', 'pembelian emas ', 27000, 0.031, 1),
(137, '2021-04-17 04:21:38', '01.00104', '', 'pembelian emas ', 10000, 0.011, 0),
(138, '2021-04-17 12:58:49', '01.00003', '', 'pembelian emas ', 10000, 0.011, 1),
(139, '2021-04-27 05:20:44', '01.00028', 'TED', 'jual emas ', 1164800, 1.4, 0);

-- --------------------------------------------------------

--
-- Struktur dari tabel `tb_jaringan`
--

CREATE TABLE `tb_jaringan` (
  `id` int(11) NOT NULL,
  `idagt` varchar(8) NOT NULL,
  `idreferal` varchar(8) NOT NULL,
  `idupline` varchar(8) NOT NULL,
  `jml_downline` int(9) NOT NULL,
  `pos_jar` text NOT NULL,
  `pos_level` int(9) NOT NULL,
  `tgl_proses` date NOT NULL,
  `referal_status` int(1) NOT NULL,
  `poin_status` int(1) NOT NULL
) ENGINE=InnoDB DEFAULT CHARSET=latin1;

--
-- Dumping data untuk tabel `tb_jaringan`
--

INSERT INTO `tb_jaringan` (`id`, `idagt`, `idreferal`, `idupline`, `jml_downline`, `pos_jar`, `pos_level`, `tgl_proses`, `referal_status`, `poin_status`) VALUES
(1, '01.00001', '0', '0', 3, '1', 1, '2019-10-28', 1, 1),
(2, '01.00002', '01.00001', '01.00001', 1, '1.1', 2, '2021-04-28', 0, 0),
(3, '01.00003', '01.00002', '01.00002', 47, '1.1.1', 3, '2021-04-28', 0, 0),
(4, '01.00004', '01.00003', '01.00003', 7, '1.1.1.1', 4, '2021-04-28', 1, 0),
(5, '01.00005', '01.00004', '01.00004', 1, '1.1.1.1.1', 5, '2021-04-28', 1, 0),
(6, '01.00006', '01.00005', '01.00005', 4, '1.1.1.1.1.1', 6, '2021-04-28', 1, 0),
(7, '01.00007', '01.00003', '01.00003', 1, '1.1.1.2', 4, '2021-04-28', 1, 0),
(8, '01.00008', '01.00007', '01.00007', 0, '1.1.1.2.1', 5, '2021-04-28', 1, 0),
(9, '01.00009', '01.00003', '01.00003', 6, '1.1.1.3', 4, '2021-04-28', 1, 0),
(10, '01.00010', '01.00003', '01.00003', 5, '1.1.1.4', 4, '2021-04-28', 1, 0),
(11, '01.00011', '01.00003', '01.00003', 1, '1.1.1.5', 4, '2021-04-28', 1, 0),
(12, '01.00012', '01.00011', '01.00011', 0, '1.1.1.5.1', 5, '2021-04-28', 1, 0),
(13, '01.00013', '01.00003', '01.00003', 1, '1.1.1.6', 4, '2021-04-28', 1, 0),
(14, '01.00014', '01.00003', '01.00003', 0, '1.1.1.7', 4, '2021-04-28', 1, 0),
(15, '01.00015', '01.00001', '01.00001', 0, '1.2', 2, '2021-04-28', 0, 0),
(16, '01.00016', '01.00003', '01.00003', 14, '1.1.1.8', 4, '2021-04-28', 1, 0),
(17, '01.00017', '01.00004', '01.00004', 0, '1.1.1.1.2', 5, '2021-04-28', 1, 0),
(18, '01.00018', '01.00003', '01.00003', 0, '1.1.1.9', 4, '2021-04-28', 1, 0),
(19, '01.00019', '01.00006', '01.00006', 0, '1.1.1.1.1.1.1', 7, '2021-04-28', 1, 0),
(20, '01.00020', '01.00006', '01.00006', 0, '1.1.1.1.1.1.2', 7, '2021-04-28', 1, 0),
(21, '01.00021', '01.00006', '01.00006', 0, '1.1.1.1.1.1.3', 7, '2021-04-28', 1, 0),
(22, '01.00022', '01.00006', '01.00006', 0, '1.1.1.1.1.1.4', 7, '2021-04-28', 1, 0),
(23, '01.00023', '01.00001', '01.00001', 0, '1.3', 2, '2021-04-28', 0, 0),
(24, '01.00024', '01.00016', '01.00016', 0, '1.1.1.8.1', 5, '2021-04-28', 1, 0),
(25, '01.00025', '01.00010', '01.00010', 1, '1.1.1.4.1', 5, '2021-04-28', 1, 0),
(26, '01.00026', '01.00016', '01.00016', 3, '1.1.1.8.2', 5, '2021-04-28', 1, 0),
(27, '01.00027', '01.00010', '01.00010', 2, '1.1.1.4.2', 5, '2021-04-28', 1, 0),
(28, '01.00028', '01.00010', '01.00010', 0, '1.1.1.4.3', 5, '2021-04-28', 1, 0),
(29, '01.00029', '01.00003', '01.00003', 0, '1.1.1.10', 4, '2021-04-28', 1, 0),
(30, '01.00030', '01.00016', '01.00016', 0, '1.1.1.8.3', 5, '2021-04-28', 1, 0),
(31, '01.00031', '01.00003', '01.00003', 0, '1.1.1.11', 4, '2021-04-28', 1, 0),
(32, '01.00032', '01.00016', '01.00016', 0, '1.1.1.8.4', 5, '2021-04-28', 1, 0),
(33, '01.00033', '01.00003', '01.00003', 0, '1.1.1.12', 4, '2021-04-28', 1, 0),
(34, '01.00034', '01.00026', '01.00026', 1, '1.1.1.8.2.1', 6, '2021-04-28', 1, 0),
(35, '01.00035', '01.00003', '01.00003', 0, '1.1.1.13', 4, '2021-04-28', 1, 0),
(36, '01.00036', '01.00026', '01.00026', 1, '1.1.1.8.2.2', 6, '2021-04-28', 1, 0),
(37, '01.00037', '01.00026', '01.00026', 0, '1.1.1.8.2.3', 6, '2021-04-28', 1, 0),
(38, '01.00038', '01.00034', '01.00034', 0, '1.1.1.8.2.1.1', 7, '2021-04-28', 1, 0),
(39, '01.00039', '01.00036', '01.00036', 0, '1.1.1.8.2.2.1', 7, '2021-04-28', 1, 0),
(40, '01.00040', '01.00003', '01.00003', 0, '1.1.1.14', 4, '2021-04-28', 1, 0),
(41, '01.00041', '01.00003', '01.00003', 0, '1.1.1.15', 4, '2021-04-28', 1, 0),
(42, '01.00042', '01.00003', '01.00003', 1, '1.1.1.16', 4, '2021-04-28', 1, 0),
(43, '01.00043', '01.00003', '01.00003', 0, '1.1.1.17', 4, '2021-04-28', 1, 0),
(44, '01.00044', '01.00003', '01.00003', 0, '1.1.1.18', 4, '2021-04-28', 1, 0),
(45, '01.00045', '01.00003', '01.00003', 0, '1.1.1.19', 4, '2021-04-28', 1, 0),
(46, '01.00046', '01.00003', '01.00003', 0, '1.1.1.20', 4, '2021-04-28', 1, 0),
(47, '01.00047', '01.00003', '01.00003', 0, '1.1.1.21', 4, '2021-04-28', 1, 0),
(48, '01.00048', '01.00003', '01.00003', 0, '1.1.1.22', 4, '2021-04-28', 1, 0),
(49, '01.00049', '01.00016', '01.00016', 0, '1.1.1.8.5', 5, '2021-04-28', 1, 0),
(50, '01.00050', '01.00003', '01.00003', 1, '1.1.1.23', 4, '2021-04-28', 1, 0),
(51, '01.00051', '01.00010', '01.00010', 0, '1.1.1.4.4', 5, '2021-04-28', 1, 0),
(52, '01.00052', '01.00003', '01.00003', 1, '1.1.1.24', 4, '2021-04-28', 1, 0),
(53, '01.00053', '01.00010', '01.00010', 2, '1.1.1.4.5', 5, '2021-04-28', 1, 0),
(54, '01.00054', '01.00003', '01.00003', 1, '1.1.1.25', 4, '2021-04-28', 1, 0),
(55, '01.00055', '01.00054', '01.00054', 1, '1.1.1.25.1', 5, '2021-04-28', 1, 0),
(56, '01.00056', '01.00009', '01.00009', 0, '1.1.1.3.1', 5, '2021-04-28', 1, 0),
(57, '01.00057', '01.00009', '01.00009', 0, '1.1.1.3.2', 5, '2021-04-28', 1, 0),
(58, '01.00058', '01.00004', '01.00004', 0, '1.1.1.1.3', 5, '2021-04-28', 1, 0),
(59, '01.00059', '01.00004', '01.00004', 0, '1.1.1.1.4', 5, '2021-04-28', 1, 0),
(60, '01.00060', '01.00055', '01.00055', 0, '1.1.1.25.1.1', 6, '2021-04-28', 1, 0),
(61, '01.00061', '01.00004', '01.00004', 0, '1.1.1.1.5', 5, '2021-04-28', 1, 0),
(62, '01.00062', '01.00027', '01.00027', 0, '1.1.1.4.2.1', 6, '2021-04-28', 1, 0),
(63, '01.00063', '01.00009', '01.00009', 0, '1.1.1.3.3', 5, '2021-04-28', 1, 0),
(64, '01.00064', '01.00003', '01.00003', 8, '1.1.1.26', 4, '2021-04-28', 1, 0),
(65, '01.00065', '01.00027', '01.00027', 0, '1.1.1.4.2.2', 6, '2021-04-28', 1, 0),
(66, '01.00066', '01.00004', '01.00004', 0, '1.1.1.1.6', 5, '2021-04-28', 1, 0),
(67, '01.00067', '01.00016', '01.00016', 3, '1.1.1.8.6', 5, '2021-04-28', 1, 0),
(68, '01.00068', '01.00067', '01.00067', 0, '1.1.1.8.6.1', 6, '2021-04-28', 1, 0),
(69, '01.00069', '01.00042', '01.00042', 0, '1.1.1.16.1', 5, '2021-04-28', 1, 0),
(70, '01.00070', '01.00003', '01.00003', 0, '1.1.1.27', 4, '2021-04-28', 1, 0),
(71, '01.00071', '01.00025', '01.00025', 0, '1.1.1.4.1.1', 6, '2021-04-28', 1, 0),
(72, '01.00072', '01.00067', '01.00067', 0, '1.1.1.8.6.2', 6, '2021-04-28', 1, 0),
(73, '01.00073', '01.00016', '01.00016', 3, '1.1.1.8.7', 5, '2021-04-28', 1, 0),
(74, '01.00074', '01.00073', '01.00073', 0, '1.1.1.8.7.1', 6, '2021-04-28', 1, 0),
(75, '01.00075', '01.00064', '01.00064', 1, '1.1.1.26.1', 5, '2021-04-28', 1, 0),
(76, '01.00076', '01.00003', '01.00003', 0, '1.1.1.28', 4, '2021-04-28', 1, 0),
(77, '01.00077', '01.00003', '01.00003', 0, '1.1.1.29', 4, '2021-04-28', 1, 0),
(78, '01.00078', '01.00003', '01.00003', 0, '1.1.1.30', 4, '2021-04-28', 1, 0),
(79, '01.00079', '01.00003', '01.00003', 0, '1.1.1.31', 4, '2021-04-28', 1, 0),
(80, '01.00080', '01.00053', '01.00053', 0, '1.1.1.4.5.1', 6, '2021-04-28', 1, 0),
(81, '01.00081', '01.00067', '01.00067', 0, '1.1.1.8.6.3', 6, '2021-04-28', 1, 0),
(82, '01.00082', '01.00016', '01.00016', 0, '1.1.1.8.8', 5, '2021-04-28', 1, 0),
(83, '01.00083', '01.00075', '01.00075', 0, '1.1.1.26.1.1', 6, '2021-04-28', 1, 0),
(84, '01.00084', '01.00073', '01.00073', 1, '1.1.1.8.7.3', 6, '2021-04-28', 1, 0),
(85, '01.00085', '01.00003', '01.00003', 0, '1.1.1.32', 4, '2021-04-28', 1, 0),
(86, '01.00086', '01.00064', '01.00064', 0, '1.1.1.26.2', 5, '2021-04-28', 1, 0),
(87, '01.00087', '01.00004', '01.00004', 0, '1.1.1.1.7', 5, '2021-04-28', 1, 0),
(88, '01.00088', '01.00064', '01.00064', 0, '1.1.1.26.3', 5, '2021-04-28', 1, 0),
(89, '01.00089', '01.00073', '01.00073', 1, '1.1.1.8.7.2', 6, '2021-04-28', 1, 0),
(90, '01.00090', '01.00052', '01.00052', 0, '1.1.1.24.1', 5, '2021-04-28', 1, 0),
(91, '01.00091', '01.00084', '01.00084', 0, '1.1.1.8.7.3.1', 7, '2021-04-28', 1, 0),
(92, '01.00092', '01.00089', '01.00089', 0, '1.1.1.8.7.2.1', 7, '2021-04-28', 1, 0),
(93, '01.00093', '01.00003', '01.00003', 2, '1.1.1.33', 4, '2021-04-28', 1, 0),
(94, '01.00094', '01.00053', '01.00053', 0, '1.1.1.4.5.2', 6, '2021-04-28', 1, 0),
(95, '01.00095', '01.00064', '01.00064', 0, '1.1.1.26.4', 5, '2021-04-28', 1, 0),
(96, '01.00096', '01.00093', '01.00093', 0, '1.1.1.33.1', 5, '2021-04-28', 1, 0),
(97, '01.00097', '01.00064', '01.00064', 0, '1.1.1.26.5', 5, '2021-04-28', 1, 0),
(98, '01.00098', '01.00009', '01.00009', 0, '1.1.1.3.4', 5, '2021-04-28', 1, 0),
(99, '01.00099', '01.00003', '01.00003', 0, '1.1.1.34', 4, '2021-04-28', 1, 0),
(100, '01.00100', '01.00003', '01.00003', 0, '1.1.1.35', 4, '2021-04-28', 1, 0),
(101, '01.00101', '01.00003', '01.00003', 0, '1.1.1.36', 4, '2021-04-28', 1, 0),
(102, '01.00102', '01.00009', '01.00009', 0, '1.1.1.3.5', 5, '2021-04-28', 1, 0),
(103, '01.00103', '01.00093', '01.00093', 0, '1.1.1.33.2', 5, '2021-04-28', 1, 0),
(104, '01.00104', '01.00003', '01.00003', 1, '1.1.1.37', 4, '2021-04-28', 1, 0),
(105, '01.00105', '01.00003', '01.00003', 0, '1.1.1.38', 4, '2021-04-28', 1, 0),
(106, '01.00106', '01.00009', '01.00009', 0, '1.1.1.3.6', 5, '2021-04-28', 1, 0),
(107, '01.00107', '01.00016', '01.00016', 0, '1.1.1.8.9', 5, '2021-04-28', 1, 0),
(108, '01.00108', '01.00016', '01.00016', 2, '1.1.1.8.10', 5, '2021-04-28', 1, 0),
(109, '01.00109', '01.00108', '01.00108', 0, '1.1.1.8.10.1', 6, '2021-04-28', 1, 0),
(110, '01.00110', '01.00016', '01.00016', 0, '1.1.1.8.11', 5, '2021-04-28', 1, 0),
(111, '01.00111', '01.00003', '01.00003', 0, '1.1.1.39', 4, '2021-04-28', 1, 0),
(112, '01.00112', '01.00016', '01.00016', 0, '1.1.1.8.12', 5, '2021-04-28', 1, 0),
(113, '01.00113', '01.00064', '01.00064', 0, '1.1.1.26.6', 5, '2021-04-28', 1, 0),
(114, '01.00114', '01.00003', '01.00003', 0, '1.1.1.40', 4, '2021-04-28', 1, 0),
(115, '01.00115', '01.00003', '01.00003', 0, '1.1.1.41', 4, '2021-04-28', 1, 0),
(116, '01.00116', '01.00050', '01.00050', 0, '1.1.1.23.1', 5, '2021-04-28', 1, 0),
(117, '01.00117', '01.00064', '01.00064', 1, '1.1.1.26.7', 5, '2021-04-28', 1, 0),
(118, '01.00118', '01.00117', '01.00117', 0, '1.1.1.26.7.1', 6, '2021-04-28', 1, 0),
(119, '01.00119', '01.00016', '01.00016', 1, '1.1.1.8.13', 5, '2021-04-28', 1, 0),
(120, '01.00120', '01.00016', '01.00016', 0, '1.1.1.8.14', 5, '2021-04-28', 1, 0),
(121, '01.00121', '01.00119', '01.00119', 1, '1.1.1.8.13.1', 6, '2021-04-28', 1, 0),
(122, '01.00122', '01.00121', '01.00121', 0, '1.1.1.8.13.1.1', 7, '2021-04-28', 1, 0),
(123, '01.00123', '01.00003', '01.00003', 0, '1.1.1.42', 4, '2021-04-28', 1, 0),
(124, '01.00124', '01.00108', '01.00108', 0, '1.1.1.8.10.2', 6, '2021-04-28', 1, 0),
(125, '01.00125', '01.00003', '01.00003', 0, '1.1.1.43', 4, '2021-04-28', 0, 0),
(126, '01.00126', '01.00003', '01.00003', 0, '1.1.1.44', 4, '2021-04-28', 0, 0),
(127, '01.00127', '01.00003', '01.00003', 0, '1.1.1.45', 4, '2021-04-28', 0, 0),
(128, '01.00128', '01.00003', '01.00003', 0, '1.1.1.46', 4, '2021-04-28', 0, 0),
(129, '01.00129', '01.00003', '01.00003', 0, '1.1.1.47', 4, '2021-04-28', 0, 0),
(130, '01.00130', '01.00064', '01.00064', 0, '1.1.1.26.8', 5, '2021-04-28', 0, 0),
(131, '01.00131', '01.00104', '01.00104', 0, '1.1.1.37.1', 5, '2021-04-28', 0, 0),
(132, '01.00132', '01.00013', '01.00013', 2, '1.1.1.6.1', 5, '2021-04-28', 0, 0),
(133, '01.00133', '01.00132', '01.00132', 0, '1.1.1.6.1.1', 6, '2021-04-28', 0, 0),
(134, '01.00134', '01.00132', '01.00132', 0, '1.1.1.6.1.2', 6, '2021-04-28', 0, 0);

-- --------------------------------------------------------

--
-- Struktur dari tabel `tb_payout`
--

CREATE TABLE `tb_payout` (
  `id` int(11) NOT NULL,
  `nama_payout` varchar(128) NOT NULL,
  `nominal` int(11) NOT NULL
) ENGINE=InnoDB DEFAULT CHARSET=latin1;

--
-- Dumping data untuk tabel `tb_payout`
--

INSERT INTO `tb_payout` (`id`, `nama_payout`, `nominal`) VALUES
(1, 'refferal', 31500),
(2, 'poin', 24000),
(3, 'investor', 4500),
(4, 'cabang', 10000),
(5, 'royalti', 50000),
(6, 'marketing', 35000),
(7, 'sosial', 10000),
(8, 'cadangan', 14000),
(9, 'simpanan wajib', 12000),
(10, 'simpanan pokok', 9000);

-- --------------------------------------------------------

--
-- Struktur dari tabel `tb_payout_trans`
--

CREATE TABLE `tb_payout_trans` (
  `id` int(11) NOT NULL,
  `idted` varchar(8) NOT NULL,
  `payout_id` int(11) NOT NULL,
  `nominal` int(11) NOT NULL,
  `tgl_transaksi` datetime NOT NULL DEFAULT CURRENT_TIMESTAMP
) ENGINE=InnoDB DEFAULT CHARSET=latin1;

--
-- Dumping data untuk tabel `tb_payout_trans`
--

INSERT INTO `tb_payout_trans` (`id`, `idted`, `payout_id`, `nominal`, `tgl_transaksi`) VALUES
(1, '01.00001', 1, 31500, '2019-10-28 00:00:00'),
(2, '01.00002', 1, 31500, '2019-11-05 00:00:00'),
(3, '01.00003', 1, 31500, '2019-11-05 00:00:00'),
(4, '01.00004', 1, 31500, '2019-11-05 00:00:00'),
(5, '01.00005', 1, 31500, '2019-11-05 00:00:00'),
(6, '01.00006', 1, 31500, '2019-11-05 00:00:00'),
(7, '01.00007', 1, 31500, '2019-11-05 00:00:00'),
(8, '01.00008', 1, 31500, '2019-11-05 00:00:00'),
(9, '01.00009', 1, 31500, '2019-11-05 00:00:00'),
(10, '01.00010', 1, 31500, '2019-11-05 00:00:00'),
(11, '01.00011', 1, 31500, '2019-11-05 00:00:00'),
(12, '01.00012', 1, 31500, '2019-11-06 00:00:00'),
(13, '01.00013', 1, 0, '2019-11-10 00:00:00'),
(14, '01.00014', 1, 31500, '2019-11-11 00:00:00'),
(15, '01.00015', 1, 31500, '2019-11-11 00:00:00'),
(16, '01.00016', 1, 0, '2019-11-13 00:00:00'),
(17, '01.00017', 1, 31500, '2019-11-14 00:00:00'),
(18, '01.00018', 1, 0, '2019-11-16 00:00:00'),
(19, '01.00019', 1, 0, '2019-11-19 00:00:00'),
(20, '01.00020', 1, 0, '2019-11-19 00:00:00'),
(21, '01.00021', 1, 0, '2019-11-19 00:00:00'),
(22, '01.00022', 1, 0, '2019-11-19 00:00:00'),
(23, '01.00023', 1, 31500, '2019-12-05 00:00:00'),
(24, '01.00024', 1, 31500, '2019-12-05 00:00:00'),
(25, '01.00025', 1, 31500, '2019-12-05 00:00:00'),
(26, '01.00026', 1, 0, '2019-12-06 00:00:00'),
(27, '01.00027', 1, 31500, '2019-12-08 00:00:00'),
(28, '01.00028', 1, 31500, '2019-12-08 00:00:00'),
(29, '01.00029', 1, 0, '2019-12-09 00:00:00'),
(30, '01.00030', 1, 31500, '2019-12-16 00:00:00'),
(31, '01.00031', 1, 31500, '2019-12-19 00:00:00'),
(32, '01.00032', 1, 31500, '2019-12-24 00:00:00'),
(33, '01.00033', 1, 31500, '2019-12-25 00:00:00'),
(34, '01.00034', 1, 31500, '2020-01-06 00:00:00'),
(35, '01.00035', 1, 0, '2020-01-08 00:00:00'),
(36, '01.00036', 1, 31500, '2020-01-08 00:00:00'),
(37, '01.00037', 1, 31500, '2020-01-08 00:00:00'),
(38, '01.00038', 1, 31500, '2020-01-08 00:00:00'),
(39, '01.00039', 1, 31500, '2020-01-16 00:00:00'),
(40, '01.00040', 1, 0, '2020-01-27 00:00:00'),
(41, '01.00041', 1, 0, '2020-02-08 00:00:00'),
(42, '01.00042', 1, 31500, '2020-02-09 00:00:00'),
(43, '01.00043', 1, 0, '2020-02-20 00:00:00'),
(44, '01.00044', 1, 0, '2020-02-21 00:00:00'),
(45, '01.00045', 1, 0, '2020-02-25 00:00:00'),
(46, '01.00046', 1, 31500, '2020-02-26 00:00:00'),
(47, '01.00047', 1, 31500, '2020-02-26 00:00:00'),
(48, '01.00048', 1, 0, '2020-03-02 00:00:00'),
(49, '01.00049', 1, 0, '2020-03-02 00:00:00'),
(50, '01.00050', 1, 0, '2020-03-21 00:00:00'),
(51, '01.00051', 1, 31500, '2020-03-25 00:00:00'),
(52, '01.00052', 1, 31500, '2020-04-10 00:00:00'),
(53, '01.00053', 1, 31500, '2020-05-01 00:00:00'),
(54, '01.00054', 1, 31500, '2020-05-31 00:00:00'),
(55, '01.00055', 1, 31500, '2020-06-02 00:00:00'),
(56, '01.00056', 1, 0, '2020-06-02 00:00:00'),
(57, '01.00057', 1, 0, '2020-06-02 00:00:00'),
(58, '01.00058', 1, 31500, '2020-06-08 00:00:00'),
(59, '01.00059', 1, 31500, '2020-06-08 00:00:00'),
(60, '01.00060', 1, 31500, '2020-06-09 00:00:00'),
(61, '01.00061', 1, 31500, '2020-06-16 00:00:00'),
(62, '01.00062', 1, 31500, '2020-06-20 00:00:00'),
(63, '01.00063', 1, 31500, '2020-06-24 00:00:00'),
(64, '01.00064', 1, 31500, '2020-06-25 00:00:00'),
(65, '01.00065', 1, 31500, '2020-06-29 00:00:00'),
(66, '01.00066', 1, 31500, '2020-07-13 00:00:00'),
(67, '01.00067', 1, 31500, '2020-07-19 00:00:00'),
(68, '01.00068', 1, 31500, '2020-07-25 00:00:00'),
(69, '01.00069', 1, 0, '2020-07-27 00:00:00'),
(70, '01.00070', 1, 0, '2020-07-29 00:00:00'),
(71, '01.00071', 1, 31500, '2020-08-03 00:00:00'),
(72, '01.00072', 1, 31500, '2020-08-04 00:00:00'),
(73, '01.00073', 1, 31500, '2020-08-05 00:00:00'),
(74, '01.00074', 1, 0, '2020-08-05 00:00:00'),
(75, '01.00075', 1, 0, '2020-08-08 00:00:00'),
(76, '01.00076', 1, 0, '2020-08-12 00:00:00'),
(77, '01.00077', 1, 31500, '2020-08-17 00:00:00'),
(78, '01.00078', 1, 0, '2020-08-18 00:00:00'),
(79, '01.00079', 1, 0, '2020-08-20 00:00:00'),
(80, '01.00080', 1, 0, '2020-08-20 00:00:00'),
(81, '01.00081', 1, 31500, '2020-08-22 00:00:00'),
(82, '01.00082', 1, 31500, '2020-08-22 00:00:00'),
(83, '01.00083', 1, 31500, '2020-08-25 00:00:00'),
(84, '01.00084', 1, 31500, '2020-08-25 00:00:00'),
(85, '01.00085', 1, 31500, '2020-08-27 00:00:00'),
(86, '01.00086', 1, 0, '2020-08-27 00:00:00'),
(87, '01.00087', 1, 31500, '2020-08-28 00:00:00'),
(88, '01.00088', 1, 31500, '2020-08-28 00:00:00'),
(89, '01.00089', 1, 31500, '2020-09-02 00:00:00'),
(90, '01.00090', 1, 31500, '2020-09-02 00:00:00'),
(91, '01.00091', 1, 31500, '2020-09-03 00:00:00'),
(92, '01.00092', 1, 31500, '2020-09-04 00:00:00'),
(93, '01.00093', 1, 31500, '2020-09-04 00:00:00'),
(94, '01.00094', 1, 31500, '2020-09-04 00:00:00'),
(95, '01.00001', 2, 54000, '2019-10-28 00:00:00'),
(96, '01.00002', 2, 54000, '2019-11-05 00:00:00'),
(97, '01.00003', 2, 54000, '2019-11-05 00:00:00'),
(98, '01.00004', 2, 54000, '2019-11-05 00:00:00'),
(99, '01.00005', 2, 54000, '2019-11-05 00:00:00'),
(100, '01.00006', 2, 54000, '2019-11-05 00:00:00'),
(101, '01.00007', 2, 54000, '2019-11-05 00:00:00'),
(102, '01.00008', 2, 54000, '2019-11-05 00:00:00'),
(103, '01.00009', 2, 54000, '2019-11-05 00:00:00'),
(104, '01.00010', 2, 54000, '2019-11-05 00:00:00'),
(105, '01.00011', 2, 54000, '2019-11-05 00:00:00'),
(106, '01.00012', 2, 54000, '2019-11-06 00:00:00'),
(107, '01.00013', 2, 0, '2019-11-10 00:00:00'),
(108, '01.00014', 2, 54000, '2019-11-11 00:00:00'),
(109, '01.00015', 2, 54000, '2019-11-11 00:00:00'),
(110, '01.00016', 2, 0, '2019-11-13 00:00:00'),
(111, '01.00017', 2, 54000, '2019-11-14 00:00:00'),
(112, '01.00018', 2, 0, '2019-11-16 00:00:00'),
(113, '01.00019', 2, 0, '2019-11-19 00:00:00'),
(114, '01.00020', 2, 0, '2019-11-19 00:00:00'),
(115, '01.00021', 2, 0, '2019-11-19 00:00:00'),
(116, '01.00022', 2, 0, '2019-11-19 00:00:00'),
(117, '01.00023', 2, 54000, '2019-12-05 00:00:00'),
(118, '01.00024', 2, 54000, '2019-12-05 00:00:00'),
(119, '01.00025', 2, 54000, '2019-12-05 00:00:00'),
(120, '01.00026', 2, 0, '2019-12-06 00:00:00'),
(121, '01.00027', 2, 54000, '2019-12-08 00:00:00'),
(122, '01.00028', 2, 54000, '2019-12-08 00:00:00'),
(123, '01.00029', 2, 0, '2019-12-09 00:00:00'),
(124, '01.00030', 2, 54000, '2019-12-16 00:00:00'),
(125, '01.00031', 2, 54000, '2019-12-19 00:00:00'),
(126, '01.00032', 2, 54000, '2019-12-24 00:00:00'),
(127, '01.00033', 2, 54000, '2019-12-25 00:00:00'),
(128, '01.00034', 2, 54000, '2020-01-06 00:00:00'),
(129, '01.00035', 2, 0, '2020-01-08 00:00:00'),
(130, '01.00036', 2, 54000, '2020-01-08 00:00:00'),
(131, '01.00037', 2, 54000, '2020-01-08 00:00:00'),
(132, '01.00038', 2, 54000, '2020-01-08 00:00:00'),
(133, '01.00039', 2, 54000, '2020-01-16 00:00:00'),
(134, '01.00040', 2, 0, '2020-01-27 00:00:00'),
(135, '01.00041', 2, 0, '2020-02-08 00:00:00'),
(136, '01.00042', 2, 54000, '2020-02-09 00:00:00'),
(137, '01.00043', 2, 0, '2020-02-20 00:00:00'),
(138, '01.00044', 2, 0, '2020-02-21 00:00:00'),
(139, '01.00045', 2, 0, '2020-02-25 00:00:00'),
(140, '01.00046', 2, 54000, '2020-02-26 00:00:00'),
(141, '01.00047', 2, 54000, '2020-02-26 00:00:00'),
(142, '01.00048', 2, 0, '2020-03-02 00:00:00'),
(143, '01.00049', 2, 0, '2020-03-02 00:00:00'),
(144, '01.00050', 2, 0, '2020-03-21 00:00:00'),
(145, '01.00051', 2, 54000, '2020-03-25 00:00:00'),
(146, '01.00052', 2, 54000, '2020-04-10 00:00:00'),
(147, '01.00053', 2, 54000, '2020-05-01 00:00:00'),
(148, '01.00054', 2, 54000, '2020-05-31 00:00:00'),
(149, '01.00055', 2, 54000, '2020-06-02 00:00:00'),
(150, '01.00056', 2, 0, '2020-06-02 00:00:00'),
(151, '01.00057', 2, 0, '2020-06-02 00:00:00'),
(152, '01.00058', 2, 54000, '2020-06-08 00:00:00'),
(153, '01.00059', 2, 54000, '2020-06-08 00:00:00'),
(154, '01.00060', 2, 54000, '2020-06-09 00:00:00'),
(155, '01.00061', 2, 54000, '2020-06-16 00:00:00'),
(156, '01.00062', 2, 54000, '2020-06-20 00:00:00'),
(157, '01.00063', 2, 54000, '2020-06-24 00:00:00'),
(158, '01.00064', 2, 54000, '2020-06-25 00:00:00'),
(159, '01.00065', 2, 54000, '2020-06-29 00:00:00'),
(160, '01.00066', 2, 54000, '2020-07-13 00:00:00'),
(161, '01.00067', 2, 54000, '2020-07-19 00:00:00'),
(162, '01.00068', 2, 54000, '2020-07-25 00:00:00'),
(163, '01.00069', 2, 0, '2020-07-27 00:00:00'),
(164, '01.00070', 2, 0, '2020-07-29 00:00:00'),
(165, '01.00071', 2, 54000, '2020-08-03 00:00:00'),
(166, '01.00072', 2, 54000, '2020-08-04 00:00:00'),
(167, '01.00073', 2, 54000, '2020-08-05 00:00:00'),
(168, '01.00074', 2, 0, '2020-08-05 00:00:00'),
(169, '01.00075', 2, 0, '2020-08-08 00:00:00'),
(170, '01.00076', 2, 0, '2020-08-12 00:00:00'),
(171, '01.00077', 2, 54000, '2020-08-17 00:00:00'),
(172, '01.00078', 2, 0, '2020-08-18 00:00:00'),
(173, '01.00079', 2, 0, '2020-08-20 00:00:00'),
(174, '01.00080', 2, 0, '2020-08-20 00:00:00'),
(175, '01.00081', 2, 54000, '2020-08-22 00:00:00'),
(176, '01.00082', 2, 54000, '2020-08-22 00:00:00'),
(177, '01.00083', 2, 54000, '2020-08-25 00:00:00'),
(178, '01.00084', 2, 54000, '2020-08-25 00:00:00'),
(179, '01.00085', 2, 54000, '2020-08-27 00:00:00'),
(180, '01.00086', 2, 0, '2020-08-27 00:00:00'),
(181, '01.00087', 2, 54000, '2020-08-28 00:00:00'),
(182, '01.00088', 2, 54000, '2020-08-28 00:00:00'),
(183, '01.00089', 2, 54000, '2020-09-02 00:00:00'),
(184, '01.00090', 2, 54000, '2020-09-02 00:00:00'),
(185, '01.00091', 2, 54000, '2020-09-03 00:00:00'),
(186, '01.00092', 2, 54000, '2020-09-04 00:00:00'),
(187, '01.00093', 2, 54000, '2020-09-04 00:00:00'),
(188, '01.00094', 2, 54000, '2020-09-04 00:00:00'),
(189, '01.00001', 3, 20000, '2019-10-28 00:00:00'),
(190, '01.00002', 3, 20000, '2019-11-05 00:00:00'),
(191, '01.00003', 3, 20000, '2019-11-05 00:00:00'),
(192, '01.00004', 3, 20000, '2019-11-05 00:00:00'),
(193, '01.00005', 3, 20000, '2019-11-05 00:00:00'),
(194, '01.00006', 3, 20000, '2019-11-05 00:00:00'),
(195, '01.00007', 3, 20000, '2019-11-05 00:00:00'),
(196, '01.00008', 3, 20000, '2019-11-05 00:00:00'),
(197, '01.00009', 3, 20000, '2019-11-05 00:00:00'),
(198, '01.00010', 3, 20000, '2019-11-05 00:00:00'),
(199, '01.00011', 3, 20000, '2019-11-05 00:00:00'),
(200, '01.00012', 3, 20000, '2019-11-06 00:00:00'),
(201, '01.00013', 3, 0, '2019-11-10 00:00:00'),
(202, '01.00014', 3, 20000, '2019-11-11 00:00:00'),
(203, '01.00015', 3, 20000, '2019-11-11 00:00:00'),
(204, '01.00016', 3, 0, '2019-11-13 00:00:00'),
(205, '01.00017', 3, 20000, '2019-11-14 00:00:00'),
(206, '01.00018', 3, 0, '2019-11-16 00:00:00'),
(207, '01.00019', 3, 0, '2019-11-19 00:00:00'),
(208, '01.00020', 3, 0, '2019-11-19 00:00:00'),
(209, '01.00021', 3, 0, '2019-11-19 00:00:00'),
(210, '01.00022', 3, 0, '2019-11-19 00:00:00'),
(211, '01.00023', 3, 20000, '2019-12-05 00:00:00'),
(212, '01.00024', 3, 20000, '2019-12-05 00:00:00'),
(213, '01.00025', 3, 20000, '2019-12-05 00:00:00'),
(214, '01.00026', 3, 0, '2019-12-06 00:00:00'),
(215, '01.00027', 3, 20000, '2019-12-08 00:00:00'),
(216, '01.00028', 3, 20000, '2019-12-08 00:00:00'),
(217, '01.00029', 3, 0, '2019-12-09 00:00:00'),
(218, '01.00030', 3, 20000, '2019-12-16 00:00:00'),
(219, '01.00031', 3, 20000, '2019-12-19 00:00:00'),
(220, '01.00032', 3, 20000, '2019-12-24 00:00:00'),
(221, '01.00033', 3, 20000, '2019-12-25 00:00:00'),
(222, '01.00034', 3, 20000, '2020-01-06 00:00:00'),
(223, '01.00035', 3, 0, '2020-01-08 00:00:00'),
(224, '01.00036', 3, 20000, '2020-01-08 00:00:00'),
(225, '01.00037', 3, 20000, '2020-01-08 00:00:00'),
(226, '01.00038', 3, 20000, '2020-01-08 00:00:00'),
(227, '01.00039', 3, 20000, '2020-01-16 00:00:00'),
(228, '01.00040', 3, 0, '2020-01-27 00:00:00'),
(229, '01.00041', 3, 0, '2020-02-08 00:00:00'),
(230, '01.00042', 3, 20000, '2020-02-09 00:00:00'),
(231, '01.00043', 3, 0, '2020-02-20 00:00:00'),
(232, '01.00044', 3, 0, '2020-02-21 00:00:00'),
(233, '01.00045', 3, 0, '2020-02-25 00:00:00'),
(234, '01.00046', 3, 20000, '2020-02-26 00:00:00'),
(235, '01.00047', 3, 20000, '2020-02-26 00:00:00'),
(236, '01.00048', 3, 0, '2020-03-02 00:00:00'),
(237, '01.00049', 3, 0, '2020-03-02 00:00:00'),
(238, '01.00050', 3, 0, '2020-03-21 00:00:00'),
(239, '01.00051', 3, 20000, '2020-03-25 00:00:00'),
(240, '01.00052', 3, 20000, '2020-04-10 00:00:00'),
(241, '01.00053', 3, 20000, '2020-05-01 00:00:00'),
(242, '01.00054', 3, 20000, '2020-05-31 00:00:00'),
(243, '01.00055', 3, 20000, '2020-06-02 00:00:00'),
(244, '01.00056', 3, 0, '2020-06-02 00:00:00'),
(245, '01.00057', 3, 0, '2020-06-02 00:00:00'),
(246, '01.00058', 3, 20000, '2020-06-08 00:00:00'),
(247, '01.00059', 3, 20000, '2020-06-08 00:00:00'),
(248, '01.00060', 3, 20000, '2020-06-09 00:00:00'),
(249, '01.00061', 3, 20000, '2020-06-16 00:00:00'),
(250, '01.00062', 3, 20000, '2020-06-20 00:00:00'),
(251, '01.00063', 3, 20000, '2020-06-24 00:00:00'),
(252, '01.00064', 3, 20000, '2020-06-25 00:00:00'),
(253, '01.00065', 3, 20000, '2020-06-29 00:00:00'),
(254, '01.00066', 3, 20000, '2020-07-13 00:00:00'),
(255, '01.00067', 3, 20000, '2020-07-19 00:00:00'),
(256, '01.00068', 3, 20000, '2020-07-25 00:00:00'),
(257, '01.00069', 3, 0, '2020-07-27 00:00:00'),
(258, '01.00070', 3, 0, '2020-07-29 00:00:00'),
(259, '01.00071', 3, 20000, '2020-08-03 00:00:00'),
(260, '01.00072', 3, 20000, '2020-08-04 00:00:00'),
(261, '01.00073', 3, 20000, '2020-08-05 00:00:00'),
(262, '01.00074', 3, 0, '2020-08-05 00:00:00'),
(263, '01.00075', 3, 0, '2020-08-08 00:00:00'),
(264, '01.00076', 3, 0, '2020-08-12 00:00:00'),
(265, '01.00077', 3, 20000, '2020-08-17 00:00:00'),
(266, '01.00078', 3, 0, '2020-08-18 00:00:00'),
(267, '01.00079', 3, 0, '2020-08-20 00:00:00'),
(268, '01.00080', 3, 0, '2020-08-20 00:00:00'),
(269, '01.00081', 3, 20000, '2020-08-22 00:00:00'),
(270, '01.00082', 3, 20000, '2020-08-22 00:00:00'),
(271, '01.00083', 3, 20000, '2020-08-25 00:00:00'),
(272, '01.00084', 3, 20000, '2020-08-25 00:00:00'),
(273, '01.00085', 3, 20000, '2020-08-27 00:00:00'),
(274, '01.00086', 3, 0, '2020-08-27 00:00:00'),
(275, '01.00087', 3, 20000, '2020-08-28 00:00:00'),
(276, '01.00088', 3, 20000, '2020-08-28 00:00:00'),
(277, '01.00089', 3, 20000, '2020-09-02 00:00:00'),
(278, '01.00090', 3, 20000, '2020-09-02 00:00:00'),
(279, '01.00091', 3, 20000, '2020-09-03 00:00:00'),
(280, '01.00092', 3, 20000, '2020-09-04 00:00:00'),
(281, '01.00093', 3, 20000, '2020-09-04 00:00:00'),
(282, '01.00094', 3, 20000, '2020-09-04 00:00:00'),
(283, '01.00001', 4, 10000, '2019-10-28 00:00:00'),
(284, '01.00002', 4, 10000, '2019-11-05 00:00:00'),
(285, '01.00003', 4, 10000, '2019-11-05 00:00:00'),
(286, '01.00004', 4, 10000, '2019-11-05 00:00:00'),
(287, '01.00005', 4, 10000, '2019-11-05 00:00:00'),
(288, '01.00006', 4, 10000, '2019-11-05 00:00:00'),
(289, '01.00007', 4, 10000, '2019-11-05 00:00:00'),
(290, '01.00008', 4, 10000, '2019-11-05 00:00:00'),
(291, '01.00009', 4, 10000, '2019-11-05 00:00:00'),
(292, '01.00010', 4, 10000, '2019-11-05 00:00:00'),
(293, '01.00011', 4, 10000, '2019-11-05 00:00:00'),
(294, '01.00012', 4, 10000, '2019-11-06 00:00:00'),
(295, '01.00013', 4, 0, '2019-11-10 00:00:00'),
(296, '01.00014', 4, 10000, '2019-11-11 00:00:00'),
(297, '01.00015', 4, 10000, '2019-11-11 00:00:00'),
(298, '01.00016', 4, 0, '2019-11-13 00:00:00'),
(299, '01.00017', 4, 10000, '2019-11-14 00:00:00'),
(300, '01.00018', 4, 0, '2019-11-16 00:00:00'),
(301, '01.00019', 4, 0, '2019-11-19 00:00:00'),
(302, '01.00020', 4, 0, '2019-11-19 00:00:00'),
(303, '01.00021', 4, 0, '2019-11-19 00:00:00'),
(304, '01.00022', 4, 0, '2019-11-19 00:00:00'),
(305, '01.00023', 4, 10000, '2019-12-05 00:00:00'),
(306, '01.00024', 4, 10000, '2019-12-05 00:00:00'),
(307, '01.00025', 4, 10000, '2019-12-05 00:00:00'),
(308, '01.00026', 4, 0, '2019-12-06 00:00:00'),
(309, '01.00027', 4, 10000, '2019-12-08 00:00:00'),
(310, '01.00028', 4, 10000, '2019-12-08 00:00:00'),
(311, '01.00029', 4, 0, '2019-12-09 00:00:00'),
(312, '01.00030', 4, 10000, '2019-12-16 00:00:00'),
(313, '01.00031', 4, 10000, '2019-12-19 00:00:00'),
(314, '01.00032', 4, 10000, '2019-12-24 00:00:00'),
(315, '01.00033', 4, 10000, '2019-12-25 00:00:00'),
(316, '01.00034', 4, 10000, '2020-01-06 00:00:00'),
(317, '01.00035', 4, 0, '2020-01-08 00:00:00'),
(318, '01.00036', 4, 10000, '2020-01-08 00:00:00'),
(319, '01.00037', 4, 10000, '2020-01-08 00:00:00'),
(320, '01.00038', 4, 10000, '2020-01-08 00:00:00'),
(321, '01.00039', 4, 10000, '2020-01-16 00:00:00'),
(322, '01.00040', 4, 0, '2020-01-27 00:00:00'),
(323, '01.00041', 4, 0, '2020-02-08 00:00:00'),
(324, '01.00042', 4, 10000, '2020-02-09 00:00:00'),
(325, '01.00043', 4, 0, '2020-02-20 00:00:00'),
(326, '01.00044', 4, 0, '2020-02-21 00:00:00'),
(327, '01.00045', 4, 0, '2020-02-25 00:00:00'),
(328, '01.00046', 4, 10000, '2020-02-26 00:00:00'),
(329, '01.00047', 4, 10000, '2020-02-26 00:00:00'),
(330, '01.00048', 4, 0, '2020-03-02 00:00:00'),
(331, '01.00049', 4, 0, '2020-03-02 00:00:00'),
(332, '01.00050', 4, 0, '2020-03-21 00:00:00'),
(333, '01.00051', 4, 10000, '2020-03-25 00:00:00'),
(334, '01.00052', 4, 10000, '2020-04-10 00:00:00'),
(335, '01.00053', 4, 10000, '2020-05-01 00:00:00'),
(336, '01.00054', 4, 10000, '2020-05-31 00:00:00'),
(337, '01.00055', 4, 10000, '2020-06-02 00:00:00'),
(338, '01.00056', 4, 0, '2020-06-02 00:00:00'),
(339, '01.00057', 4, 0, '2020-06-02 00:00:00'),
(340, '01.00058', 4, 10000, '2020-06-08 00:00:00'),
(341, '01.00059', 4, 10000, '2020-06-08 00:00:00'),
(342, '01.00060', 4, 10000, '2020-06-09 00:00:00'),
(343, '01.00061', 4, 10000, '2020-06-16 00:00:00'),
(344, '01.00062', 4, 10000, '2020-06-20 00:00:00'),
(345, '01.00063', 4, 10000, '2020-06-24 00:00:00'),
(346, '01.00064', 4, 10000, '2020-06-25 00:00:00'),
(347, '01.00065', 4, 10000, '2020-06-29 00:00:00'),
(348, '01.00066', 4, 10000, '2020-07-13 00:00:00'),
(349, '01.00067', 4, 10000, '2020-07-19 00:00:00'),
(350, '01.00068', 4, 10000, '2020-07-25 00:00:00'),
(351, '01.00069', 4, 0, '2020-07-27 00:00:00'),
(352, '01.00070', 4, 0, '2020-07-29 00:00:00'),
(353, '01.00071', 4, 10000, '2020-08-03 00:00:00'),
(354, '01.00072', 4, 10000, '2020-08-04 00:00:00'),
(355, '01.00073', 4, 10000, '2020-08-05 00:00:00'),
(356, '01.00074', 4, 0, '2020-08-05 00:00:00'),
(357, '01.00075', 4, 0, '2020-08-08 00:00:00'),
(358, '01.00076', 4, 0, '2020-08-12 00:00:00'),
(359, '01.00077', 4, 10000, '2020-08-17 00:00:00'),
(360, '01.00078', 4, 0, '2020-08-18 00:00:00'),
(361, '01.00079', 4, 0, '2020-08-20 00:00:00'),
(362, '01.00080', 4, 0, '2020-08-20 00:00:00'),
(363, '01.00081', 4, 10000, '2020-08-22 00:00:00'),
(364, '01.00082', 4, 10000, '2020-08-22 00:00:00'),
(365, '01.00083', 4, 10000, '2020-08-25 00:00:00'),
(366, '01.00084', 4, 10000, '2020-08-25 00:00:00'),
(367, '01.00085', 4, 10000, '2020-08-27 00:00:00'),
(368, '01.00086', 4, 0, '2020-08-27 00:00:00'),
(369, '01.00087', 4, 10000, '2020-08-28 00:00:00'),
(370, '01.00088', 4, 10000, '2020-08-28 00:00:00'),
(371, '01.00089', 4, 10000, '2020-09-02 00:00:00'),
(372, '01.00090', 4, 10000, '2020-09-02 00:00:00'),
(373, '01.00091', 4, 10000, '2020-09-03 00:00:00'),
(374, '01.00092', 4, 10000, '2020-09-04 00:00:00'),
(375, '01.00093', 4, 10000, '2020-09-04 00:00:00'),
(376, '01.00094', 4, 10000, '2020-09-04 00:00:00'),
(377, '01.00001', 5, 25000, '2019-10-28 00:00:00'),
(378, '01.00002', 5, 25000, '2019-11-05 00:00:00'),
(379, '01.00003', 5, 25000, '2019-11-05 00:00:00'),
(380, '01.00004', 5, 25000, '2019-11-05 00:00:00'),
(381, '01.00005', 5, 25000, '2019-11-05 00:00:00'),
(382, '01.00006', 5, 25000, '2019-11-05 00:00:00'),
(383, '01.00007', 5, 25000, '2019-11-05 00:00:00'),
(384, '01.00008', 5, 25000, '2019-11-05 00:00:00'),
(385, '01.00009', 5, 25000, '2019-11-05 00:00:00'),
(386, '01.00010', 5, 25000, '2019-11-05 00:00:00'),
(387, '01.00011', 5, 25000, '2019-11-05 00:00:00'),
(388, '01.00012', 5, 25000, '2019-11-06 00:00:00'),
(389, '01.00013', 5, 0, '2019-11-10 00:00:00'),
(390, '01.00014', 5, 25000, '2019-11-11 00:00:00'),
(391, '01.00015', 5, 25000, '2019-11-11 00:00:00'),
(392, '01.00016', 5, 0, '2019-11-13 00:00:00'),
(393, '01.00017', 5, 25000, '2019-11-14 00:00:00'),
(394, '01.00018', 5, 0, '2019-11-16 00:00:00'),
(395, '01.00019', 5, 0, '2019-11-19 00:00:00'),
(396, '01.00020', 5, 0, '2019-11-19 00:00:00'),
(397, '01.00021', 5, 0, '2019-11-19 00:00:00'),
(398, '01.00022', 5, 0, '2019-11-19 00:00:00'),
(399, '01.00023', 5, 25000, '2019-12-05 00:00:00'),
(400, '01.00024', 5, 25000, '2019-12-05 00:00:00'),
(401, '01.00025', 5, 25000, '2019-12-05 00:00:00'),
(402, '01.00026', 5, 0, '2019-12-06 00:00:00'),
(403, '01.00027', 5, 25000, '2019-12-08 00:00:00'),
(404, '01.00028', 5, 25000, '2019-12-08 00:00:00'),
(405, '01.00029', 5, 0, '2019-12-09 00:00:00'),
(406, '01.00030', 5, 25000, '2019-12-16 00:00:00'),
(407, '01.00031', 5, 25000, '2019-12-19 00:00:00'),
(408, '01.00032', 5, 25000, '2019-12-24 00:00:00'),
(409, '01.00033', 5, 25000, '2019-12-25 00:00:00'),
(410, '01.00034', 5, 25000, '2020-01-06 00:00:00'),
(411, '01.00035', 5, 0, '2020-01-08 00:00:00'),
(412, '01.00036', 5, 25000, '2020-01-08 00:00:00'),
(413, '01.00037', 5, 25000, '2020-01-08 00:00:00'),
(414, '01.00038', 5, 25000, '2020-01-08 00:00:00'),
(415, '01.00039', 5, 25000, '2020-01-16 00:00:00'),
(416, '01.00040', 5, 0, '2020-01-27 00:00:00'),
(417, '01.00041', 5, 0, '2020-02-08 00:00:00'),
(418, '01.00042', 5, 25000, '2020-02-09 00:00:00'),
(419, '01.00043', 5, 0, '2020-02-20 00:00:00'),
(420, '01.00044', 5, 0, '2020-02-21 00:00:00'),
(421, '01.00045', 5, 0, '2020-02-25 00:00:00'),
(422, '01.00046', 5, 25000, '2020-02-26 00:00:00'),
(423, '01.00047', 5, 25000, '2020-02-26 00:00:00'),
(424, '01.00048', 5, 0, '2020-03-02 00:00:00'),
(425, '01.00049', 5, 0, '2020-03-02 00:00:00'),
(426, '01.00050', 5, 0, '2020-03-21 00:00:00'),
(427, '01.00051', 5, 25000, '2020-03-25 00:00:00'),
(428, '01.00052', 5, 25000, '2020-04-10 00:00:00'),
(429, '01.00053', 5, 25000, '2020-05-01 00:00:00'),
(430, '01.00054', 5, 25000, '2020-05-31 00:00:00'),
(431, '01.00055', 5, 25000, '2020-06-02 00:00:00'),
(432, '01.00056', 5, 0, '2020-06-02 00:00:00'),
(433, '01.00057', 5, 0, '2020-06-02 00:00:00'),
(434, '01.00058', 5, 25000, '2020-06-08 00:00:00'),
(435, '01.00059', 5, 25000, '2020-06-08 00:00:00'),
(436, '01.00060', 5, 25000, '2020-06-09 00:00:00'),
(437, '01.00061', 5, 25000, '2020-06-16 00:00:00'),
(438, '01.00062', 5, 25000, '2020-06-20 00:00:00'),
(439, '01.00063', 5, 25000, '2020-06-24 00:00:00'),
(440, '01.00064', 5, 25000, '2020-06-25 00:00:00'),
(441, '01.00065', 5, 25000, '2020-06-29 00:00:00'),
(442, '01.00066', 5, 25000, '2020-07-13 00:00:00'),
(443, '01.00067', 5, 25000, '2020-07-19 00:00:00'),
(444, '01.00068', 5, 25000, '2020-07-25 00:00:00'),
(445, '01.00069', 5, 0, '2020-07-27 00:00:00'),
(446, '01.00070', 5, 0, '2020-07-29 00:00:00'),
(447, '01.00071', 5, 25000, '2020-08-03 00:00:00'),
(448, '01.00072', 5, 25000, '2020-08-04 00:00:00'),
(449, '01.00073', 5, 25000, '2020-08-05 00:00:00'),
(450, '01.00074', 5, 0, '2020-08-05 00:00:00'),
(451, '01.00075', 5, 0, '2020-08-08 00:00:00'),
(452, '01.00076', 5, 0, '2020-08-12 00:00:00'),
(453, '01.00077', 5, 25000, '2020-08-17 00:00:00'),
(454, '01.00078', 5, 0, '2020-08-18 00:00:00'),
(455, '01.00079', 5, 0, '2020-08-20 00:00:00'),
(456, '01.00080', 5, 0, '2020-08-20 00:00:00'),
(457, '01.00081', 5, 25000, '2020-08-22 00:00:00'),
(458, '01.00082', 5, 25000, '2020-08-22 00:00:00'),
(459, '01.00083', 5, 25000, '2020-08-25 00:00:00'),
(460, '01.00084', 5, 25000, '2020-08-25 00:00:00'),
(461, '01.00085', 5, 25000, '2020-08-27 00:00:00'),
(462, '01.00086', 5, 0, '2020-08-27 00:00:00'),
(463, '01.00087', 5, 25000, '2020-08-28 00:00:00'),
(464, '01.00088', 5, 25000, '2020-08-28 00:00:00'),
(465, '01.00089', 5, 25000, '2020-09-02 00:00:00'),
(466, '01.00090', 5, 25000, '2020-09-02 00:00:00'),
(467, '01.00091', 5, 25000, '2020-09-03 00:00:00'),
(468, '01.00092', 5, 25000, '2020-09-04 00:00:00'),
(469, '01.00093', 5, 25000, '2020-09-04 00:00:00'),
(470, '01.00094', 5, 25000, '2020-09-04 00:00:00'),
(471, '01.00001', 6, 10000, '2019-10-28 00:00:00'),
(472, '01.00002', 6, 10000, '2019-11-05 00:00:00'),
(473, '01.00003', 6, 10000, '2019-11-05 00:00:00'),
(474, '01.00004', 6, 10000, '2019-11-05 00:00:00'),
(475, '01.00005', 6, 10000, '2019-11-05 00:00:00'),
(476, '01.00006', 6, 10000, '2019-11-05 00:00:00'),
(477, '01.00007', 6, 10000, '2019-11-05 00:00:00'),
(478, '01.00008', 6, 10000, '2019-11-05 00:00:00'),
(479, '01.00009', 6, 10000, '2019-11-05 00:00:00'),
(480, '01.00010', 6, 10000, '2019-11-05 00:00:00'),
(481, '01.00011', 6, 10000, '2019-11-05 00:00:00'),
(482, '01.00012', 6, 10000, '2019-11-06 00:00:00'),
(483, '01.00013', 6, 0, '2019-11-10 00:00:00'),
(484, '01.00014', 6, 10000, '2019-11-11 00:00:00'),
(485, '01.00015', 6, 10000, '2019-11-11 00:00:00'),
(486, '01.00016', 6, 0, '2019-11-13 00:00:00'),
(487, '01.00017', 6, 10000, '2019-11-14 00:00:00'),
(488, '01.00018', 6, 0, '2019-11-16 00:00:00'),
(489, '01.00019', 6, 0, '2019-11-19 00:00:00'),
(490, '01.00020', 6, 0, '2019-11-19 00:00:00'),
(491, '01.00021', 6, 0, '2019-11-19 00:00:00'),
(492, '01.00022', 6, 0, '2019-11-19 00:00:00'),
(493, '01.00023', 6, 10000, '2019-12-05 00:00:00'),
(494, '01.00024', 6, 10000, '2019-12-05 00:00:00'),
(495, '01.00025', 6, 10000, '2019-12-05 00:00:00'),
(496, '01.00026', 6, 0, '2019-12-06 00:00:00'),
(497, '01.00027', 6, 10000, '2019-12-08 00:00:00'),
(498, '01.00028', 6, 10000, '2019-12-08 00:00:00'),
(499, '01.00029', 6, 0, '2019-12-09 00:00:00'),
(500, '01.00030', 6, 10000, '2019-12-16 00:00:00'),
(501, '01.00031', 6, 10000, '2019-12-19 00:00:00'),
(502, '01.00032', 6, 10000, '2019-12-24 00:00:00'),
(503, '01.00033', 6, 10000, '2019-12-25 00:00:00'),
(504, '01.00034', 6, 10000, '2020-01-06 00:00:00'),
(505, '01.00035', 6, 0, '2020-01-08 00:00:00'),
(506, '01.00036', 6, 10000, '2020-01-08 00:00:00'),
(507, '01.00037', 6, 10000, '2020-01-08 00:00:00'),
(508, '01.00038', 6, 10000, '2020-01-08 00:00:00'),
(509, '01.00039', 6, 10000, '2020-01-16 00:00:00'),
(510, '01.00040', 6, 0, '2020-01-27 00:00:00'),
(511, '01.00041', 6, 0, '2020-02-08 00:00:00'),
(512, '01.00042', 6, 10000, '2020-02-09 00:00:00'),
(513, '01.00043', 6, 0, '2020-02-20 00:00:00'),
(514, '01.00044', 6, 0, '2020-02-21 00:00:00'),
(515, '01.00045', 6, 0, '2020-02-25 00:00:00'),
(516, '01.00046', 6, 10000, '2020-02-26 00:00:00'),
(517, '01.00047', 6, 10000, '2020-02-26 00:00:00'),
(518, '01.00048', 6, 0, '2020-03-02 00:00:00'),
(519, '01.00049', 6, 0, '2020-03-02 00:00:00'),
(520, '01.00050', 6, 0, '2020-03-21 00:00:00'),
(521, '01.00051', 6, 10000, '2020-03-25 00:00:00'),
(522, '01.00052', 6, 10000, '2020-04-10 00:00:00'),
(523, '01.00053', 6, 10000, '2020-05-01 00:00:00'),
(524, '01.00054', 6, 10000, '2020-05-31 00:00:00'),
(525, '01.00055', 6, 10000, '2020-06-02 00:00:00'),
(526, '01.00056', 6, 0, '2020-06-02 00:00:00'),
(527, '01.00057', 6, 0, '2020-06-02 00:00:00'),
(528, '01.00058', 6, 10000, '2020-06-08 00:00:00'),
(529, '01.00059', 6, 10000, '2020-06-08 00:00:00'),
(530, '01.00060', 6, 10000, '2020-06-09 00:00:00'),
(531, '01.00061', 6, 10000, '2020-06-16 00:00:00'),
(532, '01.00062', 6, 10000, '2020-06-20 00:00:00'),
(533, '01.00063', 6, 10000, '2020-06-24 00:00:00'),
(534, '01.00064', 6, 10000, '2020-06-25 00:00:00'),
(535, '01.00065', 6, 10000, '2020-06-29 00:00:00'),
(536, '01.00066', 6, 10000, '2020-07-13 00:00:00'),
(537, '01.00067', 6, 10000, '2020-07-19 00:00:00'),
(538, '01.00068', 6, 10000, '2020-07-25 00:00:00'),
(539, '01.00069', 6, 0, '2020-07-27 00:00:00'),
(540, '01.00070', 6, 0, '2020-07-29 00:00:00'),
(541, '01.00071', 6, 10000, '2020-08-03 00:00:00'),
(542, '01.00072', 6, 10000, '2020-08-04 00:00:00'),
(543, '01.00073', 6, 10000, '2020-08-05 00:00:00'),
(544, '01.00074', 6, 0, '2020-08-05 00:00:00'),
(545, '01.00075', 6, 0, '2020-08-08 00:00:00'),
(546, '01.00076', 6, 0, '2020-08-12 00:00:00'),
(547, '01.00077', 6, 10000, '2020-08-17 00:00:00'),
(548, '01.00078', 6, 0, '2020-08-18 00:00:00'),
(549, '01.00079', 6, 0, '2020-08-20 00:00:00'),
(550, '01.00080', 6, 0, '2020-08-20 00:00:00'),
(551, '01.00081', 6, 10000, '2020-08-22 00:00:00'),
(552, '01.00082', 6, 10000, '2020-08-22 00:00:00'),
(553, '01.00083', 6, 10000, '2020-08-25 00:00:00'),
(554, '01.00084', 6, 10000, '2020-08-25 00:00:00'),
(555, '01.00085', 6, 10000, '2020-08-27 00:00:00'),
(556, '01.00086', 6, 0, '2020-08-27 00:00:00'),
(557, '01.00087', 6, 10000, '2020-08-28 00:00:00'),
(558, '01.00088', 6, 10000, '2020-08-28 00:00:00'),
(559, '01.00089', 6, 10000, '2020-09-02 00:00:00'),
(560, '01.00090', 6, 10000, '2020-09-02 00:00:00'),
(561, '01.00091', 6, 10000, '2020-09-03 00:00:00'),
(562, '01.00092', 6, 10000, '2020-09-04 00:00:00'),
(563, '01.00093', 6, 10000, '2020-09-04 00:00:00'),
(564, '01.00094', 6, 10000, '2020-09-04 00:00:00'),
(565, '01.00001', 7, 14000, '2019-10-28 00:00:00'),
(566, '01.00002', 7, 14000, '2019-11-05 00:00:00'),
(567, '01.00003', 7, 14000, '2019-11-05 00:00:00'),
(568, '01.00004', 7, 14000, '2019-11-05 00:00:00'),
(569, '01.00005', 7, 14000, '2019-11-05 00:00:00'),
(570, '01.00006', 7, 14000, '2019-11-05 00:00:00'),
(571, '01.00007', 7, 14000, '2019-11-05 00:00:00'),
(572, '01.00008', 7, 14000, '2019-11-05 00:00:00'),
(573, '01.00009', 7, 14000, '2019-11-05 00:00:00'),
(574, '01.00010', 7, 14000, '2019-11-05 00:00:00'),
(575, '01.00011', 7, 14000, '2019-11-05 00:00:00'),
(576, '01.00012', 7, 14000, '2019-11-06 00:00:00'),
(577, '01.00013', 7, 0, '2019-11-10 00:00:00'),
(578, '01.00014', 7, 14000, '2019-11-11 00:00:00'),
(579, '01.00015', 7, 14000, '2019-11-11 00:00:00'),
(580, '01.00016', 7, 0, '2019-11-13 00:00:00'),
(581, '01.00017', 7, 14000, '2019-11-14 00:00:00'),
(582, '01.00018', 7, 0, '2019-11-16 00:00:00'),
(583, '01.00019', 7, 0, '2019-11-19 00:00:00'),
(584, '01.00020', 7, 0, '2019-11-19 00:00:00'),
(585, '01.00021', 7, 0, '2019-11-19 00:00:00'),
(586, '01.00022', 7, 0, '2019-11-19 00:00:00'),
(587, '01.00023', 7, 14000, '2019-12-05 00:00:00'),
(588, '01.00024', 7, 14000, '2019-12-05 00:00:00'),
(589, '01.00025', 7, 14000, '2019-12-05 00:00:00'),
(590, '01.00026', 7, 0, '2019-12-06 00:00:00'),
(591, '01.00027', 7, 14000, '2019-12-08 00:00:00'),
(592, '01.00028', 7, 14000, '2019-12-08 00:00:00'),
(593, '01.00029', 7, 0, '2019-12-09 00:00:00'),
(594, '01.00030', 7, 14000, '2019-12-16 00:00:00'),
(595, '01.00031', 7, 14000, '2019-12-19 00:00:00'),
(596, '01.00032', 7, 14000, '2019-12-24 00:00:00'),
(597, '01.00033', 7, 14000, '2019-12-25 00:00:00'),
(598, '01.00034', 7, 14000, '2020-01-06 00:00:00'),
(599, '01.00035', 7, 0, '2020-01-08 00:00:00'),
(600, '01.00036', 7, 14000, '2020-01-08 00:00:00'),
(601, '01.00037', 7, 14000, '2020-01-08 00:00:00'),
(602, '01.00038', 7, 14000, '2020-01-08 00:00:00'),
(603, '01.00039', 7, 14000, '2020-01-16 00:00:00'),
(604, '01.00040', 7, 0, '2020-01-27 00:00:00'),
(605, '01.00041', 7, 0, '2020-02-08 00:00:00'),
(606, '01.00042', 7, 14000, '2020-02-09 00:00:00'),
(607, '01.00043', 7, 0, '2020-02-20 00:00:00'),
(608, '01.00044', 7, 0, '2020-02-21 00:00:00'),
(609, '01.00045', 7, 0, '2020-02-25 00:00:00'),
(610, '01.00046', 7, 14000, '2020-02-26 00:00:00'),
(611, '01.00047', 7, 14000, '2020-02-26 00:00:00'),
(612, '01.00048', 7, 0, '2020-03-02 00:00:00'),
(613, '01.00049', 7, 0, '2020-03-02 00:00:00'),
(614, '01.00050', 7, 0, '2020-03-21 00:00:00'),
(615, '01.00051', 7, 14000, '2020-03-25 00:00:00'),
(616, '01.00052', 7, 14000, '2020-04-10 00:00:00'),
(617, '01.00053', 7, 14000, '2020-05-01 00:00:00'),
(618, '01.00054', 7, 14000, '2020-05-31 00:00:00'),
(619, '01.00055', 7, 14000, '2020-06-02 00:00:00'),
(620, '01.00056', 7, 0, '2020-06-02 00:00:00'),
(621, '01.00057', 7, 0, '2020-06-02 00:00:00'),
(622, '01.00058', 7, 14000, '2020-06-08 00:00:00'),
(623, '01.00059', 7, 14000, '2020-06-08 00:00:00'),
(624, '01.00060', 7, 14000, '2020-06-09 00:00:00'),
(625, '01.00061', 7, 14000, '2020-06-16 00:00:00'),
(626, '01.00062', 7, 14000, '2020-06-20 00:00:00'),
(627, '01.00063', 7, 14000, '2020-06-24 00:00:00'),
(628, '01.00064', 7, 14000, '2020-06-25 00:00:00'),
(629, '01.00065', 7, 14000, '2020-06-29 00:00:00'),
(630, '01.00066', 7, 14000, '2020-07-13 00:00:00'),
(631, '01.00067', 7, 14000, '2020-07-19 00:00:00'),
(632, '01.00068', 7, 14000, '2020-07-25 00:00:00'),
(633, '01.00069', 7, 0, '2020-07-27 00:00:00'),
(634, '01.00070', 7, 0, '2020-07-29 00:00:00'),
(635, '01.00071', 7, 14000, '2020-08-03 00:00:00'),
(636, '01.00072', 7, 14000, '2020-08-04 00:00:00'),
(637, '01.00073', 7, 14000, '2020-08-05 00:00:00'),
(638, '01.00074', 7, 0, '2020-08-05 00:00:00'),
(639, '01.00075', 7, 0, '2020-08-08 00:00:00'),
(640, '01.00076', 7, 0, '2020-08-12 00:00:00'),
(641, '01.00077', 7, 14000, '2020-08-17 00:00:00'),
(642, '01.00078', 7, 0, '2020-08-18 00:00:00'),
(643, '01.00079', 7, 0, '2020-08-20 00:00:00'),
(644, '01.00080', 7, 0, '2020-08-20 00:00:00'),
(645, '01.00081', 7, 14000, '2020-08-22 00:00:00'),
(646, '01.00082', 7, 14000, '2020-08-22 00:00:00'),
(647, '01.00083', 7, 14000, '2020-08-25 00:00:00'),
(648, '01.00084', 7, 14000, '2020-08-25 00:00:00'),
(649, '01.00085', 7, 14000, '2020-08-27 00:00:00'),
(650, '01.00086', 7, 0, '2020-08-27 00:00:00'),
(651, '01.00087', 7, 14000, '2020-08-28 00:00:00'),
(652, '01.00088', 7, 14000, '2020-08-28 00:00:00'),
(653, '01.00089', 7, 14000, '2020-09-02 00:00:00'),
(654, '01.00090', 7, 14000, '2020-09-02 00:00:00'),
(655, '01.00091', 7, 14000, '2020-09-03 00:00:00'),
(656, '01.00092', 7, 14000, '2020-09-04 00:00:00'),
(657, '01.00093', 7, 14000, '2020-09-04 00:00:00'),
(658, '01.00094', 7, 14000, '2020-09-04 00:00:00'),
(659, '01.00001', 8, 14500, '2019-10-28 00:00:00'),
(660, '01.00002', 8, 14500, '2019-11-05 00:00:00'),
(661, '01.00003', 8, 14500, '2019-11-05 00:00:00'),
(662, '01.00004', 8, 14500, '2019-11-05 00:00:00'),
(663, '01.00005', 8, 14500, '2019-11-05 00:00:00'),
(664, '01.00006', 8, 14500, '2019-11-05 00:00:00'),
(665, '01.00007', 8, 14500, '2019-11-05 00:00:00'),
(666, '01.00008', 8, 14500, '2019-11-05 00:00:00'),
(667, '01.00009', 8, 14500, '2019-11-05 00:00:00'),
(668, '01.00010', 8, 14500, '2019-11-05 00:00:00'),
(669, '01.00011', 8, 14500, '2019-11-05 00:00:00'),
(670, '01.00012', 8, 14500, '2019-11-06 00:00:00'),
(671, '01.00013', 8, 0, '2019-11-10 00:00:00'),
(672, '01.00014', 8, 14500, '2019-11-11 00:00:00'),
(673, '01.00015', 8, 14500, '2019-11-11 00:00:00'),
(674, '01.00016', 8, 0, '2019-11-13 00:00:00'),
(675, '01.00017', 8, 14500, '2019-11-14 00:00:00'),
(676, '01.00018', 8, 0, '2019-11-16 00:00:00'),
(677, '01.00019', 8, 0, '2019-11-19 00:00:00'),
(678, '01.00020', 8, 0, '2019-11-19 00:00:00'),
(679, '01.00021', 8, 0, '2019-11-19 00:00:00'),
(680, '01.00022', 8, 0, '2019-11-19 00:00:00'),
(681, '01.00023', 8, 14500, '2019-12-05 00:00:00'),
(682, '01.00024', 8, 14500, '2019-12-05 00:00:00'),
(683, '01.00025', 8, 14500, '2019-12-05 00:00:00'),
(684, '01.00026', 8, 0, '2019-12-06 00:00:00'),
(685, '01.00027', 8, 14500, '2019-12-08 00:00:00'),
(686, '01.00028', 8, 14500, '2019-12-08 00:00:00'),
(687, '01.00029', 8, 0, '2019-12-09 00:00:00'),
(688, '01.00030', 8, 14500, '2019-12-16 00:00:00'),
(689, '01.00031', 8, 14500, '2019-12-19 00:00:00'),
(690, '01.00032', 8, 14500, '2019-12-24 00:00:00'),
(691, '01.00033', 8, 14500, '2019-12-25 00:00:00'),
(692, '01.00034', 8, 14500, '2020-01-06 00:00:00'),
(693, '01.00035', 8, 0, '2020-01-08 00:00:00'),
(694, '01.00036', 8, 14500, '2020-01-08 00:00:00'),
(695, '01.00037', 8, 14500, '2020-01-08 00:00:00'),
(696, '01.00038', 8, 14500, '2020-01-08 00:00:00'),
(697, '01.00039', 8, 14500, '2020-01-16 00:00:00'),
(698, '01.00040', 8, 0, '2020-01-27 00:00:00'),
(699, '01.00041', 8, 0, '2020-02-08 00:00:00'),
(700, '01.00042', 8, 14500, '2020-02-09 00:00:00'),
(701, '01.00043', 8, 0, '2020-02-20 00:00:00'),
(702, '01.00044', 8, 0, '2020-02-21 00:00:00'),
(703, '01.00045', 8, 0, '2020-02-25 00:00:00'),
(704, '01.00046', 8, 14500, '2020-02-26 00:00:00'),
(705, '01.00047', 8, 14500, '2020-02-26 00:00:00'),
(706, '01.00048', 8, 0, '2020-03-02 00:00:00'),
(707, '01.00049', 8, 0, '2020-03-02 00:00:00'),
(708, '01.00050', 8, 0, '2020-03-21 00:00:00'),
(709, '01.00051', 8, 14500, '2020-03-25 00:00:00'),
(710, '01.00052', 8, 14500, '2020-04-10 00:00:00'),
(711, '01.00053', 8, 14500, '2020-05-01 00:00:00'),
(712, '01.00054', 8, 14500, '2020-05-31 00:00:00'),
(713, '01.00055', 8, 14500, '2020-06-02 00:00:00'),
(714, '01.00056', 8, 0, '2020-06-02 00:00:00'),
(715, '01.00057', 8, 0, '2020-06-02 00:00:00'),
(716, '01.00058', 8, 14500, '2020-06-08 00:00:00'),
(717, '01.00059', 8, 14500, '2020-06-08 00:00:00'),
(718, '01.00060', 8, 14500, '2020-06-09 00:00:00'),
(719, '01.00061', 8, 14500, '2020-06-16 00:00:00'),
(720, '01.00062', 8, 14500, '2020-06-20 00:00:00'),
(721, '01.00063', 8, 14500, '2020-06-24 00:00:00'),
(722, '01.00064', 8, 14500, '2020-06-25 00:00:00'),
(723, '01.00065', 8, 14500, '2020-06-29 00:00:00'),
(724, '01.00066', 8, 14500, '2020-07-13 00:00:00'),
(725, '01.00067', 8, 14500, '2020-07-19 00:00:00'),
(726, '01.00068', 8, 14500, '2020-07-25 00:00:00'),
(727, '01.00069', 8, 0, '2020-07-27 00:00:00'),
(728, '01.00070', 8, 0, '2020-07-29 00:00:00'),
(729, '01.00071', 8, 14500, '2020-08-03 00:00:00'),
(730, '01.00072', 8, 14500, '2020-08-04 00:00:00'),
(731, '01.00073', 8, 14500, '2020-08-05 00:00:00'),
(732, '01.00074', 8, 0, '2020-08-05 00:00:00'),
(733, '01.00075', 8, 0, '2020-08-08 00:00:00'),
(734, '01.00076', 8, 0, '2020-08-12 00:00:00'),
(735, '01.00077', 8, 14500, '2020-08-17 00:00:00'),
(736, '01.00078', 8, 0, '2020-08-18 00:00:00'),
(737, '01.00079', 8, 0, '2020-08-20 00:00:00'),
(738, '01.00080', 8, 0, '2020-08-20 00:00:00'),
(739, '01.00081', 8, 14500, '2020-08-22 00:00:00'),
(740, '01.00082', 8, 14500, '2020-08-22 00:00:00'),
(741, '01.00083', 8, 14500, '2020-08-25 00:00:00'),
(742, '01.00084', 8, 14500, '2020-08-25 00:00:00'),
(743, '01.00085', 8, 14500, '2020-08-27 00:00:00'),
(744, '01.00086', 8, 0, '2020-08-27 00:00:00'),
(745, '01.00087', 8, 14500, '2020-08-28 00:00:00'),
(746, '01.00088', 8, 14500, '2020-08-28 00:00:00'),
(747, '01.00089', 8, 14500, '2020-09-02 00:00:00'),
(748, '01.00090', 8, 14500, '2020-09-02 00:00:00'),
(749, '01.00091', 8, 14500, '2020-09-03 00:00:00'),
(750, '01.00092', 8, 14500, '2020-09-04 00:00:00'),
(751, '01.00093', 8, 14500, '2020-09-04 00:00:00'),
(752, '01.00094', 8, 14500, '2020-09-04 00:00:00'),
(753, '01.00001', 9, 12000, '2019-10-28 00:00:00'),
(754, '01.00002', 9, 12000, '2019-11-05 00:00:00'),
(755, '01.00003', 9, 12000, '2019-11-05 00:00:00'),
(756, '01.00004', 9, 12000, '2019-11-05 00:00:00'),
(757, '01.00005', 9, 12000, '2019-11-05 00:00:00'),
(758, '01.00006', 9, 12000, '2019-11-05 00:00:00'),
(759, '01.00007', 9, 0, '2019-11-05 00:00:00'),
(760, '01.00008', 9, 0, '2019-11-05 00:00:00'),
(761, '01.00009', 9, 12000, '2019-11-05 00:00:00'),
(762, '01.00010', 9, 12000, '2019-11-05 00:00:00'),
(763, '01.00011', 9, 12000, '2019-11-05 00:00:00'),
(764, '01.00012', 9, 0, '2019-11-06 00:00:00'),
(765, '01.00013', 9, 0, '2019-11-10 00:00:00'),
(766, '01.00014', 9, 12000, '2019-11-11 00:00:00'),
(767, '01.00015', 9, 12000, '2019-11-11 00:00:00'),
(768, '01.00016', 9, 12000, '2019-11-13 00:00:00'),
(769, '01.00017', 9, 12000, '2019-11-14 00:00:00'),
(770, '01.00018', 9, 12000, '2019-11-16 00:00:00'),
(771, '01.00019', 9, 12000, '2019-11-19 00:00:00'),
(772, '01.00020', 9, 12000, '2019-11-19 00:00:00'),
(773, '01.00021', 9, 12000, '2019-11-19 00:00:00'),
(774, '01.00022', 9, 12000, '2019-11-19 00:00:00'),
(775, '01.00023', 9, 12000, '2019-12-05 00:00:00'),
(776, '01.00024', 9, 12000, '2019-12-05 00:00:00'),
(777, '01.00025', 9, 12000, '2019-12-05 00:00:00'),
(778, '01.00026', 9, 12000, '2019-12-06 00:00:00'),
(779, '01.00027', 9, 12000, '2019-12-08 00:00:00'),
(780, '01.00028', 9, 12000, '2019-12-08 00:00:00'),
(781, '01.00029', 9, 12000, '2019-12-09 00:00:00'),
(782, '01.00030', 9, 12000, '2019-12-16 00:00:00'),
(783, '01.00031', 9, 12000, '2019-12-19 00:00:00'),
(784, '01.00032', 9, 12000, '2019-12-24 00:00:00'),
(785, '01.00033', 9, 12000, '2019-12-25 00:00:00'),
(786, '01.00034', 9, 12000, '2020-01-06 00:00:00'),
(787, '01.00035', 9, 0, '2020-01-08 00:00:00'),
(788, '01.00036', 9, 12000, '2020-01-08 00:00:00'),
(789, '01.00037', 9, 12000, '2020-01-08 00:00:00'),
(790, '01.00038', 9, 12000, '2020-01-08 00:00:00'),
(791, '01.00039', 9, 12000, '2020-01-16 00:00:00'),
(792, '01.00040', 9, 12000, '2020-01-27 00:00:00'),
(793, '01.00041', 9, 12000, '2020-02-08 00:00:00'),
(794, '01.00042', 9, 12000, '2020-02-09 00:00:00'),
(795, '01.00043', 9, 12000, '2020-02-20 00:00:00'),
(796, '01.00044', 9, 12000, '2020-02-21 00:00:00'),
(797, '01.00045', 9, 12000, '2020-02-25 00:00:00'),
(798, '01.00046', 9, 12000, '2020-02-26 00:00:00'),
(799, '01.00047', 9, 12000, '2020-02-26 00:00:00'),
(800, '01.00048', 9, 12000, '2020-03-02 00:00:00'),
(801, '01.00049', 9, 12000, '2020-03-02 00:00:00'),
(802, '01.00050', 9, 12000, '2020-03-21 00:00:00'),
(803, '01.00051', 9, 12000, '2020-03-25 00:00:00'),
(804, '01.00052', 9, 12000, '2020-04-10 00:00:00'),
(805, '01.00053', 9, 12000, '2020-05-01 00:00:00'),
(806, '01.00054', 9, 12000, '2020-05-31 00:00:00'),
(807, '01.00055', 9, 12000, '2020-06-02 00:00:00'),
(808, '01.00056', 9, 12000, '2020-06-02 00:00:00'),
(809, '01.00057', 9, 12000, '2020-06-02 00:00:00'),
(810, '01.00058', 9, 12000, '2020-06-08 00:00:00'),
(811, '01.00059', 9, 12000, '2020-06-08 00:00:00'),
(812, '01.00060', 9, 12000, '2020-06-09 00:00:00'),
(813, '01.00061', 9, 12000, '2020-06-16 00:00:00'),
(814, '01.00062', 9, 12000, '2020-06-20 00:00:00'),
(815, '01.00063', 9, 12000, '2020-06-24 00:00:00'),
(816, '01.00064', 9, 12000, '2020-06-25 00:00:00'),
(817, '01.00065', 9, 12000, '2020-06-29 00:00:00'),
(818, '01.00066', 9, 12000, '2020-07-13 00:00:00'),
(819, '01.00067', 9, 12000, '2020-07-19 00:00:00'),
(820, '01.00068', 9, 12000, '2020-07-25 00:00:00'),
(821, '01.00069', 9, 12000, '2020-07-27 00:00:00'),
(822, '01.00070', 9, 12000, '2020-07-29 00:00:00'),
(823, '01.00071', 9, 12000, '2020-08-03 00:00:00'),
(824, '01.00072', 9, 12000, '2020-08-04 00:00:00'),
(825, '01.00073', 9, 12000, '2020-08-05 00:00:00'),
(826, '01.00074', 9, 12000, '2020-08-05 00:00:00'),
(827, '01.00075', 9, 12000, '2020-08-08 00:00:00'),
(828, '01.00076', 9, 12000, '2020-08-12 00:00:00'),
(829, '01.00077', 9, 12000, '2020-08-17 00:00:00'),
(830, '01.00078', 9, 12000, '2020-08-18 00:00:00'),
(831, '01.00079', 9, 12000, '2020-08-20 00:00:00'),
(832, '01.00080', 9, 12000, '2020-08-20 00:00:00'),
(833, '01.00081', 9, 12000, '2020-08-22 00:00:00'),
(834, '01.00082', 9, 12000, '2020-08-22 00:00:00'),
(835, '01.00083', 9, 12000, '2020-08-25 00:00:00'),
(836, '01.00084', 9, 12000, '2020-08-25 00:00:00'),
(837, '01.00085', 9, 12000, '2020-08-27 00:00:00'),
(838, '01.00086', 9, 12000, '2020-08-27 00:00:00'),
(839, '01.00087', 9, 12000, '2020-08-28 00:00:00'),
(840, '01.00088', 9, 12000, '2020-08-28 00:00:00'),
(841, '01.00089', 9, 12000, '2020-09-02 00:00:00'),
(842, '01.00090', 9, 12000, '2020-09-02 00:00:00'),
(843, '01.00091', 9, 12000, '2020-09-03 00:00:00'),
(844, '01.00092', 9, 12000, '2020-09-04 00:00:00'),
(845, '01.00093', 9, 12000, '2020-09-04 00:00:00'),
(846, '01.00094', 9, 12000, '2020-09-04 00:00:00'),
(847, '01.00001', 10, 9000, '2019-10-28 00:00:00'),
(848, '01.00002', 10, 9000, '2019-11-05 00:00:00'),
(849, '01.00003', 10, 9000, '2019-11-05 00:00:00'),
(850, '01.00004', 10, 9000, '2019-11-05 00:00:00'),
(851, '01.00005', 10, 9000, '2019-11-05 00:00:00'),
(852, '01.00006', 10, 9000, '2019-11-05 00:00:00'),
(853, '01.00007', 10, 0, '2019-11-05 00:00:00'),
(854, '01.00008', 10, 0, '2019-11-05 00:00:00'),
(855, '01.00009', 10, 9000, '2019-11-05 00:00:00'),
(856, '01.00010', 10, 9000, '2019-11-05 00:00:00'),
(857, '01.00011', 10, 9000, '2019-11-05 00:00:00'),
(858, '01.00012', 10, 0, '2019-11-06 00:00:00'),
(859, '01.00013', 10, 0, '2019-11-10 00:00:00'),
(860, '01.00014', 10, 9000, '2019-11-11 00:00:00'),
(861, '01.00015', 10, 9000, '2019-11-11 00:00:00'),
(862, '01.00016', 10, 9000, '2019-11-13 00:00:00'),
(863, '01.00017', 10, 9000, '2019-11-14 00:00:00'),
(864, '01.00018', 10, 9000, '2019-11-16 00:00:00'),
(865, '01.00019', 10, 9000, '2019-11-19 00:00:00'),
(866, '01.00020', 10, 9000, '2019-11-19 00:00:00'),
(867, '01.00021', 10, 9000, '2019-11-19 00:00:00'),
(868, '01.00022', 10, 9000, '2019-11-19 00:00:00'),
(869, '01.00023', 10, 9000, '2019-12-05 00:00:00'),
(870, '01.00024', 10, 9000, '2019-12-05 00:00:00'),
(871, '01.00025', 10, 9000, '2019-12-05 00:00:00'),
(872, '01.00026', 10, 9000, '2019-12-06 00:00:00'),
(873, '01.00027', 10, 9000, '2019-12-08 00:00:00'),
(874, '01.00028', 10, 9000, '2019-12-08 00:00:00'),
(875, '01.00029', 10, 9000, '2019-12-09 00:00:00'),
(876, '01.00030', 10, 9000, '2019-12-16 00:00:00'),
(877, '01.00031', 10, 9000, '2019-12-19 00:00:00'),
(878, '01.00032', 10, 9000, '2019-12-24 00:00:00'),
(879, '01.00033', 10, 9000, '2019-12-25 00:00:00'),
(880, '01.00034', 10, 9000, '2020-01-06 00:00:00'),
(881, '01.00035', 10, 0, '2020-01-08 00:00:00'),
(882, '01.00036', 10, 9000, '2020-01-08 00:00:00'),
(883, '01.00037', 10, 9000, '2020-01-08 00:00:00'),
(884, '01.00038', 10, 9000, '2020-01-08 00:00:00'),
(885, '01.00039', 10, 9000, '2020-01-16 00:00:00'),
(886, '01.00040', 10, 9000, '2020-01-27 00:00:00'),
(887, '01.00041', 10, 9000, '2020-02-08 00:00:00'),
(888, '01.00042', 10, 9000, '2020-02-09 00:00:00'),
(889, '01.00043', 10, 9000, '2020-02-20 00:00:00'),
(890, '01.00044', 10, 9000, '2020-02-21 00:00:00'),
(891, '01.00045', 10, 9000, '2020-02-25 00:00:00'),
(892, '01.00046', 10, 9000, '2020-02-26 00:00:00'),
(893, '01.00047', 10, 9000, '2020-02-26 00:00:00'),
(894, '01.00048', 10, 9000, '2020-03-02 00:00:00'),
(895, '01.00049', 10, 9000, '2020-03-02 00:00:00'),
(896, '01.00050', 10, 9000, '2020-03-21 00:00:00'),
(897, '01.00051', 10, 9000, '2020-03-25 00:00:00'),
(898, '01.00052', 10, 9000, '2020-04-10 00:00:00'),
(899, '01.00053', 10, 9000, '2020-05-01 00:00:00'),
(900, '01.00054', 10, 9000, '2020-05-31 00:00:00'),
(901, '01.00055', 10, 9000, '2020-06-02 00:00:00'),
(902, '01.00056', 10, 9000, '2020-06-02 00:00:00'),
(903, '01.00057', 10, 9000, '2020-06-02 00:00:00'),
(904, '01.00058', 10, 9000, '2020-06-08 00:00:00'),
(905, '01.00059', 10, 9000, '2020-06-08 00:00:00'),
(906, '01.00060', 10, 9000, '2020-06-09 00:00:00'),
(907, '01.00061', 10, 9000, '2020-06-16 00:00:00'),
(908, '01.00062', 10, 9000, '2020-06-20 00:00:00'),
(909, '01.00063', 10, 9000, '2020-06-24 00:00:00'),
(910, '01.00064', 10, 9000, '2020-06-25 00:00:00'),
(911, '01.00065', 10, 9000, '2020-06-29 00:00:00'),
(912, '01.00066', 10, 9000, '2020-07-13 00:00:00'),
(913, '01.00067', 10, 9000, '2020-07-19 00:00:00'),
(914, '01.00068', 10, 9000, '2020-07-25 00:00:00'),
(915, '01.00069', 10, 9000, '2020-07-27 00:00:00'),
(916, '01.00070', 10, 9000, '2020-07-29 00:00:00'),
(917, '01.00071', 10, 9000, '2020-08-03 00:00:00'),
(918, '01.00072', 10, 9000, '2020-08-04 00:00:00'),
(919, '01.00073', 10, 9000, '2020-08-05 00:00:00'),
(920, '01.00074', 10, 9000, '2020-08-05 00:00:00'),
(921, '01.00075', 10, 9000, '2020-08-08 00:00:00'),
(922, '01.00076', 10, 9000, '2020-08-12 00:00:00'),
(923, '01.00077', 10, 9000, '2020-08-17 00:00:00'),
(924, '01.00078', 10, 9000, '2020-08-18 00:00:00'),
(925, '01.00079', 10, 9000, '2020-08-20 00:00:00'),
(926, '01.00080', 10, 9000, '2020-08-20 00:00:00'),
(927, '01.00081', 10, 9000, '2020-08-22 00:00:00'),
(928, '01.00082', 10, 9000, '2020-08-22 00:00:00'),
(929, '01.00083', 10, 9000, '2020-08-25 00:00:00'),
(930, '01.00084', 10, 9000, '2020-08-25 00:00:00'),
(931, '01.00085', 10, 9000, '2020-08-27 00:00:00'),
(932, '01.00086', 10, 9000, '2020-08-27 00:00:00'),
(933, '01.00087', 10, 9000, '2020-08-28 00:00:00'),
(934, '01.00088', 10, 9000, '2020-08-28 00:00:00'),
(935, '01.00089', 10, 9000, '2020-09-02 00:00:00'),
(936, '01.00090', 10, 9000, '2020-09-02 00:00:00'),
(937, '01.00091', 10, 9000, '2020-09-03 00:00:00'),
(938, '01.00092', 10, 9000, '2020-09-04 00:00:00'),
(939, '01.00093', 10, 9000, '2020-09-04 00:00:00'),
(940, '01.00094', 10, 9000, '2020-09-04 00:00:00'),
(941, '01.00095', 9, 12000, '2020-09-12 21:25:14'),
(942, '01.00095', 10, 9000, '2020-09-12 21:25:14'),
(943, '01.00096', 1, 31500, '2020-09-12 21:25:28'),
(944, '01.00096', 2, 54000, '2020-09-12 21:25:28'),
(945, '01.00096', 3, 20000, '2020-09-12 21:25:28'),
(946, '01.00096', 4, 10000, '2020-09-12 21:25:28'),
(947, '01.00096', 5, 25000, '2020-09-12 21:25:28'),
(948, '01.00096', 6, 10000, '2020-09-12 21:25:28'),
(949, '01.00096', 7, 14000, '2020-09-12 21:25:28'),
(950, '01.00096', 8, 14500, '2020-09-12 21:25:28'),
(951, '01.00096', 9, 12000, '2020-09-12 21:25:28'),
(952, '01.00096', 10, 9000, '2020-09-12 21:25:28'),
(953, '01.00097', 9, 12000, '2020-09-14 10:58:05'),
(954, '01.00097', 10, 9000, '2020-09-14 10:58:05'),
(955, '01.00098', 1, 31500, '2020-09-17 13:11:34'),
(956, '01.00098', 2, 54000, '2020-09-17 13:11:34'),
(957, '01.00098', 3, 20000, '2020-09-17 13:11:34'),
(958, '01.00098', 4, 10000, '2020-09-17 13:11:34'),
(959, '01.00098', 5, 25000, '2020-09-17 13:11:34'),
(960, '01.00098', 6, 10000, '2020-09-17 13:11:34'),
(961, '01.00098', 7, 14000, '2020-09-17 13:11:34'),
(962, '01.00098', 8, 14500, '2020-09-17 13:11:34'),
(963, '01.00098', 9, 12000, '2020-09-17 13:11:34'),
(964, '01.00098', 10, 9000, '2020-09-17 13:11:34'),
(965, '01.00099', 1, 31500, '2020-09-19 10:50:59'),
(966, '01.00099', 2, 54000, '2020-09-19 10:50:59'),
(967, '01.00099', 3, 20000, '2020-09-19 10:50:59'),
(968, '01.00099', 4, 10000, '2020-09-19 10:50:59'),
(969, '01.00099', 5, 25000, '2020-09-19 10:50:59'),
(970, '01.00099', 6, 10000, '2020-09-19 10:50:59'),
(971, '01.00099', 7, 14000, '2020-09-19 10:50:59'),
(972, '01.00099', 8, 14500, '2020-09-19 10:50:59'),
(973, '01.00099', 9, 12000, '2020-09-19 10:50:59'),
(974, '01.00099', 10, 9000, '2020-09-19 10:50:59'),
(975, '01.00100', 1, 31500, '2020-09-28 00:00:21'),
(976, '01.00100', 2, 54000, '2020-09-28 00:00:21'),
(977, '01.00100', 3, 20000, '2020-09-28 00:00:21'),
(978, '01.00100', 4, 10000, '2020-09-28 00:00:21'),
(979, '01.00100', 5, 25000, '2020-09-28 00:00:21'),
(980, '01.00100', 6, 10000, '2020-09-28 00:00:21'),
(981, '01.00100', 7, 14000, '2020-09-28 00:00:21'),
(982, '01.00100', 8, 14500, '2020-09-28 00:00:21'),
(983, '01.00100', 9, 12000, '2020-09-28 00:00:21'),
(984, '01.00100', 10, 9000, '2020-09-28 00:00:21'),
(985, '01.00101', 1, 31500, '2020-09-28 15:53:55'),
(986, '01.00101', 2, 54000, '2020-09-28 15:53:55'),
(987, '01.00101', 3, 20000, '2020-09-28 15:53:55'),
(988, '01.00101', 4, 10000, '2020-09-28 15:53:55'),
(989, '01.00101', 5, 25000, '2020-09-28 15:53:55'),
(990, '01.00101', 6, 10000, '2020-09-28 15:53:55'),
(991, '01.00101', 7, 14000, '2020-09-28 15:53:55'),
(992, '01.00101', 8, 14500, '2020-09-28 15:53:55'),
(993, '01.00101', 9, 12000, '2020-09-28 15:53:55'),
(994, '01.00101', 10, 9000, '2020-09-28 15:53:55'),
(995, '01.00102', 1, 31500, '2020-09-28 16:29:51'),
(996, '01.00102', 2, 54000, '2020-09-28 16:29:51'),
(997, '01.00102', 3, 20000, '2020-09-28 16:29:51'),
(998, '01.00102', 4, 10000, '2020-09-28 16:29:51'),
(999, '01.00102', 5, 25000, '2020-09-28 16:29:51'),
(1000, '01.00102', 6, 10000, '2020-09-28 16:29:51'),
(1001, '01.00102', 7, 14000, '2020-09-28 16:29:51'),
(1002, '01.00102', 8, 14500, '2020-09-28 16:29:51'),
(1003, '01.00102', 9, 12000, '2020-09-28 16:29:51'),
(1004, '01.00102', 10, 9000, '2020-09-28 16:29:51'),
(1005, '01.00103', 1, 31500, '2020-10-10 14:37:19'),
(1006, '01.00103', 2, 54000, '2020-10-10 14:37:19'),
(1007, '01.00103', 3, 20000, '2020-10-10 14:37:19'),
(1008, '01.00103', 4, 10000, '2020-10-10 14:37:19'),
(1009, '01.00103', 5, 25000, '2020-10-10 14:37:19'),
(1010, '01.00103', 6, 10000, '2020-10-10 14:37:19'),
(1011, '01.00103', 7, 14000, '2020-10-10 14:37:19'),
(1012, '01.00103', 8, 14500, '2020-10-10 14:37:20'),
(1013, '01.00103', 9, 12000, '2020-10-10 14:37:20'),
(1014, '01.00103', 10, 9000, '2020-10-10 14:37:20'),
(1015, '01.00104', 1, 31500, '2020-10-15 08:06:42'),
(1016, '01.00104', 2, 54000, '2020-10-15 08:06:42'),
(1017, '01.00104', 3, 20000, '2020-10-15 08:06:42'),
(1018, '01.00104', 4, 10000, '2020-10-15 08:06:42'),
(1019, '01.00104', 5, 25000, '2020-10-15 08:06:42');
INSERT INTO `tb_payout_trans` (`id`, `idted`, `payout_id`, `nominal`, `tgl_transaksi`) VALUES
(1020, '01.00104', 6, 10000, '2020-10-15 08:06:42'),
(1021, '01.00104', 7, 14000, '2020-10-15 08:06:42'),
(1022, '01.00104', 8, 14500, '2020-10-15 08:06:42'),
(1023, '01.00104', 9, 12000, '2020-10-15 08:06:42'),
(1024, '01.00104', 10, 9000, '2020-10-15 08:06:42'),
(1025, '01.00105', 1, 31500, '2020-11-29 20:54:20'),
(1026, '01.00105', 2, 54000, '2020-11-29 20:54:20'),
(1027, '01.00105', 3, 20000, '2020-11-29 20:54:20'),
(1028, '01.00105', 4, 10000, '2020-11-29 20:54:20'),
(1029, '01.00105', 5, 25000, '2020-11-29 20:54:20'),
(1030, '01.00105', 6, 10000, '2020-11-29 20:54:20'),
(1031, '01.00105', 7, 14000, '2020-11-29 20:54:20'),
(1032, '01.00105', 8, 14500, '2020-11-29 20:54:20'),
(1033, '01.00105', 9, 12000, '2020-11-29 20:54:20'),
(1034, '01.00105', 10, 9000, '2020-11-29 20:54:20'),
(1035, '01.00106', 1, 31500, '2020-11-29 22:47:23'),
(1036, '01.00106', 2, 54000, '2020-11-29 22:47:23'),
(1037, '01.00106', 3, 20000, '2020-11-29 22:47:23'),
(1038, '01.00106', 4, 10000, '2020-11-29 22:47:23'),
(1039, '01.00106', 5, 25000, '2020-11-29 22:47:23'),
(1040, '01.00106', 6, 10000, '2020-11-29 22:47:23'),
(1041, '01.00106', 7, 14000, '2020-11-29 22:47:23'),
(1042, '01.00106', 8, 14500, '2020-11-29 22:47:23'),
(1043, '01.00106', 9, 12000, '2020-11-29 22:47:23'),
(1044, '01.00106', 10, 9000, '2020-11-29 22:47:23'),
(1045, '01.00107', 1, 31500, '2020-11-30 16:06:50'),
(1046, '01.00107', 2, 54000, '2020-11-30 16:06:50'),
(1047, '01.00107', 3, 20000, '2020-11-30 16:06:50'),
(1048, '01.00107', 4, 10000, '2020-11-30 16:06:50'),
(1049, '01.00107', 5, 25000, '2020-11-30 16:06:50'),
(1050, '01.00107', 6, 10000, '2020-11-30 16:06:50'),
(1051, '01.00107', 7, 14000, '2020-11-30 16:06:50'),
(1052, '01.00107', 8, 14500, '2020-11-30 16:06:50'),
(1053, '01.00107', 9, 12000, '2020-11-30 16:06:50'),
(1054, '01.00107', 10, 9000, '2020-11-30 16:06:50'),
(1055, '01.00108', 1, 31500, '2020-11-30 16:10:49'),
(1056, '01.00108', 2, 54000, '2020-11-30 16:10:49'),
(1057, '01.00108', 3, 20000, '2020-11-30 16:10:49'),
(1058, '01.00108', 4, 10000, '2020-11-30 16:10:49'),
(1059, '01.00108', 5, 25000, '2020-11-30 16:10:49'),
(1060, '01.00108', 6, 10000, '2020-11-30 16:10:49'),
(1061, '01.00108', 7, 14000, '2020-11-30 16:10:49'),
(1062, '01.00108', 8, 14500, '2020-11-30 16:10:49'),
(1063, '01.00108', 9, 12000, '2020-11-30 16:10:49'),
(1064, '01.00108', 10, 9000, '2020-11-30 16:10:49'),
(1065, '01.00109', 1, 31500, '2020-12-01 21:03:32'),
(1066, '01.00109', 2, 54000, '2020-12-01 21:03:32'),
(1067, '01.00109', 3, 20000, '2020-12-01 21:03:32'),
(1068, '01.00109', 4, 10000, '2020-12-01 21:03:32'),
(1069, '01.00109', 5, 25000, '2020-12-01 21:03:32'),
(1070, '01.00109', 6, 10000, '2020-12-01 21:03:32'),
(1071, '01.00109', 7, 14000, '2020-12-01 21:03:32'),
(1072, '01.00109', 8, 14500, '2020-12-01 21:03:32'),
(1073, '01.00109', 9, 12000, '2020-12-01 21:03:32'),
(1074, '01.00109', 10, 9000, '2020-12-01 21:03:32'),
(1075, '01.00110', 1, 31500, '2020-12-08 12:42:55'),
(1076, '01.00110', 2, 54000, '2020-12-08 12:42:55'),
(1077, '01.00110', 3, 20000, '2020-12-08 12:42:55'),
(1078, '01.00110', 4, 10000, '2020-12-08 12:42:55'),
(1079, '01.00110', 5, 25000, '2020-12-08 12:42:55'),
(1080, '01.00110', 6, 10000, '2020-12-08 12:42:55'),
(1081, '01.00110', 7, 14000, '2020-12-08 12:42:55'),
(1082, '01.00110', 8, 14500, '2020-12-08 12:42:55'),
(1083, '01.00110', 9, 12000, '2020-12-08 12:42:55'),
(1084, '01.00110', 10, 9000, '2020-12-08 12:42:55'),
(1085, '01.00111', 1, 31500, '2020-12-10 11:19:14'),
(1086, '01.00111', 2, 54000, '2020-12-10 11:19:14'),
(1087, '01.00111', 3, 20000, '2020-12-10 11:19:14'),
(1088, '01.00111', 4, 10000, '2020-12-10 11:19:14'),
(1089, '01.00111', 5, 25000, '2020-12-10 11:19:14'),
(1090, '01.00111', 6, 10000, '2020-12-10 11:19:14'),
(1091, '01.00111', 7, 14000, '2020-12-10 11:19:14'),
(1092, '01.00111', 8, 14500, '2020-12-10 11:19:14'),
(1093, '01.00111', 9, 12000, '2020-12-10 11:19:14'),
(1094, '01.00111', 10, 9000, '2020-12-10 11:19:14'),
(1095, '01.00112', 1, 31500, '2020-12-15 20:02:41'),
(1096, '01.00112', 2, 54000, '2020-12-15 20:02:41'),
(1097, '01.00112', 3, 20000, '2020-12-15 20:02:41'),
(1098, '01.00112', 4, 10000, '2020-12-15 20:02:41'),
(1099, '01.00112', 5, 25000, '2020-12-15 20:02:41'),
(1100, '01.00112', 6, 10000, '2020-12-15 20:02:41'),
(1101, '01.00112', 7, 14000, '2020-12-15 20:02:41'),
(1102, '01.00112', 8, 14500, '2020-12-15 20:02:41'),
(1103, '01.00112', 9, 12000, '2020-12-15 20:02:41'),
(1104, '01.00112', 10, 9000, '2020-12-15 20:02:41'),
(1105, '01.00113', 1, 31500, '2020-12-24 09:50:35'),
(1106, '01.00113', 2, 54000, '2020-12-24 09:50:35'),
(1107, '01.00113', 3, 20000, '2020-12-24 09:50:35'),
(1108, '01.00113', 4, 10000, '2020-12-24 09:50:35'),
(1109, '01.00113', 5, 25000, '2020-12-24 09:50:35'),
(1110, '01.00113', 6, 10000, '2020-12-24 09:50:35'),
(1111, '01.00113', 7, 14000, '2020-12-24 09:50:35'),
(1112, '01.00113', 8, 14500, '2020-12-24 09:50:35'),
(1113, '01.00113', 9, 12000, '2020-12-24 09:50:35'),
(1114, '01.00113', 10, 9000, '2020-12-24 09:50:35'),
(1115, '01.00114', 1, 31500, '2020-12-25 16:47:04'),
(1116, '01.00114', 2, 54000, '2020-12-25 16:47:04'),
(1117, '01.00114', 3, 20000, '2020-12-25 16:47:04'),
(1118, '01.00114', 4, 10000, '2020-12-25 16:47:04'),
(1119, '01.00114', 5, 25000, '2020-12-25 16:47:04'),
(1120, '01.00114', 6, 10000, '2020-12-25 16:47:04'),
(1121, '01.00114', 7, 14000, '2020-12-25 16:47:04'),
(1122, '01.00114', 8, 14500, '2020-12-25 16:47:04'),
(1123, '01.00114', 9, 12000, '2020-12-25 16:47:04'),
(1124, '01.00114', 10, 9000, '2020-12-25 16:47:04'),
(1125, '01.00115', 1, 31500, '2020-12-28 20:19:20'),
(1126, '01.00115', 2, 54000, '2020-12-28 20:19:20'),
(1127, '01.00115', 3, 20000, '2020-12-28 20:19:20'),
(1128, '01.00115', 4, 10000, '2020-12-28 20:19:20'),
(1129, '01.00115', 5, 25000, '2020-12-28 20:19:20'),
(1130, '01.00115', 6, 10000, '2020-12-28 20:19:20'),
(1131, '01.00115', 7, 14000, '2020-12-28 20:19:20'),
(1132, '01.00115', 8, 14500, '2020-12-28 20:19:20'),
(1133, '01.00115', 9, 12000, '2020-12-28 20:19:20'),
(1134, '01.00115', 10, 9000, '2020-12-28 20:19:20'),
(1135, '01.00116', 1, 31500, '2021-01-01 17:58:47'),
(1136, '01.00116', 2, 54000, '2021-01-01 17:58:47'),
(1137, '01.00116', 3, 20000, '2021-01-01 17:58:47'),
(1138, '01.00116', 4, 10000, '2021-01-01 17:58:47'),
(1139, '01.00116', 5, 25000, '2021-01-01 17:58:47'),
(1140, '01.00116', 6, 10000, '2021-01-01 17:58:47'),
(1141, '01.00116', 7, 14000, '2021-01-01 17:58:47'),
(1142, '01.00116', 8, 14500, '2021-01-01 17:58:47'),
(1143, '01.00116', 9, 12000, '2021-01-01 17:58:47'),
(1144, '01.00116', 10, 9000, '2021-01-01 17:58:47'),
(1145, '01.00117', 1, 31500, '2021-01-09 16:48:56'),
(1146, '01.00117', 2, 54000, '2021-01-09 16:48:56'),
(1147, '01.00117', 3, 20000, '2021-01-09 16:48:56'),
(1148, '01.00117', 4, 10000, '2021-01-09 16:48:56'),
(1149, '01.00117', 5, 25000, '2021-01-09 16:48:56'),
(1150, '01.00117', 6, 10000, '2021-01-09 16:48:56'),
(1151, '01.00117', 7, 14000, '2021-01-09 16:48:56'),
(1152, '01.00117', 8, 14500, '2021-01-09 16:48:56'),
(1153, '01.00117', 9, 12000, '2021-01-09 16:48:56'),
(1154, '01.00117', 10, 9000, '2021-01-09 16:48:56'),
(1155, '01.00118', 1, 31500, '2021-01-10 11:41:08'),
(1156, '01.00118', 2, 54000, '2021-01-10 11:41:08'),
(1157, '01.00118', 3, 20000, '2021-01-10 11:41:08'),
(1158, '01.00118', 4, 10000, '2021-01-10 11:41:08'),
(1159, '01.00118', 5, 25000, '2021-01-10 11:41:09'),
(1160, '01.00118', 6, 10000, '2021-01-10 11:41:09'),
(1161, '01.00118', 7, 14000, '2021-01-10 11:41:09'),
(1162, '01.00118', 8, 14500, '2021-01-10 11:41:09'),
(1163, '01.00118', 9, 12000, '2021-01-10 11:41:09'),
(1164, '01.00118', 10, 9000, '2021-01-10 11:41:09'),
(1165, '01.00119', 1, 31500, '2021-01-10 17:08:57'),
(1166, '01.00119', 2, 54000, '2021-01-10 17:08:57'),
(1167, '01.00119', 3, 20000, '2021-01-10 17:08:57'),
(1168, '01.00119', 4, 10000, '2021-01-10 17:08:57'),
(1169, '01.00119', 5, 25000, '2021-01-10 17:08:57'),
(1170, '01.00119', 6, 10000, '2021-01-10 17:08:57'),
(1171, '01.00119', 7, 14000, '2021-01-10 17:08:57'),
(1172, '01.00119', 8, 14500, '2021-01-10 17:08:57'),
(1173, '01.00119', 9, 12000, '2021-01-10 17:08:57'),
(1174, '01.00119', 10, 9000, '2021-01-10 17:08:57'),
(1175, '01.00120', 1, 31500, '2021-01-10 17:35:56'),
(1176, '01.00120', 2, 54000, '2021-01-10 17:35:56'),
(1177, '01.00120', 3, 20000, '2021-01-10 17:35:56'),
(1178, '01.00120', 4, 10000, '2021-01-10 17:35:56'),
(1179, '01.00120', 5, 25000, '2021-01-10 17:35:56'),
(1180, '01.00120', 6, 10000, '2021-01-10 17:35:56'),
(1181, '01.00120', 7, 14000, '2021-01-10 17:35:56'),
(1182, '01.00120', 8, 14500, '2021-01-10 17:35:56'),
(1183, '01.00120', 9, 12000, '2021-01-10 17:35:56'),
(1184, '01.00120', 10, 9000, '2021-01-10 17:35:56'),
(1185, '01.00121', 1, 31500, '2021-01-10 18:20:31'),
(1186, '01.00121', 2, 54000, '2021-01-10 18:20:31'),
(1187, '01.00121', 3, 20000, '2021-01-10 18:20:31'),
(1188, '01.00121', 4, 10000, '2021-01-10 18:20:31'),
(1189, '01.00121', 5, 25000, '2021-01-10 18:20:31'),
(1190, '01.00121', 6, 10000, '2021-01-10 18:20:31'),
(1191, '01.00121', 7, 14000, '2021-01-10 18:20:31'),
(1192, '01.00121', 8, 14500, '2021-01-10 18:20:31'),
(1193, '01.00121', 9, 12000, '2021-01-10 18:20:31'),
(1194, '01.00121', 10, 9000, '2021-01-10 18:20:31'),
(1195, '01.00122', 1, 31500, '2021-01-10 18:32:25'),
(1196, '01.00122', 2, 54000, '2021-01-10 18:32:25'),
(1197, '01.00122', 3, 20000, '2021-01-10 18:32:25'),
(1198, '01.00122', 4, 10000, '2021-01-10 18:32:25'),
(1199, '01.00122', 5, 25000, '2021-01-10 18:32:25'),
(1200, '01.00122', 6, 10000, '2021-01-10 18:32:25'),
(1201, '01.00122', 7, 14000, '2021-01-10 18:32:25'),
(1202, '01.00122', 8, 14500, '2021-01-10 18:32:25'),
(1203, '01.00122', 9, 12000, '2021-01-10 18:32:25'),
(1204, '01.00122', 10, 9000, '2021-01-10 18:32:25'),
(1205, '01.00123', 1, 31500, '2021-01-11 19:09:38'),
(1206, '01.00123', 2, 54000, '2021-01-11 19:09:38'),
(1207, '01.00123', 3, 20000, '2021-01-11 19:09:38'),
(1208, '01.00123', 4, 10000, '2021-01-11 19:09:38'),
(1209, '01.00123', 5, 25000, '2021-01-11 19:09:38'),
(1210, '01.00123', 6, 10000, '2021-01-11 19:09:38'),
(1211, '01.00123', 7, 14000, '2021-01-11 19:09:38'),
(1212, '01.00123', 8, 14500, '2021-01-11 19:09:38'),
(1213, '01.00123', 9, 12000, '2021-01-11 19:09:38'),
(1214, '01.00123', 10, 9000, '2021-01-11 19:09:38'),
(1215, '01.00124', 1, 31500, '2021-02-25 17:52:22'),
(1216, '01.00124', 2, 54000, '2021-02-25 17:52:22'),
(1217, '01.00124', 3, 20000, '2021-02-25 17:52:22'),
(1218, '01.00124', 4, 10000, '2021-02-25 17:52:22'),
(1219, '01.00124', 5, 25000, '2021-02-25 17:52:22'),
(1220, '01.00124', 6, 10000, '2021-02-25 17:52:22'),
(1221, '01.00124', 7, 14000, '2021-02-25 17:52:22'),
(1222, '01.00124', 8, 14500, '2021-02-25 17:52:22'),
(1223, '01.00124', 9, 12000, '2021-02-25 17:52:22'),
(1224, '01.00124', 10, 9000, '2021-02-25 17:52:22'),
(1225, '01.00125', 1, 31500, '2021-03-15 10:24:48'),
(1226, '01.00125', 2, 54000, '2021-03-15 10:24:48'),
(1227, '01.00125', 3, 20000, '2021-03-15 10:24:48'),
(1228, '01.00125', 4, 10000, '2021-03-15 10:24:48'),
(1229, '01.00125', 5, 25000, '2021-03-15 10:24:48'),
(1230, '01.00125', 6, 10000, '2021-03-15 10:24:48'),
(1231, '01.00125', 7, 14000, '2021-03-15 10:24:48'),
(1232, '01.00125', 8, 14500, '2021-03-15 10:24:48'),
(1233, '01.00125', 9, 12000, '2021-03-15 10:24:48'),
(1234, '01.00125', 10, 9000, '2021-03-15 10:24:48'),
(1235, '01.00126', 1, 31500, '2021-03-15 10:27:11'),
(1236, '01.00126', 2, 54000, '2021-03-15 10:27:11'),
(1237, '01.00126', 3, 20000, '2021-03-15 10:27:11'),
(1238, '01.00126', 4, 10000, '2021-03-15 10:27:11'),
(1239, '01.00126', 5, 25000, '2021-03-15 10:27:11'),
(1240, '01.00126', 6, 10000, '2021-03-15 10:27:11'),
(1241, '01.00126', 7, 14000, '2021-03-15 10:27:11'),
(1242, '01.00126', 8, 14500, '2021-03-15 10:27:11'),
(1243, '01.00126', 9, 12000, '2021-03-15 10:27:11'),
(1244, '01.00126', 10, 9000, '2021-03-15 10:27:11'),
(1245, '01.00127', 1, 31500, '2021-03-16 14:11:54'),
(1246, '01.00127', 2, 54000, '2021-03-16 14:11:54'),
(1247, '01.00127', 3, 20000, '2021-03-16 14:11:54'),
(1248, '01.00127', 4, 10000, '2021-03-16 14:11:54'),
(1249, '01.00127', 5, 25000, '2021-03-16 14:11:54'),
(1250, '01.00127', 6, 10000, '2021-03-16 14:11:54'),
(1251, '01.00127', 7, 14000, '2021-03-16 14:11:54'),
(1252, '01.00127', 8, 14500, '2021-03-16 14:11:54'),
(1253, '01.00127', 9, 12000, '2021-03-16 14:11:54'),
(1254, '01.00127', 10, 9000, '2021-03-16 14:11:54'),
(1255, '01.00128', 1, 31500, '2021-03-22 20:02:27'),
(1256, '01.00128', 2, 54000, '2021-03-22 20:02:27'),
(1257, '01.00128', 3, 20000, '2021-03-22 20:02:27'),
(1258, '01.00128', 4, 10000, '2021-03-22 20:02:27'),
(1259, '01.00128', 5, 25000, '2021-03-22 20:02:27'),
(1260, '01.00128', 6, 10000, '2021-03-22 20:02:27'),
(1261, '01.00128', 7, 14000, '2021-03-22 20:02:27'),
(1262, '01.00128', 8, 14500, '2021-03-22 20:02:27'),
(1263, '01.00128', 9, 12000, '2021-03-22 20:02:27'),
(1264, '01.00128', 10, 9000, '2021-03-22 20:02:27'),
(1265, '01.00129', 1, 31500, '2021-03-23 15:27:46'),
(1266, '01.00129', 2, 54000, '2021-03-23 15:27:46'),
(1267, '01.00129', 3, 20000, '2021-03-23 15:27:46'),
(1268, '01.00129', 4, 10000, '2021-03-23 15:27:46'),
(1269, '01.00129', 5, 25000, '2021-03-23 15:27:46'),
(1270, '01.00129', 6, 10000, '2021-03-23 15:27:46'),
(1271, '01.00129', 7, 14000, '2021-03-23 15:27:46'),
(1272, '01.00129', 8, 14500, '2021-03-23 15:27:46'),
(1273, '01.00129', 9, 12000, '2021-03-23 15:27:46'),
(1274, '01.00129', 10, 9000, '2021-03-23 15:27:46'),
(1275, '01.00130', 1, 31500, '2021-03-31 18:52:35'),
(1276, '01.00130', 2, 54000, '2021-03-31 18:52:35'),
(1277, '01.00130', 3, 20000, '2021-03-31 18:52:35'),
(1278, '01.00130', 4, 10000, '2021-03-31 18:52:35'),
(1279, '01.00130', 5, 25000, '2021-03-31 18:52:35'),
(1280, '01.00130', 6, 10000, '2021-03-31 18:52:35'),
(1281, '01.00130', 7, 14000, '2021-03-31 18:52:35'),
(1282, '01.00130', 8, 14500, '2021-03-31 18:52:35'),
(1283, '01.00130', 9, 12000, '2021-03-31 18:52:35'),
(1284, '01.00130', 10, 9000, '2021-03-31 18:52:35'),
(1285, '01.00131', 1, 31500, '2021-04-18 09:46:40'),
(1286, '01.00131', 2, 24000, '2021-04-18 09:46:40'),
(1287, '01.00131', 3, 4500, '2021-04-18 09:46:40'),
(1288, '01.00131', 4, 10000, '2021-04-18 09:46:40'),
(1289, '01.00131', 5, 50000, '2021-04-18 09:46:40'),
(1290, '01.00131', 6, 35000, '2021-04-18 09:46:40'),
(1291, '01.00131', 7, 10000, '2021-04-18 09:46:40'),
(1292, '01.00131', 8, 14000, '2021-04-18 09:46:40'),
(1293, '01.00131', 9, 12000, '2021-04-18 09:46:40'),
(1294, '01.00131', 10, 9000, '2021-04-18 09:46:40'),
(1295, '01.00132', 1, 31500, '2021-04-27 20:28:09'),
(1296, '01.00132', 2, 24000, '2021-04-27 20:28:09'),
(1297, '01.00132', 3, 4500, '2021-04-27 20:28:09'),
(1298, '01.00132', 4, 10000, '2021-04-27 20:28:09'),
(1299, '01.00132', 5, 50000, '2021-04-27 20:28:09'),
(1300, '01.00132', 6, 35000, '2021-04-27 20:28:09'),
(1301, '01.00132', 7, 10000, '2021-04-27 20:28:09'),
(1302, '01.00132', 8, 14000, '2021-04-27 20:28:09'),
(1303, '01.00132', 9, 12000, '2021-04-27 20:28:09'),
(1304, '01.00132', 10, 9000, '2021-04-27 20:28:09'),
(1305, '01.00133', 1, 31500, '2021-04-27 20:38:14'),
(1306, '01.00133', 2, 24000, '2021-04-27 20:38:14'),
(1307, '01.00133', 3, 4500, '2021-04-27 20:38:14'),
(1308, '01.00133', 4, 10000, '2021-04-27 20:38:14'),
(1309, '01.00133', 5, 50000, '2021-04-27 20:38:14'),
(1310, '01.00133', 6, 35000, '2021-04-27 20:38:14'),
(1311, '01.00133', 7, 10000, '2021-04-27 20:38:14'),
(1312, '01.00133', 8, 14000, '2021-04-27 20:38:14'),
(1313, '01.00133', 9, 12000, '2021-04-27 20:38:14'),
(1314, '01.00133', 10, 9000, '2021-04-27 20:38:14'),
(1315, '01.00134', 1, 31500, '2021-04-27 20:56:37'),
(1316, '01.00134', 2, 24000, '2021-04-27 20:56:37'),
(1317, '01.00134', 3, 4500, '2021-04-27 20:56:37'),
(1318, '01.00134', 4, 10000, '2021-04-27 20:56:37'),
(1319, '01.00134', 5, 50000, '2021-04-27 20:56:37'),
(1320, '01.00134', 6, 35000, '2021-04-27 20:56:37'),
(1321, '01.00134', 7, 10000, '2021-04-27 20:56:37'),
(1322, '01.00134', 8, 14000, '2021-04-27 20:56:37'),
(1323, '01.00134', 9, 12000, '2021-04-27 20:56:37'),
(1324, '01.00134', 10, 9000, '2021-04-27 20:56:37');

-- --------------------------------------------------------

--
-- Struktur dari tabel `tb_sms_info`
--

CREATE TABLE `tb_sms_info` (
  `id` int(11) NOT NULL,
  `idted` varchar(8) NOT NULL,
  `nohp` varchar(20) NOT NULL,
  `pesan` text NOT NULL,
  `is_sent` int(1) NOT NULL
) ENGINE=MyISAM DEFAULT CHARSET=latin1;

--
-- Dumping data untuk tabel `tb_sms_info`
--

INSERT INTO `tb_sms_info` (`id`, `idted`, `nohp`, `pesan`, `is_sent`) VALUES
(1, '01.00001', '081327479067', 'Total profit titipan emas bln 01 2021 adl 0.675% / 0.027 gr, \r\n                telah ditambah ke saldo tab. emas,-. Tks', 1),
(2, '01.00066', '085726841990', 'Total profit titipan emas bln 01 2021 adl 0.4% / 0.4 gr, \r\n                telah ditambah ke saldo tab. emas,-. Tks', 1),
(3, '01.00066', '085726841990', 'Total profit titipan emas bln 01 2021 adl 0.4% / 0.264 gr, \r\n                telah ditambah ke saldo tab. emas,-. Tks', 1),
(4, '01.00011', '081325469975', 'Total profit titipan emas bln 01 2021 adl 0.4% / 0.008 gr, \r\n                telah ditambah ke saldo tab. emas,-. Tks', 1),
(5, '01.00071', '081575012844', 'Total profit titipan emas bln 01 2021 adl 0.675% / 0.3375 gr, \r\n                telah ditambah ke saldo tab. emas,-. Tks', 1),
(6, '01.00083', '082133232909', 'Total profit titipan emas bln 01 2021 adl 0.675% / 0.0135 gr, \r\n                telah ditambah ke saldo tab. emas,-. Tks', 1),
(7, '01.00088', '083163397270', 'Total profit titipan emas bln 01 2021 adl 0.675% / 0.0135 gr, \r\n                telah ditambah ke saldo tab. emas,-. Tks', 1),
(8, '01.00009', '081325123353', 'Total profit titipan emas bln 01 2021 adl 0.675% / 0.0135 gr, \r\n                telah ditambah ke saldo tab. emas,-. Tks', 1),
(9, '01.00054', '085713893698', 'Total profit titipan emas bln 01 2021 adl 0.675% / 0.0135 gr, \r\n                telah ditambah ke saldo tab. emas,-. Tks', 1),
(10, '01.00051', '082299413996', 'Total profit titipan emas bln 01 2021 adl 0.675% / 0.0405 gr, \r\n                telah ditambah ke saldo tab. emas,-. Tks', 1),
(11, '01.00094', '081335623997', 'Total profit titipan emas bln 01 2021 adl 0.675% / 0.0135 gr, \r\n                telah ditambah ke saldo tab. emas,-. Tks', 1),
(12, '01.00042', '085740601703', 'Total profit titipan emas bln 01 2021 adl 0.675% / 0.0135 gr, \r\n                telah ditambah ke saldo tab. emas,-. Tks', 1),
(13, '01.00052', '081575886727', 'Total profit titipan emas bln 01 2021 adl 0.675% / 0.0135 gr, \r\n                telah ditambah ke saldo tab. emas,-. Tks', 1),
(14, '01.00060', '085876100940', 'Total profit titipan emas bln 01 2021 adl 0.675% / 0.0135 gr, \r\n                telah ditambah ke saldo tab. emas,-. Tks', 1),
(15, '01.00098', '+12107809363', 'Total profit titipan emas bln 01 2021 adl 0.675% / 0.0135 gr, \r\n                telah ditambah ke saldo tab. emas,-. Tks', 1),
(16, '01.00008', '085727611329', 'Total profit titipan emas bln 01 2021 adl 0.675% / 0.0135 gr, \r\n                telah ditambah ke saldo tab. emas,-. Tks', 1),
(17, '01.00054', '085713893698', 'Total profit titipan emas bln 01 2021 adl 0.675% / 0.0135 gr, \r\n                telah ditambah ke saldo tab. emas,-. Tks', 1),
(18, '01.00053', '0811251610', 'Total profit titipan emas bln 01 2021 adl 0.675% / 0.0405 gr, \r\n                telah ditambah ke saldo tab. emas,-. Tks', 1),
(19, '01.00025', '082230854065', 'Total profit titipan emas bln 01 2021 adl 0.675% / 0.0675 gr, \r\n                telah ditambah ke saldo tab. emas,-. Tks', 1),
(20, '01.00009', '081325123353', 'Total profit titipan emas bln 01 2021 adl 0.675% / 0.0135 gr, \r\n                telah ditambah ke saldo tab. emas,-. Tks', 1),
(21, '01.00027', '085101995521', 'Total profit titipan emas bln 01 2021 adl 0.675% / 0.081 gr, \r\n                telah ditambah ke saldo tab. emas,-. Tks', 1),
(22, '01.00062', '085101292189', 'Total profit titipan emas bln 01 2021 adl 0.675% / 0.0135 gr, \r\n                telah ditambah ke saldo tab. emas,-. Tks', 1),
(23, '01.00011', '081325469975', 'Total profit titipan emas bln 01 2021 adl 0.675% / 0.081 gr, \r\n                telah ditambah ke saldo tab. emas,-. Tks', 1),
(24, '01.00063', '085950726801', 'Total profit titipan emas bln 01 2021 adl 0.675% / 0.0135 gr, \r\n                telah ditambah ke saldo tab. emas,-. Tks', 1),
(25, '01.00027', '085101995521', 'Total profit titipan emas bln 01 2021 adl 0.675% / 0.4725 gr, \r\n                telah ditambah ke saldo tab. emas,-. Tks', 1),
(26, '01.00065', '081325453388', 'Total profit titipan emas bln 01 2021 adl 0.675% / 0.4725 gr, \r\n                telah ditambah ke saldo tab. emas,-. Tks', 1),
(27, '01.00028', '081326627170', 'Total profit titipan emas bln 01 2021 adl 0.675% / 0.3375 gr, \r\n                telah ditambah ke saldo tab. emas,-. Tks', 1),
(28, '01.00066', '085726841990', 'Total profit titipan emas bln 01 2021 adl 0.025% / 0.0415 gr, \r\n                telah ditambah ke saldo tab. emas,-. Tks', 1),
(29, '01.00011', '081325469975', 'Total profit titipan emas bln 01 2021 adl 0.025% / 0.0005 gr, \r\n                telah ditambah ke saldo tab. emas,-. Tks', 1),
(30, '01.00001', '081327479067', 'Total profit titipan emas bln 12 2020 adl 0.22% / 0.0088 gr, \r\n                telah ditambah ke saldo tab. emas,-. Tks', 1),
(31, '01.00009', '081325123353', 'Total profit titipan emas bln 12 2020 adl 0.1% / 0.002 gr, \r\n                telah ditambah ke saldo tab. emas,-. Tks', 1),
(32, '01.00027', '085101995521', 'Total profit titipan emas bln 12 2020 adl 0.17% / 0.0204 gr, \r\n                telah ditambah ke saldo tab. emas,-. Tks', 1),
(33, '01.00062', '085101292189', 'Total profit titipan emas bln 12 2020 adl 0.17% / 0.0034 gr, \r\n                telah ditambah ke saldo tab. emas,-. Tks', 1),
(34, '01.00023', '081327405100', 'Total profit titipan emas bln 12 2020 adl 0.17% / 0.0034 gr, \r\n                telah ditambah ke saldo tab. emas,-. Tks', 1),
(35, '01.00011', '081325469975', 'Total profit titipan emas bln 12 2020 adl 0.195% / 0.0234 gr, \r\n                telah ditambah ke saldo tab. emas,-. Tks', 1),
(36, '01.00063', '085950726801', 'Total profit titipan emas bln 12 2020 adl 0.195% / 0.0039 gr, \r\n                telah ditambah ke saldo tab. emas,-. Tks', 1),
(37, '01.00065', '081325453388', 'Total profit titipan emas bln 12 2020 adl 0.22% / 0.154 gr, \r\n                telah ditambah ke saldo tab. emas,-. Tks', 1),
(38, '01.00027', '085101995521', 'Total profit titipan emas bln 12 2020 adl 0.22% / 0.154 gr, \r\n                telah ditambah ke saldo tab. emas,-. Tks', 1),
(39, '01.00028', '081326627170', 'Total profit titipan emas bln 12 2020 adl 0.22% / 0.11 gr, \r\n                telah ditambah ke saldo tab. emas,-. Tks', 1),
(40, '01.00066', '085726841990', 'Total profit titipan emas bln 12 2020 adl 0.22% / 0.22 gr, \r\n                telah ditambah ke saldo tab. emas,-. Tks', 1),
(41, '01.00066', '085726841990', 'Total profit titipan emas bln 12 2020 adl 0.22% / 0.1452 gr, \r\n                telah ditambah ke saldo tab. emas,-. Tks', 1),
(42, '01.00011', '081325469975', 'Total profit titipan emas bln 12 2020 adl 0.22% / 0.0044 gr, \r\n                telah ditambah ke saldo tab. emas,-. Tks', 1),
(43, '01.00071', '081575012844', 'Total profit titipan emas bln 12 2020 adl 0.22% / 0.11 gr, \r\n                telah ditambah ke saldo tab. emas,-. Tks', 1),
(44, '01.00083', '082133232909', 'Total profit titipan emas bln 12 2020 adl 0.22% / 0.0044 gr, \r\n                telah ditambah ke saldo tab. emas,-. Tks', 1),
(45, '01.00088', '083163397270', 'Total profit titipan emas bln 12 2020 adl 0.22% / 0.0044 gr, \r\n                telah ditambah ke saldo tab. emas,-. Tks', 1),
(46, '01.00009', '081325123353', 'Total profit titipan emas bln 12 2020 adl 0.22% / 0.0044 gr, \r\n                telah ditambah ke saldo tab. emas,-. Tks', 1),
(47, '01.00054', '085713893698', 'Total profit titipan emas bln 12 2020 adl 0.22% / 0.0044 gr, \r\n                telah ditambah ke saldo tab. emas,-. Tks', 1),
(48, '01.00051', '082299413996', 'Total profit titipan emas bln 12 2020 adl 0.22% / 0.0132 gr, \r\n                telah ditambah ke saldo tab. emas,-. Tks', 1),
(49, '01.00094', '081335623997', 'Total profit titipan emas bln 12 2020 adl 0.22% / 0.0044 gr, \r\n                telah ditambah ke saldo tab. emas,-. Tks', 1),
(50, '01.00042', '085740601703', 'Total profit titipan emas bln 12 2020 adl 0.22% / 0.0044 gr, \r\n                telah ditambah ke saldo tab. emas,-. Tks', 1),
(51, '01.00052', '081575886727', 'Total profit titipan emas bln 12 2020 adl 0.22% / 0.0044 gr, \r\n                telah ditambah ke saldo tab. emas,-. Tks', 1),
(52, '01.00060', '085876100940', 'Total profit titipan emas bln 12 2020 adl 0.22% / 0.0044 gr, \r\n                telah ditambah ke saldo tab. emas,-. Tks', 1),
(53, '01.00098', '+12107809363', 'Total profit titipan emas bln 12 2020 adl 0.22% / 0.0044 gr, \r\n                telah ditambah ke saldo tab. emas,-. Tks', 1),
(54, '01.00008', '085727611329', 'Total profit titipan emas bln 12 2020 adl 0.22% / 0.0044 gr, \r\n                telah ditambah ke saldo tab. emas,-. Tks', 1),
(55, '01.00054', '085713893698', 'Total profit titipan emas bln 12 2020 adl 0.22% / 0.0044 gr, \r\n                telah ditambah ke saldo tab. emas,-. Tks', 1),
(56, '01.00053', '0811251610', 'Total profit titipan emas bln 12 2020 adl 0.22% / 0.0132 gr, \r\n                telah ditambah ke saldo tab. emas,-. Tks', 1),
(57, '01.00025', '082230854065', 'Total profit titipan emas bln 12 2020 adl 0.22% / 0.022 gr, \r\n                telah ditambah ke saldo tab. emas,-. Tks', 1),
(58, '01.00009', '081325123353', 'Total profit titipan emas bln 12 2020 adl 0.12% / 0.0024 gr, \r\n                telah ditambah ke saldo tab. emas,-. Tks', 1),
(59, '01.00027', '085101995521', 'Total profit titipan emas bln 12 2020 adl 0.05% / 0.006 gr, \r\n                telah ditambah ke saldo tab. emas,-. Tks', 1),
(60, '01.00062', '085101292189', 'Total profit titipan emas bln 12 2020 adl 0.05% / 0.001 gr, \r\n                telah ditambah ke saldo tab. emas,-. Tks', 1),
(61, '01.00011', '081325469975', 'Total profit titipan emas bln 12 2020 adl 0.025% / 0.003 gr, \r\n                telah ditambah ke saldo tab. emas,-. Tks', 1),
(62, '01.00063', '085950726801', 'Total profit titipan emas bln 12 2020 adl 0.025% / 0.0005 gr, \r\n                telah ditambah ke saldo tab. emas,-. Tks', 1),
(63, '01.00001', '081327479067', 'Total profit titipan emas bln 02 2021 adl 0.5% / 0.02 gr, \r\n                telah ditambah ke saldo tab. emas,-. Tks', 1),
(64, '01.00071', '081575012844', 'Total profit titipan emas bln 02 2021 adl 0.125% / 0.0625 gr, \r\n                telah ditambah ke saldo tab. emas,-. Tks', 1),
(65, '01.00083', '082133232909', 'Total profit titipan emas bln 02 2021 adl 0.125% / 0.0025 gr, \r\n                telah ditambah ke saldo tab. emas,-. Tks', 1),
(66, '01.00088', '083163397270', 'Total profit titipan emas bln 02 2021 adl 0.125% / 0.0025 gr, \r\n                telah ditambah ke saldo tab. emas,-. Tks', 1),
(67, '01.00009', '081325123353', 'Total profit titipan emas bln 02 2021 adl 0.125% / 0.0025 gr, \r\n                telah ditambah ke saldo tab. emas,-. Tks', 1),
(68, '01.00054', '085713893698', 'Total profit titipan emas bln 02 2021 adl 0.125% / 0.0025 gr, \r\n                telah ditambah ke saldo tab. emas,-. Tks', 1),
(69, '01.00051', '082299413996', 'Total profit titipan emas bln 02 2021 adl 0.125% / 0.0075 gr, \r\n                telah ditambah ke saldo tab. emas,-. Tks', 1),
(70, '01.00094', '081335623997', 'Total profit titipan emas bln 02 2021 adl 0.5% / 0.01 gr, \r\n                telah ditambah ke saldo tab. emas,-. Tks', 1),
(71, '01.00042', '085740601703', 'Total profit titipan emas bln 02 2021 adl 0.5% / 0.01 gr, \r\n                telah ditambah ke saldo tab. emas,-. Tks', 1),
(72, '01.00052', '081575886727', 'Total profit titipan emas bln 02 2021 adl 0.5% / 0.01 gr, \r\n                telah ditambah ke saldo tab. emas,-. Tks', 1),
(73, '01.00060', '085876100940', 'Total profit titipan emas bln 02 2021 adl 0.5% / 0.01 gr, \r\n                telah ditambah ke saldo tab. emas,-. Tks', 1),
(74, '01.00098', '+12107809363', 'Total profit titipan emas bln 02 2021 adl 0.5% / 0.01 gr, \r\n                telah ditambah ke saldo tab. emas,-. Tks', 1),
(75, '01.00008', '085727611329', 'Total profit titipan emas bln 02 2021 adl 0.5% / 0.01 gr, \r\n                telah ditambah ke saldo tab. emas,-. Tks', 1),
(76, '01.00054', '085713893698', 'Total profit titipan emas bln 02 2021 adl 0.5% / 0.01 gr, \r\n                telah ditambah ke saldo tab. emas,-. Tks', 1),
(77, '01.00053', '0811251610', 'Total profit titipan emas bln 02 2021 adl 0.5% / 0.03 gr, \r\n                telah ditambah ke saldo tab. emas,-. Tks', 1),
(78, '01.00025', '082230854065', 'Total profit titipan emas bln 02 2021 adl 0.5% / 0.05 gr, \r\n                telah ditambah ke saldo tab. emas,-. Tks', 1),
(79, '01.00009', '081325123353', 'Total profit titipan emas bln 02 2021 adl 0.5% / 0.01 gr, \r\n                telah ditambah ke saldo tab. emas,-. Tks', 1),
(80, '01.00027', '085101995521', 'Total profit titipan emas bln 02 2021 adl 0.5% / 0.06 gr, \r\n                telah ditambah ke saldo tab. emas,-. Tks', 1),
(81, '01.00062', '085101292189', 'Total profit titipan emas bln 02 2021 adl 0.5% / 0.01 gr, \r\n                telah ditambah ke saldo tab. emas,-. Tks', 1),
(82, '01.00011', '081325469975', 'Total profit titipan emas bln 02 2021 adl 0.5% / 0.06 gr, \r\n                telah ditambah ke saldo tab. emas,-. Tks', 1),
(83, '01.00063', '085950726801', 'Total profit titipan emas bln 02 2021 adl 0.5% / 0.01 gr, \r\n                telah ditambah ke saldo tab. emas,-. Tks', 1),
(84, '01.00027', '085101995521', 'Total profit titipan emas bln 02 2021 adl 0.5% / 0.35 gr, \r\n                telah ditambah ke saldo tab. emas,-. Tks', 1),
(85, '01.00065', '081325453388', 'Total profit titipan emas bln 02 2021 adl 0.5% / 0.35 gr, \r\n                telah ditambah ke saldo tab. emas,-. Tks', 1),
(86, '01.00028', '081326627170', 'Total profit titipan emas bln 02 2021 adl 0.5% / 0.25 gr, \r\n                telah ditambah ke saldo tab. emas,-. Tks', 1),
(87, '01.00066', '085726841990', 'Total profit titipan emas bln 02 2021 adl 0.5% / 0.83 gr, \r\n                telah ditambah ke saldo tab. emas,-. Tks', 1),
(88, '01.00011', '081325469975', 'Total profit titipan emas bln 02 2021 adl 0.5% / 0.01 gr, \r\n                telah ditambah ke saldo tab. emas,-. Tks', 1),
(89, '01.00071', '081575012844', 'Total profit titipan emas bln 02 2021 adl 0.375% / 0.1875 gr, \r\n                telah ditambah ke saldo tab. emas,-. Tks', 1),
(90, '01.00083', '082133232909', 'Total profit titipan emas bln 02 2021 adl 0.375% / 0.0075 gr, \r\n                telah ditambah ke saldo tab. emas,-. Tks', 1),
(91, '01.00088', '083163397270', 'Total profit titipan emas bln 02 2021 adl 0.375% / 0.0075 gr, \r\n                telah ditambah ke saldo tab. emas,-. Tks', 1),
(92, '01.00001', '081327479067', 'Total profit titipan emas bln 03 2021 adl 0.35% / 0.014 gr, \r\n                telah ditambah ke saldo tab. emas,-. Tks', 1),
(93, '01.00094', '081335623997', 'Total profit titipan emas bln 03 2021 adl 0.35% / 0.007 gr, \r\n                telah ditambah ke saldo tab. emas,-. Tks', 1),
(94, '01.00042', '085740601703', 'Total profit titipan emas bln 03 2021 adl 0.05% / 0.001 gr, \r\n                telah ditambah ke saldo tab. emas,-. Tks', 1),
(95, '01.00052', '081575886727', 'Total profit titipan emas bln 03 2021 adl 0.05% / 0.001 gr, \r\n                telah ditambah ke saldo tab. emas,-. Tks', 1),
(96, '01.00060', '085876100940', 'Total profit titipan emas bln 03 2021 adl 0.05% / 0.001 gr, \r\n                telah ditambah ke saldo tab. emas,-. Tks', 1),
(97, '01.00098', '+12107809363', 'Total profit titipan emas bln 03 2021 adl 0.05% / 0.001 gr, \r\n                telah ditambah ke saldo tab. emas,-. Tks', 1),
(98, '01.00008', '085727611329', 'Total profit titipan emas bln 03 2021 adl 0.3% / 0.006 gr, \r\n                telah ditambah ke saldo tab. emas,-. Tks', 1),
(99, '01.00054', '085713893698', 'Total profit titipan emas bln 03 2021 adl 0.35% / 0.007 gr, \r\n                telah ditambah ke saldo tab. emas,-. Tks', 1),
(100, '01.00053', '0811251610', 'Total profit titipan emas bln 03 2021 adl 0.35% / 0.021 gr, \r\n                telah ditambah ke saldo tab. emas,-. Tks', 1),
(101, '01.00025', '082230854065', 'Total profit titipan emas bln 03 2021 adl 0.35% / 0.035 gr, \r\n                telah ditambah ke saldo tab. emas,-. Tks', 1),
(102, '01.00009', '081325123353', 'Total profit titipan emas bln 03 2021 adl 0.35% / 0.007 gr, \r\n                telah ditambah ke saldo tab. emas,-. Tks', 1),
(103, '01.00027', '085101995521', 'Total profit titipan emas bln 03 2021 adl 0.35% / 0.042 gr, \r\n                telah ditambah ke saldo tab. emas,-. Tks', 1),
(104, '01.00062', '085101292189', 'Total profit titipan emas bln 03 2021 adl 0.35% / 0.007 gr, \r\n                telah ditambah ke saldo tab. emas,-. Tks', 1),
(105, '01.00011', '081325469975', 'Total profit titipan emas bln 03 2021 adl 0.35% / 0.042 gr, \r\n                telah ditambah ke saldo tab. emas,-. Tks', 1),
(106, '01.00063', '085950726801', 'Total profit titipan emas bln 03 2021 adl 0.35% / 0.007 gr, \r\n                telah ditambah ke saldo tab. emas,-. Tks', 1),
(107, '01.00027', '085101995521', 'Total profit titipan emas bln 03 2021 adl 0.35% / 0.245 gr, \r\n                telah ditambah ke saldo tab. emas,-. Tks', 1),
(108, '01.00065', '081325453388', 'Total profit titipan emas bln 03 2021 adl 0.35% / 0.245 gr, \r\n                telah ditambah ke saldo tab. emas,-. Tks', 1),
(109, '01.00028', '081326627170', 'Total profit titipan emas bln 03 2021 adl 0.35% / 0.175 gr, \r\n                telah ditambah ke saldo tab. emas,-. Tks', 1),
(110, '01.00066', '085726841990', 'Total profit titipan emas bln 03 2021 adl 0.35% / 0.581 gr, \r\n                telah ditambah ke saldo tab. emas,-. Tks', 1),
(111, '01.00011', '081325469975', 'Total profit titipan emas bln 03 2021 adl 0.35% / 0.007 gr, \r\n                telah ditambah ke saldo tab. emas,-. Tks', 1),
(112, '01.00071', '081575012844', 'Total profit titipan emas bln 03 2021 adl 0.35% / 0.175 gr, \r\n                telah ditambah ke saldo tab. emas,-. Tks', 1),
(113, '01.00083', '082133232909', 'Total profit titipan emas bln 03 2021 adl 0.35% / 0.007 gr, \r\n                telah ditambah ke saldo tab. emas,-. Tks', 1),
(114, '01.00088', '083163397270', 'Total profit titipan emas bln 03 2021 adl 0.35% / 0.007 gr, \r\n                telah ditambah ke saldo tab. emas,-. Tks', 1),
(115, '01.00009', '081325123353', 'Total profit titipan emas bln 03 2021 adl 0.3% / 0.006 gr, \r\n                telah ditambah ke saldo tab. emas,-. Tks', 1),
(116, '01.00051', '082299413996', 'Total profit titipan emas bln 03 2021 adl 0.3% / 0.018 gr, \r\n                telah ditambah ke saldo tab. emas,-. Tks', 1),
(117, '01.00054', '085713893698', 'Total profit titipan emas bln 03 2021 adl 0.3% / 0.006 gr, \r\n                telah ditambah ke saldo tab. emas,-. Tks', 1),
(118, '01.00052', '081575886727', 'Total profit titipan emas bln 03 2021 adl 0.3% / 0.006 gr, \r\n                telah ditambah ke saldo tab. emas,-. Tks', 1),
(119, '01.00060', '085876100940', 'Total profit titipan emas bln 03 2021 adl 0.3% / 0.006 gr, \r\n                telah ditambah ke saldo tab. emas,-. Tks', 1),
(120, '01.00042', '085740601703', 'Total profit titipan emas bln 03 2021 adl 0.3% / 0.006 gr, \r\n                telah ditambah ke saldo tab. emas,-. Tks', 1),
(121, '01.00098', '+12107809363', 'Total profit titipan emas bln 03 2021 adl 0.3% / 0.006 gr, \r\n                telah ditambah ke saldo tab. emas,-. Tks', 1),
(122, '01.00008', '085727611329', 'Total profit titipan emas bln 03 2021 adl 0.05% / 0.001 gr, \r\n                telah ditambah ke saldo tab. emas,-. Tks', 1);

-- --------------------------------------------------------

--
-- Struktur dari tabel `tb_titipan_emas`
--

CREATE TABLE `tb_titipan_emas` (
  `idx` bigint(30) NOT NULL,
  `idted` varchar(8) NOT NULL,
  `tgl_ikut` date NOT NULL,
  `tgl_berakhir` date NOT NULL,
  `tenor` int(11) NOT NULL,
  `gram` float NOT NULL,
  `harga_ikut` int(11) NOT NULL,
  `jml_uang` int(11) NOT NULL,
  `status` enum('pending','aktif','berhenti') NOT NULL
) ENGINE=InnoDB DEFAULT CHARSET=latin1;

--
-- Dumping data untuk tabel `tb_titipan_emas`
--

INSERT INTO `tb_titipan_emas` (`idx`, `idted`, `tgl_ikut`, `tgl_berakhir`, `tenor`, `gram`, `harga_ikut`, `jml_uang`, `status`) VALUES
(1, '01.00051', '2020-04-02', '2020-09-02', 6, 6, 878695, 5272170, 'berhenti'),
(2, '01.00042', '2020-04-09', '2020-09-09', 6, 2, 893325, 1786650, 'berhenti'),
(3, '01.00052', '2020-04-10', '2020-09-10', 6, 2, 893325, 1786650, 'berhenti'),
(4, '01.00011', '2020-04-26', '2020-09-26', 6, 2, 913460, 1826920, 'berhenti'),
(5, '01.00053', '2020-05-09', '2020-10-09', 6, 2, 898830, 1797660, 'berhenti'),
(6, '01.00053', '2020-05-17', '2020-10-17', 6, 4, 877686, 3510744, 'berhenti'),
(7, '01.00025', '2020-05-27', '2020-10-27', 6, 10, 889794, 8897940, 'berhenti'),
(8, '01.00003', '2020-05-27', '2020-10-27', 6, 2, 889794, 1779588, 'berhenti'),
(9, '01.00003', '2020-05-27', '2020-10-27', 6, 2, 889794, 1779588, 'berhenti'),
(10, '01.00001', '2020-06-01', '2021-06-01', 12, 4, 889794, 3559176, 'aktif'),
(11, '01.00009', '2020-06-09', '2020-12-09', 6, 2, 829758, 1659516, 'berhenti'),
(12, '01.00027', '2020-06-20', '2020-12-20', 6, 12, 850947, 10211364, 'berhenti'),
(13, '01.00062', '2020-06-20', '2020-12-20', 6, 2, 850947, 1701894, 'berhenti'),
(14, '01.00023', '2020-06-20', '2020-12-20', 6, 2, 850947, 1701894, 'berhenti'),
(15, '01.00011', '2020-06-23', '2020-12-23', 6, 12, 850947, 10211364, 'berhenti'),
(16, '01.00063', '2020-06-25', '2020-12-25', 6, 2, 866587, 1733174, 'berhenti'),
(17, '01.00065', '2020-06-29', '2020-12-29', 6, 70, 870623, 60943610, 'berhenti'),
(18, '01.00027', '2020-06-29', '2020-12-29', 6, 70, 870623, 60943610, 'berhenti'),
(19, '01.00028', '2020-07-03', '2021-01-03', 6, 50, 889794, 44489700, 'berhenti'),
(20, '01.00066', '2020-07-14', '2021-01-14', 6, 100, 902911, 90291100, 'berhenti'),
(21, '01.00066', '2020-07-14', '2021-01-14', 6, 66, 902911, 59592126, 'berhenti'),
(22, '01.00011', '2020-07-17', '2021-01-17', 6, 2, 913001, 1826002, 'berhenti'),
(23, '01.00071', '2020-08-04', '2021-02-04', 6, 50, 927000, 46350000, 'berhenti'),
(24, '01.00083', '2020-08-25', '2021-02-25', 6, 2, 919000, 1838000, 'berhenti'),
(25, '01.00088', '2020-08-31', '2021-03-03', 6, 2, 910000, 1820000, 'berhenti'),
(26, '01.00009', '2020-09-04', '2021-03-04', 6, 2, 923000, 1846000, 'berhenti'),
(27, '01.00054', '2020-09-07', '2021-03-07', 6, 2, 921000, 1842000, 'berhenti'),
(28, '01.00051', '2020-09-07', '2021-03-07', 6, 6, 921000, 5526000, 'berhenti'),
(29, '01.00094', '2020-09-08', '2021-09-08', 12, 2, 920000, 1840000, 'aktif'),
(30, '01.00042', '2020-09-11', '2021-03-11', 6, 2, 927000, 1854000, 'berhenti'),
(31, '01.00052', '2020-09-11', '2021-03-11', 6, 2, 927000, 1854000, 'berhenti'),
(32, '01.00060', '2020-09-14', '2021-03-14', 6, 2, 929000, 1858000, 'berhenti'),
(33, '01.00098', '2020-09-17', '2021-03-17', 6, 2, 932000, 1864000, 'berhenti'),
(34, '01.00008', '2020-09-22', '2021-03-22', 6, 2, 926000, 1852000, 'berhenti'),
(35, '01.00054', '2020-10-15', '2021-10-15', 12, 2, 900000, 1800000, 'aktif'),
(36, '01.00053', '2020-10-19', '2021-10-19', 12, 6, 904000, 5424000, 'aktif'),
(37, '01.00025', '2020-10-28', '2021-10-28', 12, 10, 899000, 8990000, 'aktif'),
(38, '01.00009', '2020-12-09', '2021-12-09', 12, 2, 846000, 1692000, 'aktif'),
(39, '01.00027', '2020-12-21', '2021-12-21', 12, 12, 862000, 10344000, 'aktif'),
(40, '01.00062', '2020-12-21', '2021-12-21', 12, 2, 862000, 1724000, 'aktif'),
(41, '01.00011', '2020-12-28', '2021-12-28', 12, 12, 866000, 10392000, 'aktif'),
(42, '01.00063', '2020-12-28', '2021-12-28', 12, 2, 866000, 1732000, 'aktif'),
(43, '01.00027', '2021-01-02', '2022-01-02', 12, 70, 855000, 59850000, 'aktif'),
(44, '01.00065', '2021-01-02', '2022-01-02', 12, 70, 855000, 59850000, 'aktif'),
(45, '01.00028', '2021-01-04', '2022-01-04', 12, 50, 866000, 43300000, 'aktif'),
(46, '01.00066', '2021-01-18', '2022-01-18', 12, 166, 821000, 136286000, 'aktif'),
(47, '01.00011', '2021-01-18', '2022-01-18', 12, 2, 821000, 1642000, 'aktif'),
(48, '01.00071', '2021-02-16', '2022-02-16', 12, 50, 815000, 40750000, 'aktif'),
(49, '01.00083', '2021-03-04', '2022-03-04', 12, 2, 788000, 1576000, 'aktif'),
(50, '01.00088', '2021-03-04', '2022-03-04', 12, 2, 788000, 1576000, 'aktif'),
(51, '01.00009', '2021-03-08', '2022-03-08', 12, 2, 787000, 1574000, 'aktif'),
(52, '01.00051', '2021-03-08', '2022-03-08', 12, 6, 787000, 4722000, 'aktif'),
(53, '01.00054', '2021-03-09', '2022-03-09', 12, 2, 778000, 1556000, 'aktif'),
(54, '01.00052', '2021-03-13', '2022-03-13', 12, 2, 799000, 1598000, 'aktif'),
(55, '01.00060', '2021-03-15', '2022-03-15', 12, 2, 797000, 1594000, 'aktif'),
(56, '01.00042', '2021-03-15', '2022-03-15', 12, 2, 797000, 1594000, 'aktif'),
(57, '01.00098', '2021-03-20', '2022-03-20', 12, 2, 803000, 1606000, 'aktif'),
(58, '01.00008', '2021-03-24', '2022-03-24', 12, 2, 809000, 1618000, 'aktif');

-- --------------------------------------------------------

--
-- Struktur dari tabel `tb_titipan_emas_detail`
--

CREATE TABLE `tb_titipan_emas_detail` (
  `idx` int(11) NOT NULL,
  `id_titipan` int(11) NOT NULL,
  `periode` date NOT NULL,
  `profit_persen` double NOT NULL,
  `profit_uang` double NOT NULL
) ENGINE=InnoDB DEFAULT CHARSET=latin1;

--
-- Dumping data untuk tabel `tb_titipan_emas_detail`
--

INSERT INTO `tb_titipan_emas_detail` (`idx`, `id_titipan`, `periode`, `profit_persen`, `profit_uang`) VALUES
(1, 1, '2020-06-27', 14.15, 0),
(2, 2, '2020-06-27', 12.35, 0),
(3, 3, '2020-06-27', 11.35, 0),
(4, 4, '2020-06-27', 8.85, 0),
(5, 5, '2020-06-27', 7.35, 0),
(6, 6, '2020-06-27', 5.2, 0),
(7, 7, '2020-06-27', 4.2, 0),
(8, 8, '2020-06-27', 3.2, 0),
(9, 9, '2020-06-27', 3.2, 0),
(10, 10, '2020-06-27', 3.2, 0),
(11, 11, '2020-06-27', 2.2, 0),
(12, 1, '2020-06-27', 0.75, 0),
(13, 2, '2020-06-27', 0.75, 0),
(14, 3, '2020-06-27', 0.75, 0),
(15, 4, '2020-06-27', 0.75, 0),
(16, 5, '2020-06-27', 0.75, 0),
(17, 6, '2020-06-27', 0.75, 0),
(18, 7, '2020-06-27', 0.75, 0),
(19, 8, '2020-06-27', 0.75, 0),
(20, 9, '2020-06-27', 0.75, 0),
(21, 10, '2020-06-27', 0.75, 0),
(22, 11, '2020-06-27', 0.75, 0),
(23, 12, '2020-06-27', 0.75, 0),
(24, 13, '2020-06-27', 0.75, 0),
(25, 14, '2020-06-27', 0.75, 0),
(26, 15, '2020-06-27', 0.75, 0),
(27, 16, '2020-06-27', 0.75, 0),
(28, 1, '2020-07-06', 0.8, 0),
(29, 2, '2020-07-06', 0.8, 0),
(30, 3, '2020-07-06', 0.8, 0),
(31, 4, '2020-07-06', 0.8, 0),
(32, 5, '2020-07-06', 0.8, 0),
(33, 6, '2020-07-06', 0.8, 0),
(34, 7, '2020-07-06', 0.8, 0),
(35, 8, '2020-07-06', 0.8, 0),
(36, 9, '2020-07-06', 0.8, 0),
(37, 10, '2020-07-06', 0.8, 0),
(38, 11, '2020-07-06', 0.8, 0),
(39, 12, '2020-07-06', 0.8, 0),
(40, 13, '2020-07-06', 0.8, 0),
(41, 14, '2020-07-06', 0.8, 0),
(42, 15, '2020-07-06', 0.8, 0),
(43, 16, '2020-07-06', 0.8, 0),
(44, 17, '2020-07-06', 0.8, 0),
(45, 18, '2020-07-06', 0.8, 0),
(46, 19, '2020-07-06', 0.8, 0),
(47, 1, '2020-07-13', 0.55, 0),
(48, 2, '2020-07-13', 0.55, 0),
(49, 3, '2020-07-13', 0.55, 0),
(50, 4, '2020-07-13', 0.55, 0),
(51, 5, '2020-07-13', 0.55, 0),
(52, 6, '2020-07-13', 0.55, 0),
(53, 7, '2020-07-13', 0.55, 0),
(54, 8, '2020-07-13', 0.55, 0),
(55, 9, '2020-07-13', 0.55, 0),
(56, 10, '2020-07-13', 0.55, 0),
(57, 11, '2020-07-13', 0.55, 0),
(58, 12, '2020-07-13', 0.55, 0),
(59, 13, '2020-07-13', 0.55, 0),
(60, 14, '2020-07-13', 0.55, 0),
(61, 15, '2020-07-13', 0.55, 0),
(62, 16, '2020-07-13', 0.55, 0),
(63, 17, '2020-07-13', 0.55, 0),
(64, 18, '2020-07-13', 0.55, 0),
(65, 19, '2020-07-13', 0.55, 0),
(66, 1, '2020-07-20', 0.45, 0),
(67, 2, '2020-07-20', 0.45, 0),
(68, 3, '2020-07-20', 0.45, 0),
(69, 4, '2020-07-20', 0.45, 0),
(70, 5, '2020-07-20', 0.45, 0),
(71, 6, '2020-07-20', 0.45, 0),
(72, 7, '2020-07-20', 0.45, 0),
(73, 8, '2020-07-20', 0.45, 0),
(74, 9, '2020-07-20', 0.45, 0),
(75, 10, '2020-07-20', 0.45, 0),
(76, 11, '2020-07-20', 0.45, 0),
(77, 12, '2020-07-20', 0.45, 0),
(78, 13, '2020-07-20', 0.45, 0),
(79, 14, '2020-07-20', 0.45, 0),
(80, 15, '2020-07-20', 0.45, 0),
(81, 16, '2020-07-20', 0.45, 0),
(82, 17, '2020-07-20', 0.45, 0),
(83, 18, '2020-07-20', 0.45, 0),
(84, 19, '2020-07-20', 0.45, 0),
(85, 20, '2020-07-20', 0.45, 0),
(86, 21, '2020-07-20', 0.45, 0),
(87, 22, '2020-07-20', 0.45, 0),
(88, 1, '2020-07-27', 0.25, 0),
(89, 2, '2020-07-27', 0.25, 0),
(90, 3, '2020-07-27', 0.25, 0),
(91, 4, '2020-07-27', 0.25, 0),
(92, 5, '2020-07-27', 0.25, 0),
(93, 6, '2020-07-27', 0.25, 0),
(94, 7, '2020-07-27', 0.25, 0),
(95, 8, '2020-07-27', 0.25, 0),
(96, 9, '2020-07-27', 0.25, 0),
(97, 10, '2020-07-27', 0.25, 0),
(98, 11, '2020-07-27', 0.25, 0),
(99, 12, '2020-07-27', 0.25, 0),
(100, 13, '2020-07-27', 0.25, 0),
(101, 14, '2020-07-27', 0.25, 0),
(102, 15, '2020-07-27', 0.25, 0),
(103, 16, '2020-07-27', 0.25, 0),
(104, 17, '2020-07-27', 0.25, 0),
(105, 18, '2020-07-27', 0.25, 0),
(106, 19, '2020-07-27', 0.25, 0),
(107, 20, '2020-07-27', 0.25, 0),
(108, 21, '2020-07-27', 0.25, 0),
(109, 22, '2020-07-27', 0.25, 0),
(110, 1, '2020-08-03', 0.45, 0),
(111, 2, '2020-08-03', 0.45, 0),
(112, 3, '2020-08-03', 0.45, 0),
(113, 4, '2020-08-03', 0.45, 0),
(114, 5, '2020-08-03', 0.45, 0),
(115, 6, '2020-08-03', 0.45, 0),
(116, 7, '2020-08-03', 0.45, 0),
(117, 8, '2020-08-03', 0.45, 0),
(118, 9, '2020-08-03', 0.45, 0),
(119, 10, '2020-08-03', 0.45, 0),
(120, 11, '2020-08-03', 0.45, 0),
(121, 12, '2020-08-03', 0.45, 0),
(122, 13, '2020-08-03', 0.45, 0),
(123, 14, '2020-08-03', 0.45, 0),
(124, 15, '2020-08-03', 0.45, 0),
(125, 16, '2020-08-03', 0.45, 0),
(126, 17, '2020-08-03', 0.45, 0),
(127, 18, '2020-08-03', 0.45, 0),
(128, 19, '2020-08-03', 0.45, 0),
(129, 20, '2020-08-03', 0.45, 0),
(130, 21, '2020-08-03', 0.45, 0),
(131, 22, '2020-08-03', 0.45, 0),
(132, 1, '2020-08-10', 0.45, 0),
(133, 2, '2020-08-10', 0.45, 0),
(134, 3, '2020-08-10', 0.45, 0),
(135, 4, '2020-08-10', 0.45, 0),
(136, 5, '2020-08-10', 0.45, 0),
(137, 6, '2020-08-10', 0.45, 0),
(138, 7, '2020-08-10', 0.45, 0),
(139, 8, '2020-08-10', 0.45, 0),
(140, 9, '2020-08-10', 0.45, 0),
(141, 10, '2020-08-10', 0.45, 0),
(142, 11, '2020-08-10', 0.45, 0),
(143, 12, '2020-08-10', 0.45, 0),
(144, 13, '2020-08-10', 0.45, 0),
(145, 14, '2020-08-10', 0.45, 0),
(146, 15, '2020-08-10', 0.45, 0),
(147, 16, '2020-08-10', 0.45, 0),
(148, 17, '2020-08-10', 0.45, 0),
(149, 18, '2020-08-10', 0.45, 0),
(150, 19, '2020-08-10', 0.45, 0),
(151, 20, '2020-08-10', 0.45, 0),
(152, 21, '2020-08-10', 0.45, 0),
(153, 22, '2020-08-10', 0.45, 0),
(154, 23, '2020-08-10', 0.45, 0),
(155, 1, '2020-08-17', 0.25, 0),
(156, 2, '2020-08-17', 0.25, 0),
(157, 3, '2020-08-17', 0.25, 0),
(158, 4, '2020-08-17', 0.25, 0),
(159, 5, '2020-08-17', 0.25, 0),
(160, 6, '2020-08-17', 0.25, 0),
(161, 7, '2020-08-17', 0.25, 0),
(162, 8, '2020-08-17', 0.25, 0),
(163, 9, '2020-08-17', 0.25, 0),
(164, 10, '2020-08-17', 0.25, 0),
(165, 11, '2020-08-17', 0.25, 0),
(166, 12, '2020-08-17', 0.25, 0),
(167, 13, '2020-08-17', 0.25, 0),
(168, 14, '2020-08-17', 0.25, 0),
(169, 15, '2020-08-17', 0.25, 0),
(170, 16, '2020-08-17', 0.25, 0),
(171, 17, '2020-08-17', 0.25, 0),
(172, 18, '2020-08-17', 0.25, 0),
(173, 19, '2020-08-17', 0.25, 0),
(174, 20, '2020-08-17', 0.25, 0),
(175, 21, '2020-08-17', 0.25, 0),
(176, 22, '2020-08-17', 0.25, 0),
(177, 23, '2020-08-17', 0.25, 0),
(178, 1, '2020-08-24', 0.4, 0),
(179, 2, '2020-08-24', 0.4, 0),
(180, 3, '2020-08-24', 0.4, 0),
(181, 4, '2020-08-24', 0.4, 0),
(182, 5, '2020-08-24', 0.4, 0),
(183, 6, '2020-08-24', 0.4, 0),
(184, 7, '2020-08-24', 0.4, 0),
(185, 8, '2020-08-24', 0.4, 0),
(186, 9, '2020-08-24', 0.4, 0),
(187, 10, '2020-08-24', 0.4, 0),
(188, 11, '2020-08-24', 0.4, 0),
(189, 12, '2020-08-24', 0.4, 0),
(190, 13, '2020-08-24', 0.4, 0),
(191, 14, '2020-08-24', 0.4, 0),
(192, 15, '2020-08-24', 0.4, 0),
(193, 16, '2020-08-24', 0.4, 0),
(194, 17, '2020-08-24', 0.4, 0),
(195, 18, '2020-08-24', 0.4, 0),
(196, 19, '2020-08-24', 0.4, 0),
(197, 20, '2020-08-24', 0.4, 0),
(198, 21, '2020-08-24', 0.4, 0),
(199, 22, '2020-08-24', 0.4, 0),
(200, 23, '2020-08-24', 0.4, 0),
(201, 1, '2020-08-31', 0.25, 0),
(202, 2, '2020-08-31', 0.25, 0),
(203, 3, '2020-08-31', 0.25, 0),
(204, 4, '2020-08-31', 0.25, 0),
(205, 5, '2020-08-31', 0.25, 0),
(206, 6, '2020-08-31', 0.25, 0),
(207, 7, '2020-08-31', 0.25, 0),
(208, 8, '2020-08-31', 0.25, 0),
(209, 9, '2020-08-31', 0.25, 0),
(210, 10, '2020-08-31', 0.25, 0),
(211, 11, '2020-08-31', 0.25, 0),
(212, 12, '2020-08-31', 0.25, 0),
(213, 13, '2020-08-31', 0.25, 0),
(214, 14, '2020-08-31', 0.25, 0),
(215, 15, '2020-08-31', 0.25, 0),
(216, 16, '2020-08-31', 0.25, 0),
(217, 17, '2020-08-31', 0.25, 0),
(218, 18, '2020-08-31', 0.25, 0),
(219, 19, '2020-08-31', 0.25, 0),
(220, 20, '2020-08-31', 0.25, 0),
(221, 21, '2020-08-31', 0.25, 0),
(222, 22, '2020-08-31', 0.25, 0),
(223, 23, '2020-08-31', 0.25, 0),
(224, 24, '2020-08-31', 0.25, 0),
(250, 2, '2020-09-07', 0.25, 0),
(251, 3, '2020-09-07', 0.25, 0),
(252, 4, '2020-09-07', 0.25, 0),
(253, 5, '2020-09-07', 0.25, 0),
(254, 6, '2020-09-07', 0.25, 0),
(255, 7, '2020-09-07', 0.25, 0),
(256, 8, '2020-09-07', 0.25, 0),
(257, 9, '2020-09-07', 0.25, 0),
(258, 10, '2020-09-07', 0.25, 0),
(259, 11, '2020-09-07', 0.25, 0),
(260, 12, '2020-09-07', 0.25, 0),
(261, 13, '2020-09-07', 0.25, 0),
(262, 14, '2020-09-07', 0.25, 0),
(263, 15, '2020-09-07', 0.25, 0),
(264, 16, '2020-09-07', 0.25, 0),
(265, 17, '2020-09-07', 0.25, 0),
(266, 18, '2020-09-07', 0.25, 0),
(267, 19, '2020-09-07', 0.25, 0),
(268, 20, '2020-09-07', 0.25, 0),
(269, 21, '2020-09-07', 0.25, 0),
(270, 22, '2020-09-07', 0.25, 0),
(271, 23, '2020-09-07', 0.25, 0),
(272, 24, '2020-09-07', 0.25, 0),
(273, 25, '2020-09-07', 0.25, 0),
(274, 26, '2020-09-07', 0.25, 0),
(275, 27, '2020-09-07', 0.25, 0),
(276, 28, '2020-09-07', 0.25, 0),
(277, 4, '2020-09-14', 0.25, 0),
(278, 5, '2020-09-14', 0.25, 0),
(279, 6, '2020-09-14', 0.25, 0),
(280, 7, '2020-09-14', 0.25, 0),
(281, 8, '2020-09-14', 0.25, 0),
(282, 9, '2020-09-14', 0.25, 0),
(283, 10, '2020-09-14', 0.25, 0),
(284, 11, '2020-09-14', 0.25, 0),
(285, 12, '2020-09-14', 0.25, 0),
(286, 13, '2020-09-14', 0.25, 0),
(287, 14, '2020-09-14', 0.25, 0),
(288, 15, '2020-09-14', 0.25, 0),
(289, 16, '2020-09-14', 0.25, 0),
(290, 17, '2020-09-14', 0.25, 0),
(291, 18, '2020-09-14', 0.25, 0),
(292, 19, '2020-09-14', 0.25, 0),
(293, 20, '2020-09-14', 0.25, 0),
(294, 21, '2020-09-14', 0.25, 0),
(295, 22, '2020-09-14', 0.25, 0),
(296, 23, '2020-09-14', 0.25, 0),
(297, 24, '2020-09-14', 0.25, 0),
(298, 25, '2020-09-14', 0.25, 0),
(299, 26, '2020-09-14', 0.25, 0),
(300, 27, '2020-09-14', 0.25, 0),
(301, 28, '2020-09-14', 0.25, 0),
(302, 29, '2020-09-14', 0.25, 0),
(303, 30, '2020-09-14', 0.25, 0),
(304, 31, '2020-09-14', 0.25, 0),
(305, 4, '2020-09-21', 0.25, 0),
(306, 5, '2020-09-21', 0.25, 0),
(307, 6, '2020-09-21', 0.25, 0),
(308, 7, '2020-09-21', 0.25, 0),
(309, 8, '2020-09-21', 0.25, 0),
(310, 9, '2020-09-21', 0.25, 0),
(311, 10, '2020-09-21', 0.25, 0),
(312, 11, '2020-09-21', 0.25, 0),
(313, 12, '2020-09-21', 0.25, 0),
(314, 13, '2020-09-21', 0.25, 0),
(315, 14, '2020-09-21', 0.25, 0),
(316, 15, '2020-09-21', 0.25, 0),
(317, 16, '2020-09-21', 0.25, 0),
(318, 17, '2020-09-21', 0.25, 0),
(319, 18, '2020-09-21', 0.25, 0),
(320, 19, '2020-09-21', 0.25, 0),
(321, 20, '2020-09-21', 0.25, 0),
(322, 21, '2020-09-21', 0.25, 0),
(323, 22, '2020-09-21', 0.25, 0),
(324, 23, '2020-09-21', 0.25, 0),
(325, 24, '2020-09-21', 0.25, 0),
(326, 25, '2020-09-21', 0.25, 0),
(327, 26, '2020-09-21', 0.25, 0),
(328, 27, '2020-09-21', 0.25, 0),
(329, 28, '2020-09-21', 0.25, 0),
(330, 29, '2020-09-21', 0.25, 0),
(331, 30, '2020-09-21', 0.25, 0),
(332, 31, '2020-09-21', 0.25, 0),
(333, 32, '2020-09-21', 0.25, 0),
(334, 5, '2020-09-28', 0.25, 0),
(335, 6, '2020-09-28', 0.25, 0),
(336, 7, '2020-09-28', 0.25, 0),
(337, 8, '2020-09-28', 0.25, 0),
(338, 9, '2020-09-28', 0.25, 0),
(339, 10, '2020-09-28', 0.25, 0),
(340, 11, '2020-09-28', 0.25, 0),
(341, 12, '2020-09-28', 0.25, 0),
(342, 13, '2020-09-28', 0.25, 0),
(343, 14, '2020-09-28', 0.25, 0),
(344, 15, '2020-09-28', 0.25, 0),
(345, 16, '2020-09-28', 0.25, 0),
(346, 17, '2020-09-28', 0.25, 0),
(347, 18, '2020-09-28', 0.25, 0),
(348, 19, '2020-09-28', 0.25, 0),
(349, 20, '2020-09-28', 0.25, 0),
(350, 21, '2020-09-28', 0.25, 0),
(351, 22, '2020-09-28', 0.25, 0),
(352, 23, '2020-09-28', 0.25, 0),
(353, 24, '2020-09-28', 0.25, 0),
(354, 25, '2020-09-28', 0.25, 0),
(355, 26, '2020-09-28', 0.25, 0),
(356, 27, '2020-09-28', 0.25, 0),
(357, 28, '2020-09-28', 0.25, 0),
(358, 29, '2020-09-28', 0.25, 0),
(359, 30, '2020-09-28', 0.25, 0),
(360, 31, '2020-09-28', 0.25, 0),
(361, 32, '2020-09-28', 0.25, 0),
(362, 33, '2020-09-28', 0.25, 0),
(363, 34, '2020-09-28', 0.25, 0),
(364, 5, '2020-10-05', 0.25, 0),
(365, 6, '2020-10-05', 0.25, 0),
(366, 7, '2020-10-05', 0.25, 0),
(367, 8, '2020-10-05', 0.25, 0),
(368, 9, '2020-10-05', 0.25, 0),
(369, 10, '2020-10-05', 0.25, 0),
(370, 11, '2020-10-05', 0.25, 0),
(371, 12, '2020-10-05', 0.25, 0),
(372, 13, '2020-10-05', 0.25, 0),
(373, 14, '2020-10-05', 0.25, 0),
(374, 15, '2020-10-05', 0.25, 0),
(375, 16, '2020-10-05', 0.25, 0),
(376, 17, '2020-10-05', 0.25, 0),
(377, 18, '2020-10-05', 0.25, 0),
(378, 19, '2020-10-05', 0.25, 0),
(379, 20, '2020-10-05', 0.25, 0),
(380, 21, '2020-10-05', 0.25, 0),
(381, 22, '2020-10-05', 0.25, 0),
(382, 23, '2020-10-05', 0.25, 0),
(383, 24, '2020-10-05', 0.25, 0),
(384, 25, '2020-10-05', 0.25, 0),
(385, 26, '2020-10-05', 0.25, 0),
(386, 27, '2020-10-05', 0.25, 0),
(387, 28, '2020-10-05', 0.25, 0),
(388, 29, '2020-10-05', 0.25, 0),
(389, 30, '2020-10-05', 0.25, 0),
(390, 31, '2020-10-05', 0.25, 0),
(391, 32, '2020-10-05', 0.25, 0),
(392, 33, '2020-10-05', 0.25, 0),
(393, 34, '2020-10-05', 0.25, 0),
(394, 6, '2020-10-12', 0.3, 0),
(395, 7, '2020-10-12', 0.3, 0),
(396, 8, '2020-10-12', 0.3, 0),
(397, 9, '2020-10-12', 0.3, 0),
(398, 10, '2020-10-12', 0.3, 0),
(399, 11, '2020-10-12', 0.3, 0),
(400, 12, '2020-10-12', 0.3, 0),
(401, 13, '2020-10-12', 0.3, 0),
(402, 14, '2020-10-12', 0.3, 0),
(403, 15, '2020-10-12', 0.3, 0),
(404, 16, '2020-10-12', 0.3, 0),
(405, 17, '2020-10-12', 0.3, 0),
(406, 18, '2020-10-12', 0.3, 0),
(407, 19, '2020-10-12', 0.3, 0),
(408, 20, '2020-10-12', 0.3, 0),
(409, 21, '2020-10-12', 0.3, 0),
(410, 22, '2020-10-12', 0.3, 0),
(411, 23, '2020-10-12', 0.3, 0),
(412, 24, '2020-10-12', 0.3, 0),
(413, 25, '2020-10-12', 0.3, 0),
(414, 26, '2020-10-12', 0.3, 0),
(415, 27, '2020-10-12', 0.3, 0),
(416, 28, '2020-10-12', 0.3, 0),
(417, 29, '2020-10-12', 0.3, 0),
(418, 30, '2020-10-12', 0.3, 0),
(419, 31, '2020-10-12', 0.3, 0),
(420, 32, '2020-10-12', 0.3, 0),
(421, 33, '2020-10-12', 0.3, 0),
(422, 34, '2020-10-12', 0.3, 0),
(423, 7, '2020-10-19', 0.2, 0),
(424, 8, '2020-10-19', 0.2, 0),
(425, 9, '2020-10-19', 0.2, 0),
(426, 10, '2020-10-19', 0.2, 0),
(427, 11, '2020-10-19', 0.2, 0),
(428, 12, '2020-10-19', 0.2, 0),
(429, 13, '2020-10-19', 0.2, 0),
(430, 14, '2020-10-19', 0.2, 0),
(431, 15, '2020-10-19', 0.2, 0),
(432, 16, '2020-10-19', 0.2, 0),
(433, 17, '2020-10-19', 0.2, 0),
(434, 18, '2020-10-19', 0.2, 0),
(435, 19, '2020-10-19', 0.2, 0),
(436, 20, '2020-10-19', 0.2, 0),
(437, 21, '2020-10-19', 0.2, 0),
(438, 22, '2020-10-19', 0.2, 0),
(439, 23, '2020-10-19', 0.2, 0),
(440, 24, '2020-10-19', 0.2, 0),
(441, 25, '2020-10-19', 0.2, 0),
(442, 26, '2020-10-19', 0.2, 0),
(443, 27, '2020-10-19', 0.2, 0),
(444, 28, '2020-10-19', 0.2, 0),
(445, 29, '2020-10-19', 0.2, 0),
(446, 30, '2020-10-19', 0.2, 0),
(447, 31, '2020-10-19', 0.2, 0),
(448, 32, '2020-10-19', 0.2, 0),
(449, 33, '2020-10-19', 0.2, 0),
(450, 34, '2020-10-19', 0.2, 0),
(451, 7, '2020-10-26', 0.25, 0),
(452, 8, '2020-10-26', 0.25, 0),
(453, 9, '2020-10-26', 0.25, 0),
(454, 10, '2020-10-26', 0.25, 0),
(455, 11, '2020-10-26', 0.25, 0),
(456, 12, '2020-10-26', 0.25, 0),
(457, 13, '2020-10-26', 0.25, 0),
(458, 14, '2020-10-26', 0.25, 0),
(459, 15, '2020-10-26', 0.25, 0),
(460, 16, '2020-10-26', 0.25, 0),
(461, 17, '2020-10-26', 0.25, 0),
(462, 18, '2020-10-26', 0.25, 0),
(463, 19, '2020-10-26', 0.25, 0),
(464, 20, '2020-10-26', 0.25, 0),
(465, 21, '2020-10-26', 0.25, 0),
(466, 22, '2020-10-26', 0.25, 0),
(467, 23, '2020-10-26', 0.25, 0),
(468, 24, '2020-10-26', 0.25, 0),
(469, 25, '2020-10-26', 0.25, 0),
(470, 26, '2020-10-26', 0.25, 0),
(471, 27, '2020-10-26', 0.25, 0),
(472, 28, '2020-10-26', 0.25, 0),
(473, 29, '2020-10-26', 0.25, 0),
(474, 30, '2020-10-26', 0.25, 0),
(475, 31, '2020-10-26', 0.25, 0),
(476, 32, '2020-10-26', 0.25, 0),
(477, 33, '2020-10-26', 0.25, 0),
(478, 34, '2020-10-26', 0.25, 0),
(479, 35, '2020-10-26', 0.25, 0),
(480, 36, '2020-10-26', 0.25, 0),
(481, 10, '2020-11-02', 0.2, 0),
(482, 11, '2020-11-02', 0.2, 0),
(483, 12, '2020-11-02', 0.2, 0),
(484, 13, '2020-11-02', 0.2, 0),
(485, 14, '2020-11-02', 0.2, 0),
(486, 15, '2020-11-02', 0.2, 0),
(487, 16, '2020-11-02', 0.2, 0),
(488, 17, '2020-11-02', 0.2, 0),
(489, 18, '2020-11-02', 0.2, 0),
(490, 19, '2020-11-02', 0.2, 0),
(491, 20, '2020-11-02', 0.2, 0),
(492, 21, '2020-11-02', 0.2, 0),
(493, 22, '2020-11-02', 0.2, 0),
(494, 23, '2020-11-02', 0.2, 0),
(495, 24, '2020-11-02', 0.2, 0),
(496, 25, '2020-11-02', 0.2, 0),
(497, 26, '2020-11-02', 0.2, 0),
(498, 27, '2020-11-02', 0.2, 0),
(499, 28, '2020-11-02', 0.2, 0),
(500, 29, '2020-11-02', 0.2, 0),
(501, 30, '2020-11-02', 0.2, 0),
(502, 31, '2020-11-02', 0.2, 0),
(503, 32, '2020-11-02', 0.2, 0),
(504, 33, '2020-11-02', 0.2, 0),
(505, 34, '2020-11-02', 0.2, 0),
(506, 35, '2020-11-02', 0.2, 0),
(507, 36, '2020-11-02', 0.2, 0),
(508, 37, '2020-11-02', 0.2, 0),
(509, 10, '2020-11-09', 0.07, 0),
(510, 11, '2020-11-09', 0.07, 0),
(511, 12, '2020-11-09', 0.07, 0),
(512, 13, '2020-11-09', 0.07, 0),
(513, 14, '2020-11-09', 0.07, 0),
(514, 15, '2020-11-09', 0.07, 0),
(515, 16, '2020-11-09', 0.07, 0),
(516, 17, '2020-11-09', 0.07, 0),
(517, 18, '2020-11-09', 0.07, 0),
(518, 19, '2020-11-09', 0.07, 0),
(519, 20, '2020-11-09', 0.07, 0),
(520, 21, '2020-11-09', 0.07, 0),
(521, 22, '2020-11-09', 0.07, 0),
(522, 23, '2020-11-09', 0.07, 0),
(523, 24, '2020-11-09', 0.07, 0),
(524, 25, '2020-11-09', 0.07, 0),
(525, 26, '2020-11-09', 0.07, 0),
(526, 27, '2020-11-09', 0.07, 0),
(527, 28, '2020-11-09', 0.07, 0),
(528, 29, '2020-11-09', 0.07, 0),
(529, 30, '2020-11-09', 0.07, 0),
(530, 31, '2020-11-09', 0.07, 0),
(531, 32, '2020-11-09', 0.07, 0),
(532, 33, '2020-11-09', 0.07, 0),
(533, 34, '2020-11-09', 0.07, 0),
(534, 35, '2020-11-09', 0.07, 0),
(535, 36, '2020-11-09', 0.07, 0),
(536, 37, '2020-11-09', 0.07, 0),
(537, 10, '2020-11-16', 0.15, 0),
(538, 11, '2020-11-16', 0.15, 0),
(539, 12, '2020-11-16', 0.15, 0),
(540, 13, '2020-11-16', 0.15, 0),
(541, 14, '2020-11-16', 0.15, 0),
(542, 15, '2020-11-16', 0.15, 0),
(543, 16, '2020-11-16', 0.15, 0),
(544, 17, '2020-11-16', 0.15, 0),
(545, 18, '2020-11-16', 0.15, 0),
(546, 19, '2020-11-16', 0.15, 0),
(547, 20, '2020-11-16', 0.15, 0),
(548, 21, '2020-11-16', 0.15, 0),
(549, 22, '2020-11-16', 0.15, 0),
(550, 23, '2020-11-16', 0.15, 0),
(551, 24, '2020-11-16', 0.15, 0),
(552, 25, '2020-11-16', 0.15, 0),
(553, 26, '2020-11-16', 0.15, 0),
(554, 27, '2020-11-16', 0.15, 0),
(555, 28, '2020-11-16', 0.15, 0),
(556, 29, '2020-11-16', 0.15, 0),
(557, 30, '2020-11-16', 0.15, 0),
(558, 31, '2020-11-16', 0.15, 0),
(559, 32, '2020-11-16', 0.15, 0),
(560, 33, '2020-11-16', 0.15, 0),
(561, 34, '2020-11-16', 0.15, 0),
(562, 35, '2020-11-16', 0.15, 0),
(563, 36, '2020-11-16', 0.15, 0),
(564, 37, '2020-11-16', 0.15, 0),
(565, 10, '2020-11-23', 0.1, 0),
(566, 11, '2020-11-23', 0.1, 0),
(567, 12, '2020-11-23', 0.1, 0),
(568, 13, '2020-11-23', 0.1, 0),
(569, 14, '2020-11-23', 0.1, 0),
(570, 15, '2020-11-23', 0.1, 0),
(571, 16, '2020-11-23', 0.1, 0),
(572, 17, '2020-11-23', 0.1, 0),
(573, 18, '2020-11-23', 0.1, 0),
(574, 19, '2020-11-23', 0.1, 0),
(575, 20, '2020-11-23', 0.1, 0),
(576, 21, '2020-11-23', 0.1, 0),
(577, 22, '2020-11-23', 0.1, 0),
(578, 23, '2020-11-23', 0.1, 0),
(579, 24, '2020-11-23', 0.1, 0),
(580, 25, '2020-11-23', 0.1, 0),
(581, 26, '2020-11-23', 0.1, 0),
(582, 27, '2020-11-23', 0.1, 0),
(583, 28, '2020-11-23', 0.1, 0),
(584, 29, '2020-11-23', 0.1, 0),
(585, 30, '2020-11-23', 0.1, 0),
(586, 31, '2020-11-23', 0.1, 0),
(587, 32, '2020-11-23', 0.1, 0),
(588, 33, '2020-11-23', 0.1, 0),
(589, 34, '2020-11-23', 0.1, 0),
(590, 35, '2020-11-23', 0.1, 0),
(591, 36, '2020-11-23', 0.1, 0),
(592, 37, '2020-11-23', 0.1, 0),
(593, 10, '2020-11-30', 0.05, 0),
(594, 11, '2020-11-30', 0.05, 0),
(595, 12, '2020-11-30', 0.05, 0),
(596, 13, '2020-11-30', 0.05, 0),
(597, 14, '2020-11-30', 0.05, 0),
(598, 15, '2020-11-30', 0.05, 0),
(599, 16, '2020-11-30', 0.05, 0),
(600, 17, '2020-11-30', 0.05, 0),
(601, 18, '2020-11-30', 0.05, 0),
(602, 19, '2020-11-30', 0.05, 0),
(603, 20, '2020-11-30', 0.05, 0),
(604, 21, '2020-11-30', 0.05, 0),
(605, 22, '2020-11-30', 0.05, 0),
(606, 23, '2020-11-30', 0.05, 0),
(607, 24, '2020-11-30', 0.05, 0),
(608, 25, '2020-11-30', 0.05, 0),
(609, 26, '2020-11-30', 0.05, 0),
(610, 27, '2020-11-30', 0.05, 0),
(611, 28, '2020-11-30', 0.05, 0),
(612, 29, '2020-11-30', 0.05, 0),
(613, 30, '2020-11-30', 0.05, 0),
(614, 31, '2020-11-30', 0.05, 0),
(615, 32, '2020-11-30', 0.05, 0),
(616, 33, '2020-11-30', 0.05, 0),
(617, 34, '2020-11-30', 0.05, 0),
(618, 35, '2020-11-30', 0.05, 0),
(619, 36, '2020-11-30', 0.05, 0),
(620, 37, '2020-11-30', 0.05, 0),
(621, 10, '2020-12-07', 0.1, 0),
(622, 11, '2020-12-07', 0.1, 0),
(623, 12, '2020-12-07', 0.1, 0),
(624, 13, '2020-12-07', 0.1, 0),
(625, 14, '2020-12-07', 0.1, 0),
(626, 15, '2020-12-07', 0.1, 0),
(627, 16, '2020-12-07', 0.1, 0),
(628, 17, '2020-12-07', 0.1, 0),
(629, 18, '2020-12-07', 0.1, 0),
(630, 19, '2020-12-07', 0.1, 0),
(631, 20, '2020-12-07', 0.1, 0),
(632, 21, '2020-12-07', 0.1, 0),
(633, 22, '2020-12-07', 0.1, 0),
(634, 23, '2020-12-07', 0.1, 0),
(635, 24, '2020-12-07', 0.1, 0),
(636, 25, '2020-12-07', 0.1, 0),
(637, 26, '2020-12-07', 0.1, 0),
(638, 27, '2020-12-07', 0.1, 0),
(639, 28, '2020-12-07', 0.1, 0),
(640, 29, '2020-12-07', 0.1, 0),
(641, 30, '2020-12-07', 0.1, 0),
(642, 31, '2020-12-07', 0.1, 0),
(643, 32, '2020-12-07', 0.1, 0),
(644, 33, '2020-12-07', 0.1, 0),
(645, 34, '2020-12-07', 0.1, 0),
(646, 35, '2020-12-07', 0.1, 0),
(647, 36, '2020-12-07', 0.1, 0),
(648, 37, '2020-12-07', 0.1, 0),
(649, 10, '2020-12-15', 0.07, 0),
(650, 12, '2020-12-15', 0.07, 0),
(651, 13, '2020-12-15', 0.07, 0),
(652, 14, '2020-12-15', 0.07, 0),
(653, 15, '2020-12-15', 0.07, 0),
(654, 16, '2020-12-15', 0.07, 0),
(655, 17, '2020-12-15', 0.07, 0),
(656, 18, '2020-12-15', 0.07, 0),
(657, 19, '2020-12-15', 0.07, 0),
(658, 20, '2020-12-15', 0.07, 0),
(659, 21, '2020-12-15', 0.07, 0),
(660, 22, '2020-12-15', 0.07, 0),
(661, 23, '2020-12-15', 0.07, 0),
(662, 24, '2020-12-15', 0.07, 0),
(663, 25, '2020-12-15', 0.07, 0),
(664, 26, '2020-12-15', 0.07, 0),
(665, 27, '2020-12-15', 0.07, 0),
(666, 28, '2020-12-15', 0.07, 0),
(667, 29, '2020-12-15', 0.07, 0),
(668, 30, '2020-12-15', 0.07, 0),
(669, 31, '2020-12-15', 0.07, 0),
(670, 32, '2020-12-15', 0.07, 0),
(671, 33, '2020-12-15', 0.07, 0),
(672, 34, '2020-12-15', 0.07, 0),
(673, 35, '2020-12-15', 0.07, 0),
(674, 36, '2020-12-15', 0.07, 0),
(675, 37, '2020-12-15', 0.07, 0),
(676, 38, '2020-12-15', 0.07, 0),
(677, 10, '2020-12-22', 0.025, 0),
(678, 15, '2020-12-22', 0.025, 0),
(679, 16, '2020-12-22', 0.025, 0),
(680, 17, '2020-12-22', 0.025, 0),
(681, 18, '2020-12-22', 0.025, 0),
(682, 19, '2020-12-22', 0.025, 0),
(683, 20, '2020-12-22', 0.025, 0),
(684, 21, '2020-12-22', 0.025, 0),
(685, 22, '2020-12-22', 0.025, 0),
(686, 23, '2020-12-22', 0.025, 0),
(687, 24, '2020-12-22', 0.025, 0),
(688, 25, '2020-12-22', 0.025, 0),
(689, 26, '2020-12-22', 0.025, 0),
(690, 27, '2020-12-22', 0.025, 0),
(691, 28, '2020-12-22', 0.025, 0),
(692, 29, '2020-12-22', 0.025, 0),
(693, 30, '2020-12-22', 0.025, 0),
(694, 31, '2020-12-22', 0.025, 0),
(695, 32, '2020-12-22', 0.025, 0),
(696, 33, '2020-12-22', 0.025, 0),
(697, 34, '2020-12-22', 0.025, 0),
(698, 35, '2020-12-22', 0.025, 0),
(699, 36, '2020-12-22', 0.025, 0),
(700, 37, '2020-12-22', 0.025, 0),
(701, 38, '2020-12-22', 0.025, 0),
(702, 39, '2020-12-22', 0.025, 0),
(703, 40, '2020-12-22', 0.025, 0),
(704, 10, '2020-12-28', 0.025, 0),
(705, 17, '2020-12-28', 0.025, 0),
(706, 18, '2020-12-28', 0.025, 0),
(707, 19, '2020-12-28', 0.025, 0),
(708, 20, '2020-12-28', 0.025, 0),
(709, 21, '2020-12-28', 0.025, 0),
(710, 22, '2020-12-28', 0.025, 0),
(711, 23, '2020-12-28', 0.025, 0),
(712, 24, '2020-12-28', 0.025, 0),
(713, 25, '2020-12-28', 0.025, 0),
(714, 26, '2020-12-28', 0.025, 0),
(715, 27, '2020-12-28', 0.025, 0),
(716, 28, '2020-12-28', 0.025, 0),
(717, 29, '2020-12-28', 0.025, 0),
(718, 30, '2020-12-28', 0.025, 0),
(719, 31, '2020-12-28', 0.025, 0),
(720, 32, '2020-12-28', 0.025, 0),
(721, 33, '2020-12-28', 0.025, 0),
(722, 34, '2020-12-28', 0.025, 0),
(723, 35, '2020-12-28', 0.025, 0),
(724, 36, '2020-12-28', 0.025, 0),
(725, 37, '2020-12-28', 0.025, 0),
(726, 38, '2020-12-28', 0.025, 0),
(727, 39, '2020-12-28', 0.025, 0),
(728, 40, '2020-12-28', 0.025, 0),
(729, 41, '2020-12-28', 0.025, 0),
(730, 42, '2020-12-28', 0.025, 0),
(731, 10, '2021-01-12', 0.4, 0),
(732, 20, '2021-01-12', 0.4, 0),
(733, 21, '2021-01-12', 0.4, 0),
(734, 22, '2021-01-12', 0.4, 0),
(735, 23, '2021-01-12', 0.4, 0),
(736, 24, '2021-01-12', 0.4, 0),
(737, 25, '2021-01-12', 0.4, 0),
(738, 26, '2021-01-12', 0.4, 0),
(739, 27, '2021-01-12', 0.4, 0),
(740, 28, '2021-01-12', 0.4, 0),
(741, 29, '2021-01-12', 0.4, 0),
(742, 30, '2021-01-12', 0.4, 0),
(743, 31, '2021-01-12', 0.4, 0),
(744, 32, '2021-01-12', 0.4, 0),
(745, 33, '2021-01-12', 0.4, 0),
(746, 34, '2021-01-12', 0.4, 0),
(747, 35, '2021-01-12', 0.4, 0),
(748, 36, '2021-01-12', 0.4, 0),
(749, 37, '2021-01-12', 0.4, 0),
(750, 38, '2021-01-12', 0.4, 0),
(751, 39, '2021-01-12', 0.4, 0),
(752, 40, '2021-01-12', 0.4, 0),
(753, 41, '2021-01-12', 0.4, 0),
(754, 42, '2021-01-12', 0.4, 0),
(755, 43, '2021-01-12', 0.4, 0),
(756, 44, '2021-01-12', 0.4, 0),
(757, 45, '2021-01-12', 0.4, 0),
(758, 10, '2021-01-19', 0.25, 0),
(759, 23, '2021-01-19', 0.25, 0),
(760, 24, '2021-01-19', 0.25, 0),
(761, 25, '2021-01-19', 0.25, 0),
(762, 26, '2021-01-19', 0.25, 0),
(763, 27, '2021-01-19', 0.25, 0),
(764, 28, '2021-01-19', 0.25, 0),
(765, 29, '2021-01-19', 0.25, 0),
(766, 30, '2021-01-19', 0.25, 0),
(767, 31, '2021-01-19', 0.25, 0),
(768, 32, '2021-01-19', 0.25, 0),
(769, 33, '2021-01-19', 0.25, 0),
(770, 34, '2021-01-19', 0.25, 0),
(771, 35, '2021-01-19', 0.25, 0),
(772, 36, '2021-01-19', 0.25, 0),
(773, 37, '2021-01-19', 0.25, 0),
(774, 38, '2021-01-19', 0.25, 0),
(775, 39, '2021-01-19', 0.25, 0),
(776, 40, '2021-01-19', 0.25, 0),
(777, 41, '2021-01-19', 0.25, 0),
(778, 42, '2021-01-19', 0.25, 0),
(779, 43, '2021-01-19', 0.25, 0),
(780, 44, '2021-01-19', 0.25, 0),
(781, 45, '2021-01-19', 0.25, 0),
(782, 10, '2021-01-25', 0.025, 0),
(783, 23, '2021-01-25', 0.025, 0),
(784, 24, '2021-01-25', 0.025, 0),
(785, 25, '2021-01-25', 0.025, 0),
(786, 26, '2021-01-25', 0.025, 0),
(787, 27, '2021-01-25', 0.025, 0),
(788, 28, '2021-01-25', 0.025, 0),
(789, 29, '2021-01-25', 0.025, 0),
(790, 30, '2021-01-25', 0.025, 0),
(791, 31, '2021-01-25', 0.025, 0),
(792, 32, '2021-01-25', 0.025, 0),
(793, 33, '2021-01-25', 0.025, 0),
(794, 34, '2021-01-25', 0.025, 0),
(795, 35, '2021-01-25', 0.025, 0),
(796, 36, '2021-01-25', 0.025, 0),
(797, 37, '2021-01-25', 0.025, 0),
(798, 38, '2021-01-25', 0.025, 0),
(799, 39, '2021-01-25', 0.025, 0),
(800, 40, '2021-01-25', 0.025, 0),
(801, 41, '2021-01-25', 0.025, 0),
(802, 42, '2021-01-25', 0.025, 0),
(803, 43, '2021-01-25', 0.025, 0),
(804, 44, '2021-01-25', 0.025, 0),
(805, 45, '2021-01-25', 0.025, 0),
(806, 46, '2021-01-25', 0.025, 0),
(807, 47, '2021-01-25', 0.025, 0),
(808, 10, '2021-02-01', 0.125, 0),
(809, 23, '2021-02-01', 0.125, 0),
(810, 24, '2021-02-01', 0.125, 0),
(811, 25, '2021-02-01', 0.125, 0),
(812, 26, '2021-02-01', 0.125, 0),
(813, 27, '2021-02-01', 0.125, 0),
(814, 28, '2021-02-01', 0.125, 0),
(815, 29, '2021-02-01', 0.125, 0),
(816, 30, '2021-02-01', 0.125, 0),
(817, 31, '2021-02-01', 0.125, 0),
(818, 32, '2021-02-01', 0.125, 0),
(819, 33, '2021-02-01', 0.125, 0),
(820, 34, '2021-02-01', 0.125, 0),
(821, 35, '2021-02-01', 0.125, 0),
(822, 36, '2021-02-01', 0.125, 0),
(823, 37, '2021-02-01', 0.125, 0),
(824, 38, '2021-02-01', 0.125, 0),
(825, 39, '2021-02-01', 0.125, 0),
(826, 40, '2021-02-01', 0.125, 0),
(827, 41, '2021-02-01', 0.125, 0),
(828, 42, '2021-02-01', 0.125, 0),
(829, 43, '2021-02-01', 0.125, 0),
(830, 44, '2021-02-01', 0.125, 0),
(831, 45, '2021-02-01', 0.125, 0),
(832, 46, '2021-02-01', 0.125, 0),
(833, 47, '2021-02-01', 0.125, 0),
(834, 10, '2021-03-08', 0.05, 0),
(835, 29, '2021-03-08', 0.05, 0),
(836, 30, '2021-03-08', 0.05, 0),
(837, 31, '2021-03-08', 0.05, 0),
(838, 32, '2021-03-08', 0.05, 0),
(839, 33, '2021-03-08', 0.05, 0),
(840, 34, '2021-03-08', 0.05, 0),
(841, 35, '2021-03-08', 0.05, 0),
(842, 36, '2021-03-08', 0.05, 0),
(843, 37, '2021-03-08', 0.05, 0),
(844, 38, '2021-03-08', 0.05, 0),
(845, 39, '2021-03-08', 0.05, 0),
(846, 40, '2021-03-08', 0.05, 0),
(847, 41, '2021-03-08', 0.05, 0),
(848, 42, '2021-03-08', 0.05, 0),
(849, 43, '2021-03-08', 0.05, 0),
(850, 44, '2021-03-08', 0.05, 0),
(851, 45, '2021-03-08', 0.05, 0),
(852, 46, '2021-03-08', 0.05, 0),
(853, 47, '2021-03-08', 0.05, 0),
(854, 48, '2021-03-08', 0.05, 0),
(855, 49, '2021-03-08', 0.05, 0),
(856, 50, '2021-03-08', 0.05, 0),
(857, 10, '2021-02-08', 0.125, 0),
(858, 29, '2021-02-08', 0.125, 0),
(859, 30, '2021-02-08', 0.125, 0),
(860, 31, '2021-02-08', 0.125, 0),
(861, 32, '2021-02-08', 0.125, 0),
(862, 33, '2021-02-08', 0.125, 0),
(863, 34, '2021-02-08', 0.125, 0),
(864, 35, '2021-02-08', 0.125, 0),
(865, 36, '2021-02-08', 0.125, 0),
(866, 37, '2021-02-08', 0.125, 0),
(867, 38, '2021-02-08', 0.125, 0),
(868, 39, '2021-02-08', 0.125, 0),
(869, 40, '2021-02-08', 0.125, 0),
(870, 41, '2021-02-08', 0.125, 0),
(871, 42, '2021-02-08', 0.125, 0),
(872, 43, '2021-02-08', 0.125, 0),
(873, 44, '2021-02-08', 0.125, 0),
(874, 45, '2021-02-08', 0.125, 0),
(875, 46, '2021-02-08', 0.125, 0),
(876, 47, '2021-02-08', 0.125, 0),
(877, 48, '2021-02-08', 0.125, 0),
(878, 49, '2021-02-08', 0.125, 0),
(879, 50, '2021-02-08', 0.125, 0),
(880, 10, '2021-02-15', 0.125, 0),
(881, 29, '2021-02-15', 0.125, 0),
(882, 30, '2021-02-15', 0.125, 0),
(883, 31, '2021-02-15', 0.125, 0),
(884, 32, '2021-02-15', 0.125, 0),
(885, 33, '2021-02-15', 0.125, 0),
(886, 34, '2021-02-15', 0.125, 0),
(887, 35, '2021-02-15', 0.125, 0),
(888, 36, '2021-02-15', 0.125, 0),
(889, 37, '2021-02-15', 0.125, 0),
(890, 38, '2021-02-15', 0.125, 0),
(891, 39, '2021-02-15', 0.125, 0),
(892, 40, '2021-02-15', 0.125, 0),
(893, 41, '2021-02-15', 0.125, 0),
(894, 42, '2021-02-15', 0.125, 0),
(895, 43, '2021-02-15', 0.125, 0),
(896, 44, '2021-02-15', 0.125, 0),
(897, 45, '2021-02-15', 0.125, 0),
(898, 46, '2021-02-15', 0.125, 0),
(899, 47, '2021-02-15', 0.125, 0),
(900, 48, '2021-02-15', 0.125, 0),
(901, 49, '2021-02-15', 0.125, 0),
(902, 50, '2021-02-15', 0.125, 0),
(903, 10, '2021-02-22', 0.125, 0),
(904, 29, '2021-02-22', 0.125, 0),
(905, 30, '2021-02-22', 0.125, 0),
(906, 31, '2021-02-22', 0.125, 0),
(907, 32, '2021-02-22', 0.125, 0),
(908, 33, '2021-02-22', 0.125, 0),
(909, 34, '2021-02-22', 0.125, 0),
(910, 35, '2021-02-22', 0.125, 0),
(911, 36, '2021-02-22', 0.125, 0),
(912, 37, '2021-02-22', 0.125, 0),
(913, 38, '2021-02-22', 0.125, 0),
(914, 39, '2021-02-22', 0.125, 0),
(915, 40, '2021-02-22', 0.125, 0),
(916, 41, '2021-02-22', 0.125, 0),
(917, 42, '2021-02-22', 0.125, 0),
(918, 43, '2021-02-22', 0.125, 0),
(919, 44, '2021-02-22', 0.125, 0),
(920, 45, '2021-02-22', 0.125, 0),
(921, 46, '2021-02-22', 0.125, 0),
(922, 47, '2021-02-22', 0.125, 0),
(923, 48, '2021-02-22', 0.125, 0),
(924, 49, '2021-02-22', 0.125, 0),
(925, 50, '2021-02-22', 0.125, 0),
(926, 10, '2021-03-22', 0.1, 0),
(927, 29, '2021-03-22', 0.1, 0),
(928, 34, '2021-03-22', 0.1, 0),
(929, 35, '2021-03-22', 0.1, 0),
(930, 36, '2021-03-22', 0.1, 0),
(931, 37, '2021-03-22', 0.1, 0),
(932, 38, '2021-03-22', 0.1, 0),
(933, 39, '2021-03-22', 0.1, 0),
(934, 40, '2021-03-22', 0.1, 0),
(935, 41, '2021-03-22', 0.1, 0),
(936, 42, '2021-03-22', 0.1, 0),
(937, 43, '2021-03-22', 0.1, 0),
(938, 44, '2021-03-22', 0.1, 0),
(939, 45, '2021-03-22', 0.1, 0),
(940, 46, '2021-03-22', 0.1, 0),
(941, 47, '2021-03-22', 0.1, 0),
(942, 48, '2021-03-22', 0.1, 0),
(943, 49, '2021-03-22', 0.1, 0),
(944, 50, '2021-03-22', 0.1, 0),
(945, 51, '2021-03-22', 0.1, 0),
(946, 52, '2021-03-22', 0.1, 0),
(947, 53, '2021-03-22', 0.1, 0),
(948, 54, '2021-03-22', 0.1, 0),
(949, 55, '2021-03-22', 0.1, 0),
(950, 56, '2021-03-22', 0.1, 0),
(951, 57, '2021-03-22', 0.1, 0),
(952, 10, '2021-03-01', 0.1, 0),
(953, 29, '2021-03-01', 0.1, 0),
(954, 34, '2021-03-01', 0.1, 0),
(955, 35, '2021-03-01', 0.1, 0),
(956, 36, '2021-03-01', 0.1, 0),
(957, 37, '2021-03-01', 0.1, 0),
(958, 38, '2021-03-01', 0.1, 0),
(959, 39, '2021-03-01', 0.1, 0),
(960, 40, '2021-03-01', 0.1, 0),
(961, 41, '2021-03-01', 0.1, 0),
(962, 42, '2021-03-01', 0.1, 0),
(963, 43, '2021-03-01', 0.1, 0),
(964, 44, '2021-03-01', 0.1, 0),
(965, 45, '2021-03-01', 0.1, 0),
(966, 46, '2021-03-01', 0.1, 0),
(967, 47, '2021-03-01', 0.1, 0),
(968, 48, '2021-03-01', 0.1, 0),
(969, 49, '2021-03-01', 0.1, 0),
(970, 50, '2021-03-01', 0.1, 0),
(971, 51, '2021-03-01', 0.1, 0),
(972, 52, '2021-03-01', 0.1, 0),
(973, 53, '2021-03-01', 0.1, 0),
(974, 54, '2021-03-01', 0.1, 0),
(975, 55, '2021-03-01', 0.1, 0),
(976, 56, '2021-03-01', 0.1, 0),
(977, 57, '2021-03-01', 0.1, 0),
(978, 10, '2021-03-15', 0.05, 0),
(979, 29, '2021-03-15', 0.05, 0),
(980, 34, '2021-03-15', 0.05, 0),
(981, 35, '2021-03-15', 0.05, 0),
(982, 36, '2021-03-15', 0.05, 0),
(983, 37, '2021-03-15', 0.05, 0),
(984, 38, '2021-03-15', 0.05, 0),
(985, 39, '2021-03-15', 0.05, 0),
(986, 40, '2021-03-15', 0.05, 0),
(987, 41, '2021-03-15', 0.05, 0),
(988, 42, '2021-03-15', 0.05, 0),
(989, 43, '2021-03-15', 0.05, 0),
(990, 44, '2021-03-15', 0.05, 0),
(991, 45, '2021-03-15', 0.05, 0),
(992, 46, '2021-03-15', 0.05, 0),
(993, 47, '2021-03-15', 0.05, 0),
(994, 48, '2021-03-15', 0.05, 0),
(995, 49, '2021-03-15', 0.05, 0),
(996, 50, '2021-03-15', 0.05, 0),
(997, 51, '2021-03-15', 0.05, 0),
(998, 52, '2021-03-15', 0.05, 0),
(999, 53, '2021-03-15', 0.05, 0),
(1000, 54, '2021-03-15', 0.05, 0),
(1001, 55, '2021-03-15', 0.05, 0),
(1002, 56, '2021-03-15', 0.05, 0),
(1003, 57, '2021-03-15', 0.05, 0),
(1004, 10, '2021-03-29', 0.05, 0),
(1005, 29, '2021-03-29', 0.05, 0),
(1006, 35, '2021-03-29', 0.05, 0),
(1007, 36, '2021-03-29', 0.05, 0),
(1008, 37, '2021-03-29', 0.05, 0),
(1009, 38, '2021-03-29', 0.05, 0),
(1010, 39, '2021-03-29', 0.05, 0),
(1011, 40, '2021-03-29', 0.05, 0),
(1012, 41, '2021-03-29', 0.05, 0),
(1013, 42, '2021-03-29', 0.05, 0),
(1014, 43, '2021-03-29', 0.05, 0),
(1015, 44, '2021-03-29', 0.05, 0),
(1016, 45, '2021-03-29', 0.05, 0),
(1017, 46, '2021-03-29', 0.05, 0),
(1018, 47, '2021-03-29', 0.05, 0),
(1019, 48, '2021-03-29', 0.05, 0),
(1020, 49, '2021-03-29', 0.05, 0),
(1021, 50, '2021-03-29', 0.05, 0),
(1022, 51, '2021-03-29', 0.05, 0),
(1023, 52, '2021-03-29', 0.05, 0),
(1024, 53, '2021-03-29', 0.05, 0),
(1025, 54, '2021-03-29', 0.05, 0),
(1026, 55, '2021-03-29', 0.05, 0),
(1027, 56, '2021-03-29', 0.05, 0),
(1028, 57, '2021-03-29', 0.05, 0),
(1029, 58, '2021-03-29', 0.05, 0),
(1030, 10, '2021-04-05', 0.025, 0),
(1031, 29, '2021-04-05', 0.025, 0),
(1032, 35, '2021-04-05', 0.025, 0),
(1033, 36, '2021-04-05', 0.025, 0),
(1034, 37, '2021-04-05', 0.025, 0),
(1035, 38, '2021-04-05', 0.025, 0),
(1036, 39, '2021-04-05', 0.025, 0),
(1037, 40, '2021-04-05', 0.025, 0),
(1038, 41, '2021-04-05', 0.025, 0),
(1039, 42, '2021-04-05', 0.025, 0),
(1040, 43, '2021-04-05', 0.025, 0),
(1041, 44, '2021-04-05', 0.025, 0),
(1042, 45, '2021-04-05', 0.025, 0),
(1043, 46, '2021-04-05', 0.025, 0),
(1044, 47, '2021-04-05', 0.025, 0),
(1045, 48, '2021-04-05', 0.025, 0),
(1046, 49, '2021-04-05', 0.025, 0),
(1047, 50, '2021-04-05', 0.025, 0),
(1048, 51, '2021-04-05', 0.025, 0),
(1049, 52, '2021-04-05', 0.025, 0),
(1050, 53, '2021-04-05', 0.025, 0),
(1051, 54, '2021-04-05', 0.025, 0),
(1052, 55, '2021-04-05', 0.025, 0),
(1053, 56, '2021-04-05', 0.025, 0),
(1054, 57, '2021-04-05', 0.025, 0),
(1055, 58, '2021-04-05', 0.025, 0);

-- --------------------------------------------------------

--
-- Struktur dari tabel `tb_titipan_emas_transfer`
--

CREATE TABLE `tb_titipan_emas_transfer` (
  `id` int(11) NOT NULL,
  `periode` varchar(128) NOT NULL,
  `tgl_trf` date NOT NULL,
  `idted` varchar(8) NOT NULL,
  `nohp` varchar(128) NOT NULL,
  `bank` varchar(128) NOT NULL,
  `norek` varchar(128) NOT NULL,
  `an` varchar(128) NOT NULL,
  `nominal` int(11) NOT NULL,
  `hrgikut` int(11) NOT NULL,
  `gram` int(11) NOT NULL,
  `jmlprofit` float NOT NULL,
  `is_transfer` int(1) NOT NULL
) ENGINE=InnoDB DEFAULT CHARSET=latin1;

--
-- Dumping data untuk tabel `tb_titipan_emas_transfer`
--

INSERT INTO `tb_titipan_emas_transfer` (`id`, `periode`, `tgl_trf`, `idted`, `nohp`, `bank`, `norek`, `an`, `nominal`, `hrgikut`, `gram`, `jmlprofit`, `is_transfer`) VALUES
(36, '07 2020', '2020-08-03', '01.00051', '082299413996', 'BCA', '2465191960', 'Sudarto', 108079, 878695, 6, 2.05, 1),
(37, '07 2020', '2020-08-03', '01.00042', '085740601703', '', '', '', 36626, 893325, 2, 2.05, 1),
(38, '07 2020', '2020-08-03', '01.00052', '081575886727', '', '', '', 36626, 893325, 2, 2.05, 1),
(39, '07 2020', '2020-08-03', '01.00011', '081325469975', 'BCA ', '0130639798', 'Ummy Mubarokah', 37452, 913460, 2, 2.05, 1),
(40, '07 2020', '2020-08-03', '01.00053', '0811251610', '', '', '', 36852, 898830, 2, 2.05, 1),
(41, '07 2020', '2020-08-03', '01.00053', '0811251610', '', '', '', 71970, 877686, 4, 2.05, 1),
(42, '07 2020', '2020-08-03', '01.00025', '082230854065', 'Bank Jateng', '3021211841', 'Amelia Nadia Rahma', 182408, 889794, 10, 2.05, 1),
(43, '07 2020', '2020-08-03', '01.00003', '0821-3636-8828', 'BRI', '303601041826532', 'susiloningsih', 36482, 889794, 2, 2.05, 1),
(44, '07 2020', '2020-08-03', '01.00003', '0821-3636-8828', 'BRI', '303601041826532', 'susiloningsih', 36482, 889794, 2, 2.05, 1),
(45, '07 2020', '2020-08-03', '01.00001', '081327479067', 'BCA', '12312388857', 'koperasi mmas', 72963, 889794, 4, 2.05, 1),
(46, '07 2020', '2020-08-03', '01.00009', '081325123353', 'BCA', '8030322925', '', 34020, 829758, 2, 2.05, 1),
(47, '07 2020', '2020-08-03', '01.00027', '085101995521', 'BTPN', '04081000158', 'Sri susanti', 209333, 850947, 12, 2.05, 1),
(48, '07 2020', '2020-08-03', '01.00062', '085101292189', 'BTPN', '0408.1.000168', 'SRI SUSANTI', 34889, 850947, 2, 2.05, 1),
(49, '07 2020', '2020-08-03', '01.00023', '081327405100', '', '', '', 34889, 850947, 2, 2.05, 1),
(50, '07 2020', '2020-08-03', '01.00011', '081325469975', 'BCA ', '0130639798', 'Ummy Mubarokah', 209333, 850947, 12, 2.05, 1),
(51, '07 2020', '2020-08-03', '01.00063', '085950726801', '', '', '', 35530, 866587, 2, 2.05, 1),
(52, '07 2020', '2020-08-03', '01.00065', '081325453388', 'BTPN', '04081000158', 'SRI SUSANTI', 1249344, 870623, 70, 2.05, 1),
(53, '07 2020', '2020-08-03', '01.00027', '085101995521', 'BTPN', '04081000158', 'Sri susanti', 1249344, 870623, 70, 2.05, 1),
(54, '07 2020', '2020-08-03', '01.00028', '081326627170', 'BRI', ' 3405  -   01-    016327 -  53 -  8', 'Ari  wuryantini  ', 912039, 889794, 50, 2.05, 1),
(55, '07 2020', '2020-08-03', '01.00066', '085726841990', 'BCA', '0091324902', 'Aditya Cipta P', 632038, 902911, 100, 0.7, 1),
(56, '07 2020', '2020-08-03', '01.00066', '085726841990', 'BCA', '0091324902', 'Aditya Cipta P', 417145, 902911, 66, 0.7, 1),
(57, '07 2020', '2020-08-03', '01.00011', '081325469975', 'BCA ', '0130639798', 'Ummy Mubarokah', 12782, 913001, 2, 0.7, 1),
(58, '08 2020', '2020-09-04', '01.00051', '082299413996', 'BCA', '2465191960', 'Sudarto', 94899, 878695, 6, 1.8, 1),
(59, '08 2020', '2020-09-04', '01.00042', '085740601703', '', '', '', 32160, 893325, 2, 1.8, 1),
(60, '08 2020', '2020-09-04', '01.00052', '081575886727', 'BCA', '2380885592', 'Dwi ratnawati', 32160, 893325, 2, 1.8, 1),
(61, '08 2020', '2020-09-04', '01.00011', '081325469975', 'BCA ', '0130639798', 'Ummy Mubarokah', 32885, 913460, 2, 1.8, 1),
(62, '08 2020', '2020-09-04', '01.00053', '0811251610', 'Mandiri', '1370004061814', 'sugiharti', 32358, 898830, 2, 1.8, 1),
(63, '08 2020', '2020-09-04', '01.00053', '0811251610', 'Mandiri', '1370004061814', 'sugiharti', 63193, 877686, 4, 1.8, 1),
(64, '08 2020', '2020-09-04', '01.00025', '082230854065', 'Bank Jateng', '3021211841', 'Amelia Nadia Rahma', 160163, 889794, 10, 1.8, 1),
(65, '08 2020', '2020-09-04', '01.00003', '082136368828', 'BCA', '8030517131', 'susiloningsih', 32033, 889794, 2, 1.8, 1),
(66, '08 2020', '2020-09-04', '01.00003', '082136368828', 'BCA', '8030517131', 'susiloningsih', 32033, 889794, 2, 1.8, 1),
(67, '08 2020', '2020-09-04', '01.00001', '081327479067', 'BCA', '12312388857', 'koperasi mmas', 64065, 889794, 4, 1.8, 1),
(68, '08 2020', '2020-09-04', '01.00009', '081325123353', 'BCA', '8030322925', '', 29871, 829758, 2, 1.8, 1),
(69, '08 2020', '2020-09-04', '01.00027', '085101995521', 'BTPN', '0408.1.000168', 'Sri susanti', 183805, 850947, 12, 1.8, 1),
(70, '08 2020', '2020-09-04', '01.00062', '085101292189', 'BTPN', '0408.1.000168', 'SRI SUSANTI', 30634, 850947, 2, 1.8, 1),
(71, '08 2020', '2020-09-04', '01.00023', '081327405100', '', '', '', 30634, 850947, 2, 1.8, 1),
(72, '08 2020', '2020-09-04', '01.00011', '081325469975', 'BCA ', '0130639798', 'Ummy Mubarokah', 183805, 850947, 12, 1.8, 1),
(73, '08 2020', '2020-09-04', '01.00063', '085950726801', '', '', '', 31197, 866587, 2, 1.8, 1),
(74, '08 2020', '2020-09-04', '01.00065', '081325453388', 'BTPN', '04081000168', 'SRI SUSANTI', 1096985, 870623, 70, 1.8, 1),
(75, '08 2020', '2020-09-04', '01.00027', '085101995521', 'BTPN', '0408.1.000168', 'Sri susanti', 1096985, 870623, 70, 1.8, 1),
(76, '08 2020', '2020-09-04', '01.00028', '081326627170', 'BRI', ' 3405  -   01-    016327 -  53 -  8', 'Ari  wuryantini  ', 800815, 889794, 50, 1.8, 1),
(77, '08 2020', '2020-09-04', '01.00066', '085726841990', 'BCA', '0091324902', 'Aditya Cipta P', 1625240, 902911, 100, 1.8, 1),
(78, '08 2020', '2020-09-04', '01.00066', '085726841990', 'BCA', '0091324902', 'Aditya Cipta P', 1072658, 902911, 66, 1.8, 1),
(79, '08 2020', '2020-09-04', '01.00011', '081325469975', 'BCA ', '0130639798', 'Ummy Mubarokah', 32868, 913001, 2, 1.8, 1),
(80, '08 2020', '2020-09-04', '01.00071', '081575012844', 'BNI', '0728242081', 'Adyatma Gusti Pandya', 625725, 927000, 50, 1.35, 1),
(81, '08 2020', '2020-09-04', '01.00083', '082133232909', '', '', '', 4595, 919000, 2, 0.25, 1),
(82, '08 2020', '2020-09-04', '01.00051', '082299413996', 'BCA', '2465191960', 'Sudarto', 94899, 878695, 6, 1.8, 1),
(83, '08 2020', '2020-09-04', '01.00042', '085740601703', '', '', '', 32160, 893325, 2, 1.8, 1),
(84, '08 2020', '2020-09-04', '01.00052', '081575886727', 'BCA', '2380885592', 'Dwi ratnawati', 32160, 893325, 2, 1.8, 1),
(85, '08 2020', '2020-09-04', '01.00011', '081325469975', 'BCA ', '0130639798', 'Ummy Mubarokah', 32885, 913460, 2, 1.8, 1),
(86, '08 2020', '2020-09-04', '01.00053', '0811251610', 'Mandiri', '1370004061814', 'sugiharti', 32358, 898830, 2, 1.8, 1),
(87, '08 2020', '2020-09-04', '01.00053', '0811251610', 'Mandiri', '1370004061814', 'sugiharti', 63193, 877686, 4, 1.8, 1),
(88, '08 2020', '2020-09-04', '01.00025', '082230854065', 'Bank Jateng', '3021211841', 'Amelia Nadia Rahma', 160163, 889794, 10, 1.8, 1),
(89, '08 2020', '2020-09-04', '01.00003', '082136368828', 'BCA', '8030517131', 'susiloningsih', 32033, 889794, 2, 1.8, 1),
(90, '08 2020', '2020-09-04', '01.00003', '082136368828', 'BCA', '8030517131', 'susiloningsih', 32033, 889794, 2, 1.8, 1),
(91, '08 2020', '2020-09-04', '01.00001', '081327479067', 'BCA', '12312388857', 'koperasi mmas', 64065, 889794, 4, 1.8, 1),
(92, '08 2020', '2020-09-04', '01.00009', '081325123353', 'BCA', '8030322925', '', 29871, 829758, 2, 1.8, 1),
(93, '08 2020', '2020-09-04', '01.00027', '085101995521', 'BTPN', '0408.1.000168', 'Sri susanti', 183805, 850947, 12, 1.8, 1),
(94, '08 2020', '2020-09-04', '01.00062', '085101292189', 'BTPN', '0408.1.000168', 'SRI SUSANTI', 30634, 850947, 2, 1.8, 1),
(95, '08 2020', '2020-09-04', '01.00023', '081327405100', '', '', '', 30634, 850947, 2, 1.8, 1),
(96, '08 2020', '2020-09-04', '01.00011', '081325469975', 'BCA ', '0130639798', 'Ummy Mubarokah', 183805, 850947, 12, 1.8, 1),
(97, '08 2020', '2020-09-04', '01.00063', '085950726801', '', '', '', 31197, 866587, 2, 1.8, 1),
(98, '08 2020', '2020-09-04', '01.00065', '081325453388', 'BTPN', '04081000168', 'SRI SUSANTI', 1096985, 870623, 70, 1.8, 1),
(99, '08 2020', '2020-09-04', '01.00027', '085101995521', 'BTPN', '0408.1.000168', 'Sri susanti', 1096985, 870623, 70, 1.8, 1),
(100, '08 2020', '2020-09-04', '01.00028', '081326627170', 'BRI', ' 3405  -   01-    016327 -  53 -  8', 'Ari  wuryantini  ', 800815, 889794, 50, 1.8, 1),
(101, '08 2020', '2020-09-04', '01.00066', '085726841990', 'BCA', '0091324902', 'Aditya Cipta P', 1625240, 902911, 100, 1.8, 1),
(102, '08 2020', '2020-09-04', '01.00066', '085726841990', 'BCA', '0091324902', 'Aditya Cipta P', 1072658, 902911, 66, 1.8, 1),
(103, '08 2020', '2020-09-04', '01.00011', '081325469975', 'BCA ', '0130639798', 'Ummy Mubarokah', 32868, 913001, 2, 1.8, 1),
(104, '08 2020', '2020-09-04', '01.00071', '081575012844', 'BNI', '0728242081', 'Adyatma Gusti Pandya', 625725, 927000, 50, 1.35, 1),
(105, '08 2020', '2020-09-04', '01.00083', '082133232909', '', '', '', 4595, 919000, 2, 0.25, 1),
(166, '09 2020', '2020-09-30', '01.00042', '085740601703', '', '', '', 4467, 893325, 2, 0.25, 1),
(167, '09 2020', '2020-09-30', '01.00052', '081575886727', 'BCA', '2380885592', 'Dwi ratnawati', 4467, 893325, 2, 0.25, 1),
(168, '09 2020', '2020-09-30', '01.00011', '081325469975', 'BCA ', '0130639798', 'Ummy Mubarokah', 13702, 913460, 2, 0.75, 1),
(169, '09 2020', '2020-09-30', '01.00053', '0811251610', 'Mandiri', '1370004061814', 'sugiharti', 17977, 898830, 2, 1, 1),
(170, '09 2020', '2020-09-30', '01.00053', '0811251610', 'Mandiri', '1370004061814', 'sugiharti', 35107, 877686, 4, 1, 1),
(171, '09 2020', '2020-09-30', '01.00025', '082230854065', 'Bank Jateng', '3021211841', 'Amelia Nadia Rahma', 88979, 889794, 10, 1, 1),
(172, '09 2020', '2020-09-30', '01.00003', '082136368828', 'BCA', '8030517131', 'susiloningsih', 17796, 889794, 2, 1, 1),
(173, '09 2020', '2020-09-30', '01.00003', '082136368828', 'BCA', '8030517131', 'susiloningsih', 17796, 889794, 2, 1, 1),
(174, '09 2020', '2020-09-30', '01.00001', '081327479067', 'BCA', '12312388857', 'koperasi mmas', 35592, 889794, 4, 1, 1),
(175, '09 2020', '2020-09-30', '01.00009', '081325123353', 'BCA', '8030322925', '', 16595, 829758, 2, 1, 1),
(176, '09 2020', '2020-09-30', '01.00027', '085101995521', 'BTPN', '0408.1.000168', 'Sri susanti', 102114, 850947, 12, 1, 1),
(177, '09 2020', '2020-09-30', '01.00062', '085101292189', 'BTPN', '0408.1.000168', 'SRI SUSANTI', 17019, 850947, 2, 1, 1),
(178, '09 2020', '2020-09-30', '01.00023', '081327405100', '', '', '', 17019, 850947, 2, 1, 1),
(179, '09 2020', '2020-09-30', '01.00011', '081325469975', 'BCA ', '0130639798', 'Ummy Mubarokah', 102114, 850947, 12, 1, 1),
(180, '09 2020', '2020-09-30', '01.00063', '085950726801', '', '', '', 17332, 866587, 2, 1, 1),
(181, '09 2020', '2020-09-30', '01.00065', '081325453388', 'BTPN', '04081000168', 'SRI SUSANTI', 609436, 870623, 70, 1, 1),
(182, '09 2020', '2020-09-30', '01.00027', '085101995521', 'BTPN', '0408.1.000168', 'Sri susanti', 609436, 870623, 70, 1, 1),
(183, '09 2020', '2020-09-30', '01.00028', '081326627170', 'BRI', ' 3405  -   01-    016327 -  53 -  8', 'Ari  wuryantini  ', 444897, 889794, 50, 1, 1),
(184, '09 2020', '2020-09-30', '01.00066', '085726841990', 'BCA', '0091324902', 'Aditya Cipta P', 902911, 902911, 100, 1, 1),
(185, '09 2020', '2020-09-30', '01.00066', '085726841990', 'BCA', '0091324902', 'Aditya Cipta P', 595921, 902911, 66, 1, 1),
(186, '09 2020', '2020-09-30', '01.00011', '081325469975', 'BCA ', '0130639798', 'Ummy Mubarokah', 18260, 913001, 2, 1, 1),
(187, '09 2020', '2020-09-30', '01.00071', '081575012844', 'BNI', '0728242081', 'Adyatma Gusti Pandya', 463500, 927000, 50, 1, 1),
(188, '09 2020', '2020-09-30', '01.00083', '082133232909', '', '', '', 18380, 919000, 2, 1, 1),
(189, '09 2020', '2020-09-30', '01.00088', '083163397270', '', '', '', 18200, 910000, 2, 1, 1),
(190, '09 2020', '2020-09-30', '01.00009', '081325123353', 'BCA', '8030322925', '', 18460, 923000, 2, 1, 1),
(191, '09 2020', '2020-09-30', '01.00054', '085713893698', 'BCA', '7830017954', 'Muhammad Badruz zaman', 18420, 921000, 2, 1, 1),
(192, '09 2020', '2020-09-30', '01.00051', '082299413996', 'BCA', '2465191960', 'Sudarto', 55260, 921000, 6, 1, 1),
(193, '09 2020', '2020-09-30', '01.00094', '081335623997', 'BTPN', '\'90013386284', 'zunsyika zahra zatira', 13800, 920000, 2, 0.75, 1),
(194, '09 2020', '2020-09-30', '01.00042', '085740601703', '', '', '', 13905, 927000, 2, 0.75, 1),
(195, '09 2020', '2020-09-30', '01.00052', '081575886727', 'BCA', '2380885592', 'Dwi ratnawati', 13905, 927000, 2, 0.75, 1),
(196, '09 2020', '2020-09-30', '01.00060', '085876100940', 'BRI', '100601002755535', 'HARYONO', 9290, 929000, 2, 0.5, 1),
(197, '09 2020', '2020-09-30', '01.00098', '+12107809363', '', '', '', 4660, 932000, 2, 0.25, 1),
(198, '09 2020', '2020-09-30', '01.00008', '085727611329', 'BRI', '303201021584536', 'Eko nur prasetyo', 4630, 926000, 2, 0.25, 1),
(199, '10 2020', '2020-11-05', '01.00053', '0811251610', 'Mandiri', '1370004061814', 'sugiharti', 4494, 898830, 2, 0.25, 1),
(200, '10 2020', '2020-11-05', '01.00053', '0811251610', 'Mandiri', '1370004061814', 'sugiharti', 19309, 877686, 4, 0.55, 1),
(201, '10 2020', '2020-11-05', '01.00025', '082230854065', 'Bank Jateng', '3021211841', 'Amelia Nadia Rahma', 88979, 889794, 10, 1, 1),
(202, '10 2020', '2020-11-05', '01.00003', '082136368828', 'BCA', '8030517131', 'susiloningsih', 17796, 889794, 2, 1, 1),
(203, '10 2020', '2020-11-05', '01.00003', '082136368828', 'BCA', '8030517131', 'susiloningsih', 17796, 889794, 2, 1, 1),
(204, '10 2020', '2020-11-05', '01.00001', '081327479067', 'BCA', '12312388857', 'koperasi mmas', 35592, 889794, 4, 1, 1),
(205, '10 2020', '2020-11-05', '01.00009', '081325123353', 'BCA', '8030322925', '', 16595, 829758, 2, 1, 1),
(206, '10 2020', '2020-11-05', '01.00027', '085101995521', 'BTPN', '0408.1.000168', 'Sri susanti', 102114, 850947, 12, 1, 1),
(207, '10 2020', '2020-11-05', '01.00062', '085101292189', 'BTPN', '0408.1.000168', 'SRI SUSANTI', 17019, 850947, 2, 1, 1),
(208, '10 2020', '2020-11-05', '01.00023', '081327405100', '', '', '', 17019, 850947, 2, 1, 1),
(209, '10 2020', '2020-11-05', '01.00011', '081325469975', 'BCA ', '0130639798', 'Ummy Mubarokah', 102114, 850947, 12, 1, 1),
(210, '10 2020', '2020-11-05', '01.00063', '085950726801', '', '', '', 17332, 866587, 2, 1, 1),
(211, '10 2020', '2020-11-05', '01.00065', '081325453388', 'BTPN', '04081000168', 'SRI SUSANTI', 609436, 870623, 70, 1, 1),
(212, '10 2020', '2020-11-05', '01.00027', '085101995521', 'BTPN', '0408.1.000168', 'Sri susanti', 609436, 870623, 70, 1, 1),
(213, '10 2020', '2020-11-05', '01.00028', '081326627170', 'BRI', ' 3405  -   01-    016327 -  53 -  8', 'Ari  wuryantini  ', 444897, 889794, 50, 1, 1),
(214, '10 2020', '2020-11-05', '01.00066', '085726841990', 'BCA', '0091324902', 'Aditya Cipta P', 902911, 902911, 100, 1, 1),
(215, '10 2020', '2020-11-05', '01.00066', '085726841990', 'BCA', '0091324902', 'Aditya Cipta P', 595921, 902911, 66, 1, 1),
(216, '10 2020', '2020-11-05', '01.00011', '081325469975', 'BCA ', '0130639798', 'Ummy Mubarokah', 18260, 913001, 2, 1, 1),
(217, '10 2020', '2020-11-05', '01.00071', '081575012844', 'BNI', '0728242081', 'Adyatma Gusti Pandya', 463500, 927000, 50, 1, 1),
(218, '10 2020', '2020-11-05', '01.00083', '082133232909', '', '', '', 18380, 919000, 2, 1, 1),
(219, '10 2020', '2020-11-05', '01.00088', '083163397270', '', '', '', 18200, 910000, 2, 1, 1),
(220, '10 2020', '2020-11-05', '01.00009', '081325123353', 'BCA', '8030322925', '', 18460, 923000, 2, 1, 1),
(221, '10 2020', '2020-11-05', '01.00054', '085713893698', 'BCA', '7830017954', 'Muhammad Badruz zaman', 18420, 921000, 2, 1, 1),
(222, '10 2020', '2020-11-05', '01.00051', '082299413996', 'BCA', '2465191960', 'Sudarto', 55260, 921000, 6, 1, 1),
(223, '10 2020', '2020-11-05', '01.00094', '081335623997', 'BTPN', '\'90013386284', 'zunsyika zahra zatira', 18400, 920000, 2, 1, 1),
(224, '10 2020', '2020-11-05', '01.00042', '085740601703', '', '', '', 18540, 927000, 2, 1, 1),
(225, '10 2020', '2020-11-05', '01.00052', '081575886727', 'BCA', '2380885592', 'Dwi ratnawati', 18540, 927000, 2, 1, 1),
(226, '10 2020', '2020-11-05', '01.00060', '085876100940', 'BRI', '100601002755535', 'HARYONO', 18580, 929000, 2, 1, 1),
(227, '10 2020', '2020-11-05', '01.00098', '+12107809363', '', '', '', 18640, 932000, 2, 1, 1),
(228, '10 2020', '2020-11-05', '01.00008', '085727611329', 'BRI', '303201021584536', 'Eko nur prasetyo', 18520, 926000, 2, 1, 1),
(229, '10 2020', '2020-11-05', '01.00054', '085713893698', 'BCA', '7830017954', 'Muhammad Badruz zaman', 4500, 900000, 2, 0.25, 1),
(230, '10 2020', '2020-11-05', '01.00053', '0811251610', 'Mandiri', '1370004061814', 'sugiharti', 13560, 904000, 6, 0.25, 1),
(231, '11 2020', '2020-12-02', '01.00001', '081327479067', 'BCA', '12312388857', 'koperasi mmas', 20287, 889794, 4, 0.57, 1),
(232, '11 2020', '2020-12-02', '01.00009', '081325123353', 'BCA', '8030322925', '', 9459, 829758, 2, 0.57, 1),
(233, '11 2020', '2020-12-02', '01.00027', '085101995521', 'BTPN', '0408.1.000168', 'Sri susanti', 58205, 850947, 12, 0.57, 1),
(234, '11 2020', '2020-12-02', '01.00062', '085101292189', 'BTPN', '0408.1.000168', 'SRI SUSANTI', 9701, 850947, 2, 0.57, 1),
(235, '11 2020', '2020-12-02', '01.00023', '081327405100', '', '', '', 9701, 850947, 2, 0.57, 1),
(236, '11 2020', '2020-12-02', '01.00011', '081325469975', 'BCA ', '0130639798', 'Ummy Mubarokah', 58205, 850947, 12, 0.57, 1),
(237, '11 2020', '2020-12-02', '01.00063', '085950726801', '', '', '', 9879, 866587, 2, 0.57, 1),
(238, '11 2020', '2020-12-02', '01.00065', '081325453388', 'BTPN', '04081000168', 'SRI SUSANTI', 347379, 870623, 70, 0.57, 1),
(239, '11 2020', '2020-12-02', '01.00027', '085101995521', 'BTPN', '0408.1.000168', 'Sri susanti', 347379, 870623, 70, 0.57, 1),
(240, '11 2020', '2020-12-02', '01.00028', '081326627170', 'BRI', ' 3405  -   01-    016327 -  53 -  8', 'Ari  wuryantini  ', 253591, 889794, 50, 0.57, 1),
(241, '11 2020', '2020-12-02', '01.00066', '085726841990', 'BCA', '0091324902', 'Aditya Cipta P', 514659, 902911, 100, 0.57, 1),
(242, '11 2020', '2020-12-02', '01.00066', '085726841990', 'BCA', '0091324902', 'Aditya Cipta P', 339675, 902911, 66, 0.57, 1),
(243, '11 2020', '2020-12-02', '01.00011', '081325469975', 'BCA ', '0130639798', 'Ummy Mubarokah', 10408, 913001, 2, 0.57, 1),
(244, '11 2020', '2020-12-02', '01.00071', '081575012844', 'BNI', '0728242081', 'Adyatma Gusti Pandya', 264195, 927000, 50, 0.57, 1),
(245, '11 2020', '2020-12-02', '01.00083', '082133232909', '', '', '', 10477, 919000, 2, 0.57, 1),
(246, '11 2020', '2020-12-02', '01.00088', '083163397270', '', '', '', 10374, 910000, 2, 0.57, 1),
(247, '11 2020', '2020-12-02', '01.00009', '081325123353', 'BCA', '8030322925', '', 10522, 923000, 2, 0.57, 1),
(248, '11 2020', '2020-12-02', '01.00054', '085713893698', 'BCA', '7830017954', 'Muhammad Badruz zaman', 10499, 921000, 2, 0.57, 1),
(249, '11 2020', '2020-12-02', '01.00051', '082299413996', 'BCA', '2465191960', 'Sudarto', 31498, 921000, 6, 0.57, 1),
(250, '11 2020', '2020-12-02', '01.00094', '081335623997', 'BTPN', '\'90013386284', 'zunsyika zahra zatira', 10488, 920000, 2, 0.57, 1),
(251, '11 2020', '2020-12-02', '01.00042', '085740601703', '', '', '', 10568, 927000, 2, 0.57, 1),
(252, '11 2020', '2020-12-02', '01.00052', '081575886727', 'BCA', '2380885592', 'Dwi ratnawati', 10568, 927000, 2, 0.57, 1),
(253, '11 2020', '2020-12-02', '01.00060', '085876100940', 'BRI', '100601002755535', 'HARYONO', 10591, 929000, 2, 0.57, 1),
(254, '11 2020', '2020-12-02', '01.00098', '+12107809363', '', '', '', 10625, 932000, 2, 0.57, 1),
(255, '11 2020', '2020-12-02', '01.00008', '085727611329', 'BRI', '303201021584536', 'Eko nur prasetyo', 10556, 926000, 2, 0.57, 1),
(256, '11 2020', '2020-12-02', '01.00054', '085713893698', 'BCA', '7830017954', 'Muhammad Badruz zaman', 10260, 900000, 2, 0.57, 1),
(257, '11 2020', '2020-12-02', '01.00053', '0811251610', 'Mandiri', '1370004061814', 'sugiharti', 30917, 904000, 6, 0.57, 1),
(258, '11 2020', '2020-12-02', '01.00025', '082230854065', 'Bank Jateng', '3021211841', 'Amelia Nadia Rahma', 51243, 899000, 10, 0.57, 1),
(259, '12 2020', '2021-01-03', '01.00001', '081327479067', 'BCA', '12312388857', 'koperasi mmas', 7830, 889794, 4, 0.22, 1),
(260, '12 2020', '2021-01-03', '01.00009', '081325123353', 'BCA', '8030322925', '', 1660, 829758, 2, 0.1, 1),
(261, '12 2020', '2021-01-03', '01.00027', '085101995521', 'BTPN', '0408.1.000168', 'Sri susanti', 17359, 850947, 12, 0.17, 1),
(262, '12 2020', '2021-01-03', '01.00062', '085101292189', 'BTPN', '0408.1.000168', 'SRI SUSANTI', 2893, 850947, 2, 0.17, 1),
(263, '12 2020', '2021-01-03', '01.00023', '081327405100', '', '', '', 2893, 850947, 2, 0.17, 1),
(264, '12 2020', '2021-01-03', '01.00011', '081325469975', 'BCA ', '0130639798', 'Ummy Mubarokah', 19912, 850947, 12, 0.195, 1),
(265, '12 2020', '2021-01-03', '01.00063', '085950726801', '', '', '', 3380, 866587, 2, 0.195, 1),
(266, '12 2020', '2021-01-03', '01.00065', '081325453388', 'BTPN', '04081000168', 'SRI SUSANTI', 134076, 870623, 70, 0.22, 1),
(267, '12 2020', '2021-01-03', '01.00027', '085101995521', 'BTPN', '0408.1.000168', 'Sri susanti', 134076, 870623, 70, 0.22, 1),
(268, '12 2020', '2021-01-03', '01.00028', '081326627170', 'BRI', ' 3405  -   01-    016327 -  53 -  8', 'Ari  wuryantini  ', 97877, 889794, 50, 0.22, 1),
(269, '12 2020', '2021-01-03', '01.00066', '085726841990', 'BCA', '0091324902', 'Aditya Cipta P', 198640, 902911, 100, 0.22, 1),
(270, '12 2020', '2021-01-03', '01.00066', '085726841990', 'BCA', '0091324902', 'Aditya Cipta P', 131103, 902911, 66, 0.22, 1),
(271, '12 2020', '2021-01-03', '01.00011', '081325469975', 'BCA ', '0130639798', 'Ummy Mubarokah', 4017, 913001, 2, 0.22, 1),
(272, '12 2020', '2021-01-03', '01.00071', '081575012844', 'BNI', '0728242081', 'Adyatma Gusti Pandya', 101970, 927000, 50, 0.22, 1),
(273, '12 2020', '2021-01-03', '01.00083', '082133232909', '', '', '', 4044, 919000, 2, 0.22, 1),
(274, '12 2020', '2021-01-03', '01.00088', '083163397270', '', '', '', 4004, 910000, 2, 0.22, 1),
(275, '12 2020', '2021-01-03', '01.00009', '081325123353', 'BCA', '8030322925', '', 4061, 923000, 2, 0.22, 1),
(276, '12 2020', '2021-01-03', '01.00054', '085713893698', 'BCA', '7830017954', 'Muhammad Badruz zaman', 4052, 921000, 2, 0.22, 1),
(277, '12 2020', '2021-01-03', '01.00051', '082299413996', 'BCA', '2465191960', 'Sudarto', 12157, 921000, 6, 0.22, 1),
(278, '12 2020', '2021-01-03', '01.00094', '081335623997', 'BTPN', '\'90013386284', 'zunsyika zahra zatira', 4048, 920000, 2, 0.22, 1),
(279, '12 2020', '2021-01-03', '01.00042', '085740601703', '', '', '', 4079, 927000, 2, 0.22, 1),
(280, '12 2020', '2021-01-03', '01.00052', '081575886727', 'BCA', '2380885592', 'Dwi ratnawati', 4079, 927000, 2, 0.22, 1),
(281, '12 2020', '2021-01-03', '01.00060', '085876100940', 'BRI', '100601002755535', 'HARYONO', 4088, 929000, 2, 0.22, 1),
(282, '12 2020', '2021-01-03', '01.00098', '+12107809363', '', '', '', 4101, 932000, 2, 0.22, 1),
(283, '12 2020', '2021-01-03', '01.00008', '085727611329', 'BRI', '303201021584536', 'Eko nur prasetyo', 4074, 926000, 2, 0.22, 1),
(284, '12 2020', '2021-01-03', '01.00054', '085713893698', 'BCA', '7830017954', 'Muhammad Badruz zaman', 3960, 900000, 2, 0.22, 1),
(285, '12 2020', '2021-01-03', '01.00053', '0811251610', 'Mandiri', '1370004061814', 'sugiharti', 11933, 904000, 6, 0.22, 1),
(286, '12 2020', '2021-01-03', '01.00025', '082230854065', 'Bank Jateng', '3021211841', 'Amelia Nadia Rahma', 19778, 899000, 10, 0.22, 1),
(287, '12 2020', '2021-01-03', '01.00009', '081325123353', 'BCA', '8030322925', '', 2030, 846000, 2, 0.12, 1),
(288, '12 2020', '2021-01-03', '01.00027', '085101995521', 'BTPN', '0408.1.000168', 'Sri susanti', 5172, 862000, 12, 0.05, 1),
(289, '12 2020', '2021-01-03', '01.00062', '085101292189', 'BTPN', '0408.1.000168', 'SRI SUSANTI', 862, 862000, 2, 0.05, 1),
(290, '12 2020', '2021-01-03', '01.00011', '081325469975', 'BCA ', '0130639798', 'Ummy Mubarokah', 2598, 866000, 12, 0.025, 1),
(291, '12 2020', '2021-01-03', '01.00063', '085950726801', '', '', '', 433, 866000, 2, 0.025, 1),
(292, '01 2021', '2021-02-10', '01.00001', '081327479067', 'BCA', '12312388857', 'koperasi mmas', 24024, 889794, 4, 0.675, 1),
(293, '01 2021', '2021-02-10', '01.00066', '085726841990', 'BCA', '0091324902', 'Aditya Cipta P', 361164, 902911, 100, 0.4, 1),
(294, '01 2021', '2021-02-10', '01.00066', '085726841990', 'BCA', '0091324902', 'Aditya Cipta P', 238369, 902911, 66, 0.4, 1),
(295, '01 2021', '2021-02-10', '01.00011', '081325469975', 'BCA ', '0130639798', 'Ummy Mubarokah', 7304, 913001, 2, 0.4, 1),
(296, '01 2021', '2021-02-10', '01.00071', '081575012844', 'BNI', '0728242081', 'Adyatma Gusti Pandya', 312863, 927000, 50, 0.675, 1),
(297, '01 2021', '2021-02-10', '01.00083', '082133232909', '', '', '', 12407, 919000, 2, 0.675, 1),
(298, '01 2021', '2021-02-10', '01.00088', '083163397270', '', '', '', 12285, 910000, 2, 0.675, 1),
(299, '01 2021', '2021-02-10', '01.00009', '081325123353', 'BCA', '8030322925', '', 12461, 923000, 2, 0.675, 1),
(300, '01 2021', '2021-02-10', '01.00054', '085713893698', 'BCA', '7830017954', 'Muhammad Badruz zaman', 12434, 921000, 2, 0.675, 1),
(301, '01 2021', '2021-02-10', '01.00051', '082299413996', 'BCA', '2465191960', 'Sudarto', 37301, 921000, 6, 0.675, 1),
(302, '01 2021', '2021-02-10', '01.00094', '081335623997', 'BTPN', '\'90013386284', 'zunsyika zahra zatira', 12420, 920000, 2, 0.675, 1),
(303, '01 2021', '2021-02-10', '01.00042', '085740601703', '', '', '', 12515, 927000, 2, 0.675, 1),
(304, '01 2021', '2021-02-10', '01.00052', '081575886727', 'BCA', '2380885592', 'Dwi ratnawati', 12515, 927000, 2, 0.675, 1),
(305, '01 2021', '2021-02-10', '01.00060', '085876100940', 'BRI', '100601002755535', 'HARYONO', 12542, 929000, 2, 0.675, 1),
(306, '01 2021', '2021-02-10', '01.00098', '+12107809363', '', '', '', 12582, 932000, 2, 0.675, 1),
(307, '01 2021', '2021-02-10', '01.00008', '085727611329', 'BRI', '303201021584536', 'Eko nur prasetyo', 12501, 926000, 2, 0.675, 1),
(308, '01 2021', '2021-02-10', '01.00054', '085713893698', 'BCA', '7830017954', 'Muhammad Badruz zaman', 12150, 900000, 2, 0.675, 1),
(309, '01 2021', '2021-02-10', '01.00053', '0811251610', 'Mandiri', '1370004061814', 'sugiharti', 36612, 904000, 6, 0.675, 1),
(310, '01 2021', '2021-02-10', '01.00025', '082230854065', 'Bank Jateng', '3021211841', 'Amelia Nadia Rahma', 60683, 899000, 10, 0.675, 1),
(311, '01 2021', '2021-02-10', '01.00009', '081325123353', 'BCA', '8030322925', '', 11421, 846000, 2, 0.675, 1),
(312, '01 2021', '2021-02-10', '01.00027', '085101995521', 'BTPN', '0408.1.000168', 'Sri susanti', 69822, 862000, 12, 0.675, 1),
(313, '01 2021', '2021-02-10', '01.00062', '085101292189', 'BTPN', '0408.1.000168', 'SRI SUSANTI', 11637, 862000, 2, 0.675, 1),
(314, '01 2021', '2021-02-10', '01.00011', '081325469975', 'BCA ', '0130639798', 'Ummy Mubarokah', 70146, 866000, 12, 0.675, 1),
(315, '01 2021', '2021-02-10', '01.00063', '085950726801', '', '', '', 11691, 866000, 2, 0.675, 1),
(316, '01 2021', '2021-02-10', '01.00027', '085101995521', 'BTPN', '0408.1.000168', 'Sri susanti', 403988, 855000, 70, 0.675, 1),
(317, '01 2021', '2021-02-10', '01.00065', '081325453388', 'BTPN', '04081000168', 'SRI SUSANTI', 403988, 855000, 70, 0.675, 1),
(318, '01 2021', '2021-02-10', '01.00028', '081326627170', 'BRI', ' 3405  -   01-    016327 -  53 -  8', 'Ari  wuryantini  ', 292275, 866000, 50, 0.675, 1),
(319, '01 2021', '2021-02-10', '01.00066', '085726841990', 'BCA', '0091324902', 'Aditya Cipta P', 34072, 821000, 166, 0.025, 1),
(320, '01 2021', '2021-02-10', '01.00011', '081325469975', 'BCA ', '0130639798', 'Ummy Mubarokah', 411, 821000, 2, 0.025, 1),
(321, '01 2021', '2021-03-08', '01.00001', '081327479067', 'BCA', '12312388857', 'koperasi mmas', 24024, 889794, 4, 0.675, 0),
(322, '01 2021', '2021-03-08', '01.00066', '085726841990', 'BCA', '0091324902', 'Aditya Cipta P', 361164, 902911, 100, 0.4, 0),
(323, '01 2021', '2021-03-08', '01.00066', '085726841990', 'BCA', '0091324902', 'Aditya Cipta P', 238369, 902911, 66, 0.4, 0),
(324, '01 2021', '2021-03-08', '01.00011', '081325469975', 'BCA ', '0130639798', 'Ummy Mubarokah', 7304, 913001, 2, 0.4, 0),
(325, '01 2021', '2021-03-08', '01.00071', '081575012844', 'BNI', '0728242081', 'Adyatma Gusti Pandya', 312863, 927000, 50, 0.675, 0),
(326, '01 2021', '2021-03-08', '01.00083', '082133232909', '', '', '', 12407, 919000, 2, 0.675, 0),
(327, '01 2021', '2021-03-08', '01.00088', '083163397270', '', '', '', 12285, 910000, 2, 0.675, 0),
(328, '01 2021', '2021-03-08', '01.00009', '081325123353', 'BCA', '8030322925', '', 12461, 923000, 2, 0.675, 0),
(329, '01 2021', '2021-03-08', '01.00054', '085713893698', 'BCA', '7830017954', 'Muhammad Badruz zaman', 12434, 921000, 2, 0.675, 0),
(330, '01 2021', '2021-03-08', '01.00051', '082299413996', 'BCA', '2465191960', 'Sudarto', 37301, 921000, 6, 0.675, 0),
(331, '01 2021', '2021-03-08', '01.00094', '081335623997', 'BTPN', '\'90013386284', 'zunsyika zahra zatira', 12420, 920000, 2, 0.675, 0),
(332, '01 2021', '2021-03-08', '01.00042', '085740601703', '', '', '', 12515, 927000, 2, 0.675, 0),
(333, '01 2021', '2021-03-08', '01.00052', '081575886727', 'BCA', '2380885592', 'Dwi ratnawati', 12515, 927000, 2, 0.675, 0),
(334, '01 2021', '2021-03-08', '01.00060', '085876100940', 'BRI', '100601002755535', 'HARYONO', 12542, 929000, 2, 0.675, 0),
(335, '01 2021', '2021-03-08', '01.00098', '+12107809363', '', '', '', 12582, 932000, 2, 0.675, 0),
(336, '01 2021', '2021-03-08', '01.00008', '085727611329', 'BRI', '303201021584536', 'Eko nur prasetyo', 12501, 926000, 2, 0.675, 0),
(337, '01 2021', '2021-03-08', '01.00054', '085713893698', 'BCA', '7830017954', 'Muhammad Badruz zaman', 12150, 900000, 2, 0.675, 0),
(338, '01 2021', '2021-03-08', '01.00053', '0811251610', 'Mandiri', '1370004061814', 'sugiharti', 36612, 904000, 6, 0.675, 0),
(339, '01 2021', '2021-03-08', '01.00025', '082230854065', 'Bank Jateng', '3021211841', 'Amelia Nadia Rahma', 60683, 899000, 10, 0.675, 0),
(340, '01 2021', '2021-03-08', '01.00009', '081325123353', 'BCA', '8030322925', '', 11421, 846000, 2, 0.675, 0),
(341, '01 2021', '2021-03-08', '01.00027', '085101995521', 'Mandiri', '1360016448059', 'ANDRE WIRADIKUSUMA', 69822, 862000, 12, 0.675, 0),
(342, '01 2021', '2021-03-08', '01.00062', '085101292189', 'Mandiri', '1360016448059', 'ANDRE WIRADIKUSUMA', 11637, 862000, 2, 0.675, 0),
(343, '01 2021', '2021-03-08', '01.00011', '081325469975', 'BCA ', '0130639798', 'Ummy Mubarokah', 70146, 866000, 12, 0.675, 0),
(344, '01 2021', '2021-03-08', '01.00063', '085950726801', '', '', '', 11691, 866000, 2, 0.675, 0),
(345, '01 2021', '2021-03-08', '01.00027', '085101995521', 'Mandiri', '1360016448059', 'ANDRE WIRADIKUSUMA', 403988, 855000, 70, 0.675, 0),
(346, '01 2021', '2021-03-08', '01.00065', '081325453388', 'Mandiri', '1360016448059', 'ANDRE WIRADIKUSUMA', 403988, 855000, 70, 0.675, 0),
(347, '01 2021', '2021-03-08', '01.00028', '081326627170', 'BRI', ' 3405  -   01-    016327 -  53 -  8', 'Ari  wuryantini  ', 292275, 866000, 50, 0.675, 0),
(348, '01 2021', '2021-03-08', '01.00066', '085726841990', 'BCA', '0091324902', 'Aditya Cipta P', 34072, 821000, 166, 0.025, 0),
(349, '01 2021', '2021-03-08', '01.00011', '081325469975', 'BCA ', '0130639798', 'Ummy Mubarokah', 411, 821000, 2, 0.025, 0),
(350, '02 2021', '2021-03-08', '01.00001', '081327479067', 'BCA', '12312388857', 'koperasi mmas', 17796, 889794, 4, 0.5, 1),
(351, '02 2021', '2021-03-08', '01.00071', '081575012844', 'BNI', '0728242081', 'Adyatma Gusti Pandya', 57938, 927000, 50, 0.125, 1),
(352, '02 2021', '2021-03-08', '01.00083', '082133232909', '', '', '', 2298, 919000, 2, 0.125, 1),
(353, '02 2021', '2021-03-08', '01.00088', '083163397270', '', '', '', 2275, 910000, 2, 0.125, 1),
(354, '02 2021', '2021-03-08', '01.00009', '081325123353', 'BCA', '8030322925', '', 2308, 923000, 2, 0.125, 1),
(355, '02 2021', '2021-03-08', '01.00054', '085713893698', 'BCA', '7830017954', 'Muhammad Badruz zaman', 2303, 921000, 2, 0.125, 1),
(356, '02 2021', '2021-03-08', '01.00051', '082299413996', 'BCA', '2465191960', 'Sudarto', 6908, 921000, 6, 0.125, 1),
(357, '02 2021', '2021-03-08', '01.00094', '081335623997', 'BTPN', '\'90013386284', 'zunsyika zahra zatira', 9200, 920000, 2, 0.5, 1),
(358, '02 2021', '2021-03-08', '01.00042', '085740601703', '', '', '', 9270, 927000, 2, 0.5, 1),
(359, '02 2021', '2021-03-08', '01.00052', '081575886727', 'BCA', '2380885592', 'Dwi ratnawati', 9270, 927000, 2, 0.5, 1),
(360, '02 2021', '2021-03-08', '01.00060', '085876100940', 'BRI', '100601002755535', 'HARYONO', 9290, 929000, 2, 0.5, 1),
(361, '02 2021', '2021-03-08', '01.00098', '+12107809363', '', '', '', 9320, 932000, 2, 0.5, 1),
(362, '02 2021', '2021-03-08', '01.00008', '085727611329', 'BRI', '303201021584536', 'Eko nur prasetyo', 9260, 926000, 2, 0.5, 1),
(363, '02 2021', '2021-03-08', '01.00054', '085713893698', 'BCA', '7830017954', 'Muhammad Badruz zaman', 9000, 900000, 2, 0.5, 1),
(364, '02 2021', '2021-03-08', '01.00053', '0811251610', 'Mandiri', '1370004061814', 'sugiharti', 27120, 904000, 6, 0.5, 1),
(365, '02 2021', '2021-03-08', '01.00025', '082230854065', 'Bank Jateng', '3021211841', 'Amelia Nadia Rahma', 44950, 899000, 10, 0.5, 1),
(366, '02 2021', '2021-03-08', '01.00009', '081325123353', 'BCA', '8030322925', '', 8460, 846000, 2, 0.5, 1),
(367, '02 2021', '2021-03-08', '01.00027', '085101995521', 'Mandiri', '1360016448059', 'ANDRE WIRADIKUSUMA', 51720, 862000, 12, 0.5, 1),
(368, '02 2021', '2021-03-08', '01.00062', '085101292189', 'Mandiri', '1360016448059', 'ANDRE WIRADIKUSUMA', 8620, 862000, 2, 0.5, 1),
(369, '02 2021', '2021-03-08', '01.00011', '081325469975', 'BCA ', '0130639798', 'Ummy Mubarokah', 51960, 866000, 12, 0.5, 1),
(370, '02 2021', '2021-03-08', '01.00063', '085950726801', '', '', '', 8660, 866000, 2, 0.5, 1),
(371, '02 2021', '2021-03-08', '01.00027', '085101995521', 'Mandiri', '1360016448059', 'ANDRE WIRADIKUSUMA', 299250, 855000, 70, 0.5, 1),
(372, '02 2021', '2021-03-08', '01.00065', '081325453388', 'Mandiri', '1360016448059', 'ANDRE WIRADIKUSUMA', 299250, 855000, 70, 0.5, 1),
(373, '02 2021', '2021-03-08', '01.00028', '081326627170', 'BRI', ' 3405  -   01-    016327 -  53 -  8', 'Ari  wuryantini  ', 216500, 866000, 50, 0.5, 1),
(374, '02 2021', '2021-03-08', '01.00066', '085726841990', 'BCA', '0091324902', 'Aditya Cipta P', 681430, 821000, 166, 0.5, 1),
(375, '02 2021', '2021-03-08', '01.00011', '081325469975', 'BCA ', '0130639798', 'Ummy Mubarokah', 8210, 821000, 2, 0.5, 1),
(376, '02 2021', '2021-03-08', '01.00071', '081575012844', 'BNI', '0728242081', 'Adyatma Gusti Pandya', 152813, 815000, 50, 0.375, 1),
(377, '02 2021', '2021-03-08', '01.00083', '082133232909', '', '', '', 5910, 788000, 2, 0.375, 1),
(378, '02 2021', '2021-03-08', '01.00088', '083163397270', '', '', '', 5910, 788000, 2, 0.375, 1),
(379, '03 2021', '2021-04-05', '01.00001', '081327479067', 'BCA', '12312388857', 'koperasi mmas', 12457, 889794, 4, 0.35, 1),
(380, '03 2021', '2021-04-05', '01.00094', '081335623997', 'BTPN', '\'90013386284', 'zunsyika zahra zatira', 6440, 920000, 2, 0.35, 1),
(381, '03 2021', '2021-04-05', '01.00042', '085740601703', '', '', '', 927, 927000, 2, 0.05, 1),
(382, '03 2021', '2021-04-05', '01.00052', '081575886727', 'BCA', '2380885592', 'Dwi ratnawati', 927, 927000, 2, 0.05, 1),
(383, '03 2021', '2021-04-05', '01.00060', '085876100940', 'BRI', '100601002755535', 'HARYONO', 929, 929000, 2, 0.05, 1),
(384, '03 2021', '2021-04-05', '01.00098', '+12107809363', '', '', '', 932, 932000, 2, 0.05, 1),
(385, '03 2021', '2021-04-05', '01.00008', '085727611329', 'BRI', '303201021584536', 'Eko nur prasetyo', 5556, 926000, 2, 0.3, 1),
(386, '03 2021', '2021-04-05', '01.00054', '085713893698', 'BCA', '7830017954', 'Muhammad Badruz zaman', 6300, 900000, 2, 0.35, 1),
(387, '03 2021', '2021-04-05', '01.00053', '0811251610', 'Mandiri', '1370004061814', 'sugiharti', 18984, 904000, 6, 0.35, 1),
(388, '03 2021', '2021-04-05', '01.00025', '082230854065', 'Bank Jateng', '3021211841', 'Amelia Nadia Rahma', 31465, 899000, 10, 0.35, 1),
(389, '03 2021', '2021-04-05', '01.00009', '081325123353', 'BCA', '8030322925', '', 5922, 846000, 2, 0.35, 1),
(390, '03 2021', '2021-04-05', '01.00027', '085101995521', 'Mandiri', '1360016448059', 'ANDRE WIRADIKUSUMA', 36204, 862000, 12, 0.35, 1),
(391, '03 2021', '2021-04-05', '01.00062', '085101292189', 'Mandiri', '1360016448059', 'ANDRE WIRADIKUSUMA', 6034, 862000, 2, 0.35, 1),
(392, '03 2021', '2021-04-05', '01.00011', '081325469975', 'BCA ', '0130639798', 'Ummy Mubarokah', 36372, 866000, 12, 0.35, 1),
(393, '03 2021', '2021-04-05', '01.00063', '085950726801', '', '', '', 6062, 866000, 2, 0.35, 1),
(394, '03 2021', '2021-04-05', '01.00027', '085101995521', 'Mandiri', '1360016448059', 'ANDRE WIRADIKUSUMA', 209475, 855000, 70, 0.35, 1),
(395, '03 2021', '2021-04-05', '01.00065', '081325453388', 'Mandiri', '1360016448059', 'ANDRE WIRADIKUSUMA', 209475, 855000, 70, 0.35, 1),
(396, '03 2021', '2021-04-05', '01.00028', '081326627170', 'BRI', ' 3405  -   01-    016327 -  53 -  8', 'Ari  wuryantini  ', 151550, 866000, 50, 0.35, 1),
(397, '03 2021', '2021-04-05', '01.00066', '085726841990', 'BCA', '0091324902', 'Aditya Cipta P', 477001, 821000, 166, 0.35, 1),
(398, '03 2021', '2021-04-05', '01.00011', '081325469975', 'BCA ', '0130639798', 'Ummy Mubarokah', 5747, 821000, 2, 0.35, 1),
(399, '03 2021', '2021-04-05', '01.00071', '081575012844', 'BNI', '0728242081', 'Adyatma Gusti Pandya', 142625, 815000, 50, 0.35, 1),
(400, '03 2021', '2021-04-05', '01.00083', '082133232909', '', '', '', 5516, 788000, 2, 0.35, 1),
(401, '03 2021', '2021-04-05', '01.00088', '083163397270', '', '', '', 5516, 788000, 2, 0.35, 1),
(402, '03 2021', '2021-04-05', '01.00009', '081325123353', 'BCA', '8030322925', '', 4722, 787000, 2, 0.3, 1),
(403, '03 2021', '2021-04-05', '01.00051', '082299413996', 'BCA', '2465191960', 'Sudarto', 14166, 787000, 6, 0.3, 1),
(404, '03 2021', '2021-04-05', '01.00054', '085713893698', 'BCA', '7830017954', 'Muhammad Badruz zaman', 4668, 778000, 2, 0.3, 1),
(405, '03 2021', '2021-04-05', '01.00052', '081575886727', 'BCA', '2380885592', 'Dwi ratnawati', 4794, 799000, 2, 0.3, 1),
(406, '03 2021', '2021-04-05', '01.00060', '085876100940', 'BRI', '100601002755535', 'HARYONO', 4782, 797000, 2, 0.3, 1),
(407, '03 2021', '2021-04-05', '01.00042', '085740601703', '', '', '', 4782, 797000, 2, 0.3, 1),
(408, '03 2021', '2021-04-05', '01.00098', '+12107809363', '', '', '', 4818, 803000, 2, 0.3, 1),
(409, '03 2021', '2021-04-05', '01.00008', '085727611329', 'BRI', '303201021584536', 'Eko nur prasetyo', 809, 809000, 2, 0.05, 1);

-- --------------------------------------------------------

--
-- Struktur dari tabel `tb_transaksi`
--

CREATE TABLE `tb_transaksi` (
  `id` bigint(20) NOT NULL,
  `tgl` date NOT NULL,
  `idted` varchar(8) NOT NULL,
  `uraian` text NOT NULL,
  `masuk` float NOT NULL,
  `keluar` float NOT NULL,
  `saldo` float NOT NULL,
  `jenis` enum('uang','emas') NOT NULL
) ENGINE=InnoDB DEFAULT CHARSET=latin1;

--
-- Dumping data untuk tabel `tb_transaksi`
--

INSERT INTO `tb_transaksi` (`id`, `tgl`, `idted`, `uraian`, `masuk`, `keluar`, `saldo`, `jenis`) VALUES
(1, '2019-11-05', '01.00001', 'topup deposit', 5000000, 0, 5000000, 'uang'),
(2, '2019-11-09', '01.00014', 'simp. pokok & simp. wajib', 1, 0, 1, 'emas'),
(3, '2019-11-11', '01.00015', 'simp. pokok & simp. wajib', 0, 0, 0, 'emas'),
(7, '2019-11-13', '01.00003', 'beli emas', 0.014, 0, 0.014, 'emas'),
(8, '2019-11-13', '01.00016', 'simp. pokok & simp. wajib', 1.035, 0, 1.035, 'emas'),
(9, '2019-11-14', '01.00017', 'simp. pokok & simp. wajib', 1.136, 0, 1.136, 'emas'),
(10, '2019-11-14', '01.00003', 'beli emas', 0.815, 0, 0.829, 'emas'),
(11, '2019-11-13', '01.00003', 'beli emas', 0.013, 0, 0.842, 'emas'),
(12, '2019-11-12', '01.00001', 'beli emas', 0.014, 0, 0.014, 'emas'),
(13, '2019-11-14', '01.00003', 'pencairan jual emas', 330000, 0, 330000, 'uang'),
(14, '2019-11-14', '01.00003', 'jual emas', 0, 0.5, 0.342, 'emas'),
(15, '2019-11-16', '01.00003', 'bayar beli emas 0.144 gr', 0, 100000, 230000, 'uang'),
(16, '2019-11-16', '01.00003', 'beli emas', 0.144, 0, 0.486, 'emas'),
(17, '2019-11-16', '01.00018', 'simp. pokok & simp. wajib', 1.136, 0, 1.136, 'emas'),
(18, '2019-11-19', '01.00003', 'bayar beli emas 0.144 gr', 0, 100000, 130000, 'uang'),
(19, '2019-11-19', '01.00003', 'beli emas', 0.144, 0, 0.63, 'emas'),
(20, '2019-11-19', '01.00019', 'simp. pokok & simp. wajib', 1.138, 0, 1.138, 'emas'),
(21, '2019-11-19', '01.00020', 'simp. pokok & simp. wajib', 1.138, 0, 1.138, 'emas'),
(22, '2019-11-19', '01.00021', 'simp. pokok & simp. wajib', 1.138, 0, 1.138, 'emas'),
(23, '2019-11-19', '01.00022', 'simp. pokok & simp. wajib', 1.138, 0, 1.138, 'emas'),
(24, '2019-11-05', '01.00006', 'simp. pokok & simp. wajib', 1.118, 0, 1.118, 'emas'),
(25, '2019-11-05', '01.00005', 'simp. pokok & simp. wajib', 1.118, 0, 1.118, 'emas'),
(26, '2019-11-20', '01.00010', 'beli emas', 1.136, 0, 1.136, 'emas'),
(27, '2019-11-20', '01.00003', 'bayar beli emas 0.187 gr', 0, 130000, 0, 'uang'),
(28, '2019-11-20', '01.00003', 'beli emas', 0.187, 0, 0.817, 'emas'),
(29, '2019-11-20', '01.00003', 'pencairan jual emas', 329750, 0, 329750, 'uang'),
(30, '2019-11-20', '01.00003', 'jual emas', 0, 0.5, 0.317, 'emas'),
(31, '2019-11-21', '01.00009', 'beli emas', 1.137, 0, 1.137, 'emas'),
(32, '2019-11-22', '01.00003', 'beli emas', 100.638, 0, 100.955, 'emas'),
(33, '2019-11-27', '01.00011', 'beli emas', 1.112, 0, 1.112, 'emas'),
(34, '2019-12-05', '01.00023', 'simp. pokok & simp. wajib', 0.03, 0, 0.03, 'emas'),
(35, '2019-12-05', '01.00024', 'simp. pokok & simp. wajib', 0.03, 0, 0.03, 'emas'),
(36, '2019-12-05', '01.00025', 'simp. pokok & simp. wajib', 0.03, 0, 0.03, 'emas'),
(37, '2019-12-06', '01.00026', 'simp. pokok & simp. wajib', 0.03, 0, 0.03, 'emas'),
(38, '2019-12-08', '01.00027', 'simp. pokok & simp. wajib', 0.03, 0, 0.03, 'emas'),
(39, '2019-12-08', '01.00028', 'simp. pokok & simp. wajib', 0.03, 0, 0.03, 'emas'),
(40, '2019-12-08', '01.00028', 'beli emas', 3.01, 0, 3.04, 'emas'),
(41, '2019-12-08', '01.00028', 'pencairan jual emas', 654.5, 0, 654.5, 'uang'),
(42, '2019-12-08', '01.00028', 'jual emas', 0, 0.001, 3.039, 'emas'),
(43, '2019-12-08', '01.00028', 'bayar beli emas 0.001 gr', 0, 654, 0.5, 'uang'),
(44, '2019-12-08', '01.00028', 'beli emas', 0.001, 0, 3.04, 'emas'),
(45, '2019-12-09', '01.00029', 'simp. pokok & simp. wajib', 0.03, 0, 0.03, 'emas'),
(46, '2019-12-16', '01.00030', 'simp. pokok & simp. wajib', 0.03, 0, 0.03, 'emas'),
(47, '2019-12-18', '01.00003', 'pencairan jual emas', 6580, 0, 336330, 'uang'),
(48, '2019-12-18', '01.00003', 'jual emas', 0, 0.01, 100.945, 'emas'),
(49, '2019-12-19', '01.00003', 'pencairan jual emas', 5926.5, 0, 342256, 'uang'),
(50, '2019-12-19', '01.00003', 'jual emas', 0, 0.009, 100.936, 'emas'),
(51, '2019-12-19', '01.00031', 'simp. pokok & simp. wajib', 0.03, 0, 0.03, 'emas'),
(52, '2019-12-20', '01.00010', 'beli emas', 1.107, 0, 2.243, 'emas'),
(53, '2019-12-20', '01.00010', 'pencairan jual emas', 6590, 0, 6590, 'uang'),
(54, '2019-12-20', '01.00010', 'jual emas', 0, 0.01, 2.233, 'emas'),
(55, '2019-12-24', '01.00032', 'simp. pokok & simp. wajib', 0.03, 0, 0.03, 'emas'),
(56, '2019-12-24', '01.00032', 'beli emas', 0.719, 0, 0.749, 'emas'),
(57, '2019-12-24', '01.00009', 'beli emas', 1.107, 0, 2.244, 'emas'),
(58, '2019-12-24', '01.00009', 'pencairan jual emas', 659, 0, 659, 'uang'),
(59, '2019-12-24', '01.00009', 'jual emas', 0, 0.001, 2.243, 'emas'),
(60, '2019-12-24', '01.00009', 'bayar beli emas 0.001 gr', 0, 659, 0, 'uang'),
(61, '2019-12-24', '01.00009', 'beli emas', 0.001, 0, 2.244, 'emas'),
(62, '2019-12-24', '01.00003', 'bayar beli emas 0.014 gr', 0, 10000, 332256, 'uang'),
(63, '2019-12-24', '01.00003', 'beli emas', 0.014, 0, 100.95, 'emas'),
(64, '2019-12-25', '01.00033', 'simp. pokok & simp. wajib', 0.03, 0, 0.03, 'emas'),
(65, '2019-12-25', '01.00033', 'beli emas', 0.014, 0, 0.044, 'emas'),
(66, '2019-12-25', '01.00033', 'pencairan jual emas', 659, 0, 659, 'uang'),
(67, '2019-12-25', '01.00033', 'jual emas', 0, 0.001, 0.043, 'emas'),
(68, '2020-01-03', '01.00003', 'bayar beli emas 0.014 gr', 0, 10000, 322256, 'uang'),
(69, '2020-01-03', '01.00003', 'beli emas', 0.014, 0, 100.964, 'emas'),
(70, '2020-01-03', '01.00003', 'pencairan jual emas', 0, 0, 322256, 'uang'),
(71, '2020-01-03', '01.00003', 'jual emas', 0, 0, 100.964, 'emas'),
(72, '2020-01-03', '01.00016', 'trf. dari ID 01.00003 ', 0.001, 0, 1.036, 'emas'),
(73, '2020-01-03', '01.00003', 'transfer emas ke  01.00016', 0, 0.001, 100.963, 'emas'),
(74, '2020-01-03', '01.00016', 'trf. dari ID 01.00003 ', 0.001, 0, 1.037, 'emas'),
(75, '2020-01-03', '01.00003', 'transfer emas ke  01.00016', 0, 0.001, 100.962, 'emas'),
(76, '2020-01-06', '01.00034', 'simp. pokok & simp. wajib', 0.029, 0, 0.029, 'emas'),
(77, '2020-01-07', '01.00029', 'trf. dari ID 01.00003 ', 0.138, 0, 0.168, 'emas'),
(78, '2020-01-07', '01.00003', 'transfer emas ke  01.00029', 0, 0.138, 100.824, 'emas'),
(79, '2020-01-08', '01.00035', 'simp. pokok & simp. wajib', 0.028, 0, 0.028, 'emas'),
(80, '2020-01-08', '01.00036', 'simp. pokok & simp. wajib', 0.028, 0, 0.028, 'emas'),
(81, '2020-01-08', '01.00034', 'trf. dari ID 01.00003 ', 0.001, 0, 0.03, 'emas'),
(82, '2020-01-08', '01.00003', 'transfer emas ke  01.00034', 0, 0.001, 100.823, 'emas'),
(83, '2020-01-08', '01.00037', 'simp. pokok & simp. wajib', 0.028, 0, 0.028, 'emas'),
(84, '2020-01-08', '01.00038', 'simp. pokok & simp. wajib', 0.028, 0, 0.028, 'emas'),
(85, '2020-01-16', '01.00039', 'simp. pokok & simp. wajib', 0.03, 0, 0.03, 'emas'),
(86, '2020-01-16', '01.00036', 'trf. dari ID 01.00003 ', 0.002, 0, 0.03, 'emas'),
(87, '2020-01-16', '01.00003', 'transfer emas ke  01.00036', 0, 0.002, 100.821, 'emas'),
(88, '2020-01-16', '01.00036', 'pencairan jual emas', 675, 0, 675, 'uang'),
(89, '2020-01-16', '01.00036', 'jual emas', 0, 0.001, 0.029, 'emas'),
(90, '2020-01-27', '01.00016', 'pencairan jual emas', 0, 0, 0, 'uang'),
(91, '2020-01-27', '01.00016', 'jual emas', 0, 0, 1.037, 'emas'),
(92, '2020-01-27', '01.00040', 'simp. pokok & simp. wajib', 0.029, 0, 0.029, 'emas'),
(93, '2020-01-30', '01.00003', 'pencairan jual emas', 6830, 0, 329086, 'uang'),
(94, '2020-01-30', '01.00003', 'jual emas', 0, 0.01, 100.811, 'emas'),
(95, '2020-01-30', '01.00031', 'trf. dari ID 01.00003 ', 0.014, 0, 0.044, 'emas'),
(96, '2020-01-30', '01.00003', 'transfer emas ke  01.00031', 0, 0.014, 100.797, 'emas'),
(97, '2020-02-08', '01.00041', 'simp. pokok & simp. wajib', 0.029, 0, 0.029, 'emas'),
(98, '2020-02-08', '01.00007', 'trf. dari ID 01.00003 ', 0.07, 0, 0.07, 'emas'),
(99, '2020-02-08', '01.00003', 'transfer emas ke  01.00007', 0, 0.07, 100.727, 'emas'),
(100, '2020-02-08', '01.00024', 'beli emas', 0.975, 0, 1.005, 'emas'),
(101, '2020-02-09', '01.00007', 'trf. dari ID 01.00003 ', 0.139, 0, 0.209, 'emas'),
(102, '2020-02-09', '01.00003', 'transfer emas ke  01.00007', 0, 0.139, 100.588, 'emas'),
(103, '2020-02-09', '01.00042', 'simp. pokok & simp. wajib', 0.029, 0, 0.029, 'emas'),
(104, '2020-02-14', '01.00001', 'trf. dari ID 01.00003 ', 90, 0, 90.014, 'emas'),
(105, '2020-02-14', '01.00003', 'transfer emas ke  01.00001', 0, 90, 10.588, 'emas'),
(106, '2020-02-14', '01.00009', 'trf. dari ID 01.00001 ', 0.035, 0, 2.279, 'emas'),
(107, '2020-02-14', '01.00001', 'transfer emas ke  01.00009', 0, 0.035, 89.979, 'emas'),
(108, '2020-02-14', '01.00010', 'trf. dari ID 01.00001 ', 0.035, 0, 2.268, 'emas'),
(109, '2020-02-14', '01.00001', 'transfer emas ke  01.00010', 0, 0.035, 89.944, 'emas'),
(110, '2020-02-14', '01.00016', 'trf. dari ID 01.00001 ', 0.035, 0, 1.072, 'emas'),
(111, '2020-02-14', '01.00001', 'transfer emas ke  01.00016', 0, 0.035, 89.909, 'emas'),
(112, '2020-02-14', '01.00017', 'trf. dari ID 01.00001 ', 0.035, 0, 1.171, 'emas'),
(113, '2020-02-14', '01.00001', 'transfer emas ke  01.00017', 0, 0.035, 89.874, 'emas'),
(114, '2020-02-14', '01.00042', 'trf. dari ID 01.00001 ', 0.035, 0, 0.064, 'emas'),
(115, '2020-02-14', '01.00001', 'transfer emas ke  01.00042', 0, 0.035, 89.839, 'emas'),
(116, '2020-02-14', '01.00016', 'pencairan jual emas', 0, 0, 0, 'uang'),
(117, '2020-02-14', '01.00016', 'jual emas', 0, 0, 1.072, 'emas'),
(118, '2020-02-20', '01.00043', 'simp. pokok & simp. wajib', 0.028, 0, 0.028, 'emas'),
(119, '2020-02-21', '01.00044', 'simp. pokok & simp. wajib', 0.028, 0, 0.028, 'emas'),
(120, '2020-02-25', '01.00045', 'simp. pokok & simp. wajib', 0.027, 0, 0.027, 'emas'),
(121, '2020-02-26', '01.00046', 'simp. pokok & simp. wajib', 0.027, 0, 0.027, 'emas'),
(122, '2020-02-26', '01.00047', 'simp. pokok & simp. wajib', 0.027, 0, 0.027, 'emas'),
(123, '2020-02-20', '01.00043', 'beli emas', 0.068, 0, 0.096, 'emas'),
(124, '2020-03-02', '01.00048', 'simp. pokok & simp. wajib', 0.027, 0, 0.027, 'emas'),
(125, '2020-03-02', '01.00048', 'trf. dari ID 01.00003 ', 0.013, 0, 0.04, 'emas'),
(126, '2020-03-02', '01.00003', 'transfer emas ke  01.00048', 0, 0.013, 10.575, 'emas'),
(127, '2020-03-02', '01.00049', 'simp. pokok & simp. wajib', 0.027, 0, 0.027, 'emas'),
(128, '2020-03-02', '01.00032', 'trf. dari ID 01.00001 ', 0.033, 0, 0.782, 'emas'),
(129, '2020-03-02', '01.00001', 'transfer emas ke  01.00032', 0, 0.033, 89.806, 'emas'),
(130, '2020-03-02', '01.00034', 'trf. dari ID 01.00001 ', 0.033, 0, 0.063, 'emas'),
(131, '2020-03-02', '01.00001', 'transfer emas ke  01.00034', 0, 0.033, 89.773, 'emas'),
(132, '2020-03-20', '01.00007', 'trf. dari ID 01.00001 ', 0.025, 0, 0.234, 'emas'),
(133, '2020-03-20', '01.00001', 'transfer emas ke  01.00007', 0, 0.025, 89.748, 'emas'),
(134, '2020-03-20', '01.00007', 'trf. dari ID 01.00001 ', 0.025, 0, 0.259, 'emas'),
(135, '2020-03-20', '01.00001', 'transfer emas ke  01.00007', 0, 0.025, 89.723, 'emas'),
(136, '2020-03-21', '01.00050', 'simp. pokok & simp. wajib', 0.026, 0, 0.026, 'emas'),
(137, '2020-03-25', '01.00051', 'simp. pokok & simp. wajib', 0.022, 0, 0.022, 'emas'),
(138, '2020-03-28', '01.00003', 'bayar beli emas 0.001 gr', 0, 1000, 328086, 'uang'),
(139, '2020-03-28', '01.00003', 'beli emas', 0.001, 0, 10.576, 'emas'),
(140, '2020-04-07', '01.00033', 'beli emas', 2.214, 0, 2.257, 'emas'),
(141, '2020-04-10', '01.00052', 'simp. pokok & simp. wajib', 0.024, 0, 0.024, 'emas'),
(142, '2020-04-10', '01.00052', 'beli emas', 2.015, 0, 2.039, 'emas'),
(143, '2020-04-15', '01.00007', 'pencairan jual emas', 158760, 0, 158760, 'uang'),
(144, '2020-04-15', '01.00007', 'jual emas', 0, 0.189, 0.07, 'emas'),
(145, '2020-04-15', '01.00007', 'pencairan jual emas', 158760, 0, 317520, 'uang'),
(146, '2020-04-15', '01.00007', 'jual emas', 0, 0.189, 0.07, 'emas'),
(147, '2020-04-15', '01.00007', 'tarik wallet, trf. tgl 2020-04-16', 0, 290000, 27520, 'uang'),
(148, '2020-04-15', '01.00007', 'adm tarik wallet, trf. tgl 2020-04-16', 0, 10000, 27520, 'uang'),
(149, '2020-04-16', '01.00003', 'tarik wallet, trf. tgl 2020-04-16', 0, 10000, 318086, 'uang'),
(150, '2020-04-16', '01.00003', 'adm tarik wallet, trf. tgl 2020-04-16', 0, 10000, 318086, 'uang'),
(151, '2020-04-30', '01.00001', 'trf. dari ID 01.00003 ', 9.576, 0, 99.299, 'emas'),
(152, '2020-04-30', '01.00003', 'transfer emas ke  01.00001', 0, 9.576, 1, 'emas'),
(153, '2020-05-01', '01.00053', 'simp. pokok & simp. wajib', 0.023, 0, 0.023, 'emas'),
(154, '2020-05-31', '01.00054', 'simp. pokok & simp. wajib', 0.024, 0, 0.024, 'emas'),
(155, '2020-06-01', '01.00003', 'bayar beli emas 0.000 gr', 0, 0.1, 318086, 'uang'),
(156, '2020-06-01', '01.00003', 'beli emas', 0, 0, 1, 'emas'),
(157, '2020-06-01', '01.00003', 'bayar beli emas 0.011 gr', 0, 10000, 308086, 'uang'),
(158, '2020-06-01', '01.00003', 'beli emas', 0.011, 0, 1.011, 'emas'),
(159, '2020-06-01', '01.00003', 'pencairan jual emas', 8130, 0, 316216, 'uang'),
(160, '2020-06-01', '01.00003', 'jual emas', 0, 0.01, 1.001, 'emas'),
(161, '2020-06-02', '01.00025', 'deposit', 88979, 0, 88979, 'uang'),
(162, '2020-06-02', '01.00055', 'simp. pokok & simp. wajib', 0.024, 0, 0.024, 'emas'),
(163, '2020-06-02', '01.00056', 'simp. pokok & simp. wajib', 0.024, 0, 0.024, 'emas'),
(164, '2020-06-02', '01.00057', 'simp. pokok & simp. wajib', 0.024, 0, 0.024, 'emas'),
(165, '2020-06-04', '01.00003', 'koreksi, batal deposit', 0, 250000, 66216, 'uang'),
(166, '2020-06-04', '01.00003', 'koreksi, batal deposit', 0, 20000, 46216, 'uang'),
(167, '2020-06-04', '01.00053', 'koreksi, batal deposit', 0, 144818, -144818, 'uang'),
(168, '2020-06-06', '01.00043', 'beli emas', 0.118, 0, 0.214, 'emas'),
(169, '2020-06-08', '01.00058', 'simp. pokok & simp. wajib', 0.025, 0, 0.025, 'emas'),
(170, '2020-06-08', '01.00059', 'simp. pokok & simp. wajib', 0.025, 0, 0.025, 'emas'),
(171, '2020-06-09', '01.00060', 'simp. pokok & simp. wajib', 0.025, 0, 0.025, 'emas'),
(172, '2020-06-12', '01.00053', 'deposit', 144818, 0, 0, 'uang'),
(173, '2020-06-13', '01.00042', 'deposit', 141642, 0, 141642, 'uang'),
(174, '2020-06-13', '01.00042', 'bayar beli emas 0.058 gr', 0, 50000, 91642, 'uang'),
(175, '2020-06-13', '01.00042', 'beli emas', 0.058, 0, 0.122, 'emas'),
(176, '2020-06-16', '01.00061', 'simp. pokok & simp. wajib', 0.025, 0, 0.025, 'emas'),
(177, '2020-06-16', '01.00025', 'deposit', 177959, 0, 266938, 'uang'),
(178, '2020-06-20', '01.00062', 'simp. pokok & simp. wajib', 0.025, 0, 0.025, 'emas'),
(180, '2020-06-24', '01.00051', 'beli emas', 6.948, 0, 6.97, 'emas'),
(181, '2020-06-23', '01.00051', 'ikut titipan emas ', 0, 6, 0.97, 'emas'),
(182, '2020-06-24', '01.00042', 'beli emas', 1.793, 0, 1.915, 'emas'),
(183, '2020-06-24', '01.00042', 'beli emas', 0.174, 0, 2.089, 'emas'),
(184, '2020-06-23', '01.00042', 'ikut titipan emas ', 0, 2, 0.089, 'emas'),
(185, '2020-06-23', '01.00052', 'ikut titipan emas ', 0, 2, 0.039, 'emas'),
(186, '2020-06-24', '01.00011', 'beli emas', 1.001, 0, 2.113, 'emas'),
(187, '2020-06-24', '01.00011', 'beli emas', 1.001, 0, 3.114, 'emas'),
(188, '2020-06-23', '01.00011', 'ikut titipan emas ', 0, 2, 1.114, 'emas'),
(189, '2020-06-24', '01.00053', 'beli emas', 6.022, 0, 6.045, 'emas'),
(190, '2020-06-23', '01.00053', 'ikut titipan emas ', 0, 6, 0.045, 'emas'),
(191, '2020-06-24', '01.00025', 'beli emas', 10.005, 0, 10.035, 'emas'),
(192, '2020-06-23', '01.00025', 'ikut titipan emas ', 0, 10, 0.035, 'emas'),
(193, '2020-06-24', '01.00003', 'beli emas', 1.158, 0, 2.159, 'emas'),
(194, '2020-06-23', '01.00003', 'ikut titipan emas ', 0, 2, 0.159, 'emas'),
(195, '2020-06-24', '01.00003', 'beli emas', 2.001, 0, 2.16, 'emas'),
(196, '2020-06-23', '01.00003', 'ikut titipan emas ', 0, 2, 0.16, 'emas'),
(197, '2020-06-23', '01.00001', 'ikut titipan emas ', 0, 4, 95.299, 'emas'),
(198, '2020-06-24', '01.00009', 'beli emas', 1.158, 0, 3.437, 'emas'),
(199, '2020-06-23', '01.00009', 'ikut titipan emas ', 0, 2, 1.437, 'emas'),
(200, '2020-06-24', '01.00027', 'beli emas', 12.043, 0, 12.073, 'emas'),
(201, '2020-06-23', '01.00027', 'ikut titipan emas ', 0, 12, 0.073, 'emas'),
(202, '2020-06-24', '01.00062', 'beli emas', 2.001, 0, 2.026, 'emas'),
(203, '2020-06-23', '01.00062', 'ikut titipan emas ', 0, 2, 0.026, 'emas'),
(204, '2020-06-24', '01.00023', 'beli emas', 2.001, 0, 2.031, 'emas'),
(205, '2020-06-23', '01.00023', 'ikut titipan emas ', 0, 2, 0.031, 'emas'),
(206, '2020-06-24', '01.00011', 'beli emas', 12.043, 0, 13.157, 'emas'),
(207, '2020-06-23', '01.00011', 'ikut titipan emas ', 0, 12, 1.157, 'emas'),
(208, '2020-06-24', '01.00063', 'simp. pokok & simp. wajib', 0.024, 0, 0.024, 'emas'),
(209, '2020-06-25', '01.00064', 'simp. pokok & simp. wajib', 0.024, 0, 0.024, 'emas'),
(210, '2020-06-25', '01.00063', 'beli emas', 2.308, 0, 2.332, 'emas'),
(211, '2020-06-25', '01.00063', 'ikut titipan emas ', 0, 2, 0.332, 'emas'),
(212, '2020-06-27', '01.00003', 'bayar beli emas 0.053 gr', 0, 46216, 0, 'uang'),
(213, '2020-06-27', '01.00003', 'beli emas', 0.053, 0, 0.213, 'emas'),
(214, '2020-06-29', '01.00065', 'simp. pokok & simp. wajib', 0.024, 0, 0.024, 'emas'),
(215, '2020-06-29', '01.00065', 'beli emas', 70, 0, 70.024, 'emas'),
(216, '2020-06-29', '01.00065', 'ikut titipan emas ', 0, 70, 0.024, 'emas'),
(217, '2020-06-29', '01.00027', 'beli emas', 70, 0, 70.073, 'emas'),
(218, '2020-06-29', '01.00027', 'ikut titipan emas ', 0, 70, 0.073, 'emas'),
(219, '2020-07-03', '01.00028', 'beli emas', 47.266, 0, 50.306, 'emas'),
(220, '2020-07-03', '01.00028', 'ikut titipan emas ', 0, 50, 0.306, 'emas'),
(221, '2020-07-13', '01.00066', 'simp. pokok & simp. wajib', 0.023, 0, 0.023, 'emas'),
(222, '2020-07-14', '01.00066', 'beli emas', 166.129, 0, 166.152, 'emas'),
(223, '2020-07-14', '01.00066', 'ikut titipan emas ', 0, 100, 66.152, 'emas'),
(224, '2020-07-14', '01.00066', 'ikut titipan emas ', 0, 66, 0.152, 'emas'),
(225, '2020-07-17', '01.00011', 'beli emas', 2, 0, 3.157, 'emas'),
(226, '2020-07-17', '01.00011', 'ikut titipan emas ', 0, 2, 1.157, 'emas'),
(227, '2020-07-19', '01.00067', 'simp. pokok & simp. wajib', 0.023, 0, 0.023, 'emas'),
(228, '2020-07-25', '01.00068', 'simp. pokok & simp. wajib', 0.022, 0, 0.022, 'emas'),
(229, '2020-07-27', '01.00042', 'bayar beli emas 0.011 gr', 0, 10000, 81642, 'uang'),
(230, '2020-07-27', '01.00042', 'beli emas', 0.011, 0, 0.1, 'emas'),
(231, '2020-07-27', '01.00069', 'simp. pokok & simp. wajib', 0.022, 0, 0.022, 'emas'),
(232, '2020-07-28', '01.00042', 'bayar beli emas 0.005 gr', 0, 5000, 76642, 'uang'),
(233, '2020-07-28', '01.00042', 'beli emas', 0.005, 0, 0.105, 'emas'),
(234, '2020-07-29', '01.00070', 'simp. pokok & simp. wajib', 0.021, 0, 0.021, 'emas'),
(235, '2020-07-30', '01.00003', 'trf. dari ID 01.00003 ', 0.07, 0, 0.283, 'emas'),
(236, '2020-07-30', '01.00003', 'transfer emas ke  01.00003', 0, 0.07, 0.213, 'emas'),
(237, '2020-07-30', '01.00007', 'trf. dari ID 01.00003 ', 0.07, 0, 0.14, 'emas'),
(238, '2020-07-30', '01.00003', 'transfer emas ke  01.00007', 0, 0.07, 0.143, 'emas'),
(239, '2020-08-01', '01.00069', 'deposit', 50000, 0, 50000, 'uang'),
(240, '2020-08-03', '01.00023', 'deposit', 12764, 0, 12764, 'uang'),
(241, '2020-08-03', '01.00062', 'deposit', 12764, 0, 12764, 'uang'),
(242, '2020-08-03', '01.00027', 'deposit', 76585, 0, 76585, 'uang'),
(243, '2020-08-03', '01.00009', 'deposit', 48956, 0, 48956, 'uang'),
(244, '2020-08-03', '01.00001', 'deposit', 140587, 0, 5140590, 'uang'),
(245, '2020-08-03', '01.00003', 'deposit', 140587, 0, 140587, 'uang'),
(246, '2020-08-03', '01.00025', 'deposit', 173510, 0, 440448, 'uang'),
(247, '2020-08-03', '01.00053', 'deposit', 138674, 0, 138674, 'uang'),
(248, '2020-08-03', '01.00053', 'deposit', 71008, 0, 209682, 'uang'),
(249, '2020-08-03', '01.00052', 'deposit', 70573, 0, 70573, 'uang'),
(250, '2020-08-03', '01.00042', 'deposit', 70573, 0, 147215, 'uang'),
(251, '2020-08-03', '01.00052', 'deposit', 100946, 0, 171519, 'uang'),
(252, '2020-08-03', '01.00052', 'deposit', 44666, 0, 216185, 'uang'),
(253, '2020-08-03', '01.00071', 'simp. pokok & simp. wajib', 0.021, 0, 0.021, 'emas'),
(254, '2020-08-03', '01.00051', 'profit titipan emas periode 07 2020', 108079, 0, 108079, 'uang'),
(255, '2020-08-03', '01.00051', 'trf. profit titipan emas ke BCA 2465191960 Sudarto', 0, 98079, 0, 'uang'),
(256, '2020-08-03', '01.00051', 'potongan biaya admin', 0, 10000, 0, 'uang'),
(257, '2020-08-03', '01.00051', 'profit titipan emas periode 07 2020', 108079, 0, 108079, 'uang'),
(258, '2020-08-03', '01.00051', 'trf. profit titipan emas ke BCA 2465191960 Sudarto', 0, 98079, 0, 'uang'),
(259, '2020-08-03', '01.00051', 'potongan biaya admin', 0, 10000, 0, 'uang'),
(260, '2020-08-03', '01.00051', 'profit titipan emas periode 07 2020', 108079, 0, 108079, 'uang'),
(261, '2020-08-03', '01.00051', 'trf. profit titipan emas ke BCA 2465191960 Sudarto', 0, 98079, 0, 'uang'),
(262, '2020-08-03', '01.00051', 'potongan biaya admin', 0, 10000, 0, 'uang'),
(263, '2020-08-03', '01.00051', 'profit titipan emas periode 07 2020', 108079, 0, 108079, 'uang'),
(264, '2020-08-03', '01.00051', 'trf. profit titipan emas ke BCA 2465191960 Sudarto', 0, 98079, 0, 'uang'),
(265, '2020-08-03', '01.00051', 'potongan biaya admin', 0, 10000, 0, 'uang'),
(266, '2020-08-03', '01.00042', 'profit titipan emas periode 07 2020', 36626, 0, 183841, 'uang'),
(267, '2020-08-03', '01.00052', 'profit titipan emas periode 07 2020', 36626, 0, 252811, 'uang'),
(268, '2020-08-03', '01.00011', 'profit titipan emas periode 07 2020', 37452, 0, 37452, 'uang'),
(269, '2020-08-03', '01.00053', 'profit titipan emas periode 07 2020', 36852, 0, 246534, 'uang'),
(270, '2020-08-03', '01.00053', 'profit titipan emas periode 07 2020', 71970, 0, 318504, 'uang'),
(271, '2020-08-03', '01.00025', 'profit titipan emas periode 07 2020', 182408, 0, 622856, 'uang'),
(272, '2020-08-03', '01.00025', 'trf. profit titipan emas ke Bank Jateng 3021211841 Amelia Nadia Rahma', 0, 172408, 440448, 'uang'),
(273, '2020-08-03', '01.00025', 'potongan biaya admin', 0, 10000, 440448, 'uang'),
(274, '2020-08-03', '01.00003', 'profit titipan emas periode 07 2020', 36482, 0, 177069, 'uang'),
(275, '2020-08-03', '01.00003', 'profit titipan emas periode 07 2020', 36482, 0, 213551, 'uang'),
(276, '2020-08-03', '01.00001', 'profit titipan emas periode 07 2020', 72963, 0, 5213550, 'uang'),
(277, '2020-08-03', '01.00009', 'profit titipan emas periode 07 2020', 34020, 0, 82976, 'uang'),
(278, '2020-08-03', '01.00027', 'profit titipan emas periode 07 2020', 209333, 0, 285918, 'uang'),
(279, '2020-08-03', '01.00027', 'trf. profit titipan emas ke BTPN 04081000158 Sri susanti', 0, 199333, 76585, 'uang'),
(280, '2020-08-03', '01.00027', 'potongan biaya admin', 0, 10000, 76585, 'uang'),
(281, '2020-08-03', '01.00062', 'profit titipan emas periode 07 2020', 34889, 0, 47653, 'uang'),
(282, '2020-08-03', '01.00023', 'profit titipan emas periode 07 2020', 34889, 0, 47653, 'uang'),
(283, '2020-08-03', '01.00011', 'profit titipan emas periode 07 2020', 209333, 0, 246785, 'uang'),
(284, '2020-08-03', '01.00011', 'trf. profit titipan emas ke BCA  0130639798 Ummy Mubarokah', 0, 199333, 37452, 'uang'),
(285, '2020-08-03', '01.00011', 'potongan biaya admin', 0, 10000, 37452, 'uang'),
(286, '2020-08-03', '01.00063', 'profit titipan emas periode 07 2020', 35530, 0, 35530, 'uang'),
(287, '2020-08-03', '01.00065', 'profit titipan emas periode 07 2020', 1249340, 0, 1249340, 'uang'),
(288, '2020-08-03', '01.00065', 'trf. profit titipan emas ke BTPN 04081000158 SRI SUSANTI', 0, 1239340, 0, 'uang'),
(289, '2020-08-03', '01.00065', 'potongan biaya admin', 0, 10000, 0, 'uang'),
(290, '2020-08-03', '01.00027', 'profit titipan emas periode 07 2020', 1249340, 0, 1325930, 'uang'),
(291, '2020-08-03', '01.00027', 'trf. profit titipan emas ke BTPN 04081000158 Sri susanti', 0, 1239340, 76586, 'uang'),
(292, '2020-08-03', '01.00027', 'potongan biaya admin', 0, 10000, 76586, 'uang'),
(293, '2020-08-03', '01.00028', 'profit titipan emas periode 07 2020', 912039, 0, 912040, 'uang'),
(294, '2020-08-03', '01.00028', 'trf. profit titipan emas ke BRI  3405  -   01-    016327 -  53 -  8 Ari  wuryantini  ', 0, 902039, 1, 'uang'),
(295, '2020-08-03', '01.00028', 'potongan biaya admin', 0, 10000, 1, 'uang'),
(296, '2020-08-03', '01.00066', 'profit titipan emas periode 07 2020', 632038, 0, 632038, 'uang'),
(297, '2020-08-03', '01.00066', 'trf. profit titipan emas ke BCA 0091324902 Aditya Cipta P', 0, 622038, 0, 'uang'),
(298, '2020-08-03', '01.00066', 'potongan biaya admin', 0, 10000, 0, 'uang'),
(299, '2020-08-03', '01.00066', 'profit titipan emas periode 07 2020', 417145, 0, 417145, 'uang'),
(300, '2020-08-03', '01.00066', 'trf. profit titipan emas ke BCA 0091324902 Aditya Cipta P', 0, 407145, 0, 'uang'),
(301, '2020-08-03', '01.00066', 'potongan biaya admin', 0, 10000, 0, 'uang'),
(302, '2020-08-03', '01.00011', 'profit titipan emas periode 07 2020', 12782, 0, 50234, 'uang'),
(303, '2020-08-03', '01.00066', 'deposit', 622038, 0, 622038, 'uang'),
(304, '2020-08-03', '01.00066', 'deposit', 407145, 0, 1029180, 'uang'),
(305, '2020-08-03', '01.00071', 'beli emas', 50, 0, 50.021, 'emas'),
(306, '2020-08-04', '01.00071', 'ikut titipan emas ', 0, 50, 0.021, 'emas'),
(307, '2020-08-04', '01.00072', 'simp. pokok & simp. wajib', 0.021, 0, 0.021, 'emas'),
(308, '2020-08-05', '01.00072', 'beli emas', 0.5, 0, 0.521, 'emas'),
(309, '2020-08-05', '01.00073', 'simp. pokok & simp. wajib', 0.021, 0, 0.021, 'emas'),
(310, '2020-08-05', '01.00074', 'simp. pokok & simp. wajib', 0.021, 0, 0.021, 'emas'),
(311, '2020-08-08', '01.00075', 'simp. pokok & simp. wajib', 0.02, 0, 0.02, 'emas'),
(313, '2020-08-08', '01.00075', 'beli emas', 0.097, 0, 0.117, 'emas'),
(314, '2020-08-12', '01.00076', 'simp. pokok & simp. wajib', 0.021, 0, 0.021, 'emas'),
(315, '2020-08-17', '01.00077', 'simp. pokok & simp. wajib', 0.021, 0, 0.021, 'emas'),
(316, '2020-08-18', '01.00078', 'simp. pokok & simp. wajib', 0.021, 0, 0.021, 'emas'),
(317, '2020-08-19', '01.00076', 'beli emas', 0.029, 0, 0.05, 'emas'),
(318, '2020-08-20', '01.00079', 'simp. pokok & simp. wajib', 0.021, 0, 0.021, 'emas'),
(319, '2020-08-20', '01.00076', 'beli emas', 0.049, 0, 0.099, 'emas'),
(320, '2020-08-20', '01.00080', 'simp. pokok & simp. wajib', 0.021, 0, 0.021, 'emas'),
(321, '2020-08-22', '01.00081', 'simp. pokok & simp. wajib', 0.021, 0, 0.021, 'emas'),
(322, '2020-08-22', '01.00082', 'simp. pokok & simp. wajib', 0.021, 0, 0.021, 'emas'),
(323, '2020-08-25', '01.00083', 'simp. pokok & simp. wajib', 0.021, 0, 0.021, 'emas'),
(324, '2020-08-25', '01.00083', 'beli emas', 2.026, 0, 2.047, 'emas'),
(325, '2020-08-25', '01.00083', 'ikut titipan emas ', 0, 2, 0.047, 'emas'),
(326, '2020-08-25', '01.00084', 'simp. pokok & simp. wajib', 0.021, 0, 0.021, 'emas'),
(327, '2020-08-27', '01.00085', 'simp. pokok & simp. wajib', 0.022, 0, 0.022, 'emas'),
(328, '2020-08-27', '01.00055', 'beli emas', 0.103, 0, 0.127, 'emas'),
(329, '2020-08-27', '01.00086', 'simp. pokok & simp. wajib', 0.022, 0, 0.022, 'emas'),
(330, '2020-08-28', '01.00087', 'simp. pokok & simp. wajib', 0.021, 0, 0.021, 'emas'),
(331, '2020-08-28', '01.00088', 'simp. pokok & simp. wajib', 0.021, 0, 0.021, 'emas'),
(332, '2020-08-28', '01.00088', 'beli emas', 0.509, 0, 0.53, 'emas'),
(333, '2020-08-28', '01.00076', 'beli emas', 0.025, 0, 0.124, 'emas'),
(334, '2020-08-28', '01.00076', 'beli emas', 0.02, 0, 0.144, 'emas'),
(335, '2020-08-28', '01.00069', 'bayar beli emas 0.041 gr', 0, 40000, 10000, 'uang'),
(336, '2020-08-28', '01.00069', 'beli emas', 0.041, 0, 0.063, 'emas'),
(337, '2020-08-28', '01.00084', 'beli emas', 0.204, 0, 0.225, 'emas'),
(338, '2020-08-28', '01.00073', 'beli emas', 0.102, 0, 0.123, 'emas'),
(339, '2020-08-31', '01.00088', 'beli emas', 1.534, 0, 2.064, 'emas'),
(340, '2020-08-31', '01.00088', 'ikut titipan emas ', 0, 2, 0.064, 'emas'),
(341, '2020-09-02', '01.00089', 'simp. pokok & simp. wajib', 0.021, 0, 0.021, 'emas'),
(342, '2020-09-02', '01.00090', 'simp. pokok & simp. wajib', 0.021, 0, 0.021, 'emas'),
(343, '2020-09-03', '01.00091', 'simp. pokok & simp. wajib', 0.021, 0, 0.021, 'emas'),
(344, '2020-09-04', '01.00009', 'beli emas', 2, 0, 3.437, 'emas'),
(345, '2020-09-04', '01.00009', 'ikut titipan emas ', 0, 2, 1.437, 'emas'),
(346, '2020-09-04', '01.00092', 'simp. pokok & simp. wajib', 0.021, 0, 0.021, 'emas'),
(347, '2020-09-04', '01.00051', 'profit titipan emas periode 08 2020', 94899, 0, 94899, 'uang'),
(348, '2020-09-04', '01.00042', 'profit titipan emas periode 08 2020', 32160, 0, 216001, 'uang'),
(349, '2020-09-04', '01.00052', 'profit titipan emas periode 08 2020', 32160, 0, 284971, 'uang'),
(350, '2020-09-04', '01.00011', 'profit titipan emas periode 08 2020', 32885, 0, 83119, 'uang'),
(351, '2020-09-04', '01.00053', 'profit titipan emas periode 08 2020', 32358, 0, 350862, 'uang'),
(352, '2020-09-04', '01.00053', 'profit titipan emas periode 08 2020', 63193, 0, 414055, 'uang'),
(353, '2020-09-04', '01.00025', 'profit titipan emas periode 08 2020', 160163, 0, 600611, 'uang'),
(354, '2020-09-04', '01.00025', 'trf. profit titipan emas ke Bank Jateng 3021211841 Amelia Nadia Rahma', 0, 150163, 440448, 'uang'),
(355, '2020-09-04', '01.00025', 'potongan biaya admin', 0, 10000, 440448, 'uang'),
(356, '2020-09-04', '01.00003', 'profit titipan emas periode 08 2020', 32033, 0, 245584, 'uang'),
(357, '2020-09-04', '01.00003', 'profit titipan emas periode 08 2020', 32033, 0, 277617, 'uang'),
(358, '2020-09-04', '01.00001', 'profit titipan emas periode 08 2020', 64065, 0, 5277620, 'uang'),
(359, '2020-09-04', '01.00009', 'profit titipan emas periode 08 2020', 29871, 0, 112847, 'uang'),
(360, '2020-09-04', '01.00027', 'profit titipan emas periode 08 2020', 183805, 0, 260391, 'uang'),
(361, '2020-09-04', '01.00027', 'trf. profit titipan emas ke BTPN 0408.1.000168 Sri susanti', 0, 173805, 76586, 'uang'),
(362, '2020-09-04', '01.00027', 'potongan biaya admin', 0, 10000, 76586, 'uang'),
(363, '2020-09-04', '01.00062', 'profit titipan emas periode 08 2020', 30634, 0, 78287, 'uang'),
(364, '2020-09-04', '01.00023', 'profit titipan emas periode 08 2020', 30634, 0, 78287, 'uang'),
(365, '2020-09-04', '01.00011', 'profit titipan emas periode 08 2020', 183805, 0, 266924, 'uang'),
(366, '2020-09-04', '01.00011', 'trf. profit titipan emas ke BCA  0130639798 Ummy Mubarokah', 0, 173805, 83119, 'uang'),
(367, '2020-09-04', '01.00011', 'potongan biaya admin', 0, 10000, 83119, 'uang'),
(368, '2020-09-04', '01.00063', 'profit titipan emas periode 08 2020', 31197, 0, 66727, 'uang'),
(369, '2020-09-04', '01.00065', 'profit titipan emas periode 08 2020', 1096980, 0, 1096980, 'uang'),
(370, '2020-09-04', '01.00065', 'trf. profit titipan emas ke BTPN 04081000168 SRI SUSANTI', 0, 1086980, 0, 'uang'),
(371, '2020-09-04', '01.00065', 'potongan biaya admin', 0, 10000, 0, 'uang'),
(372, '2020-09-04', '01.00027', 'profit titipan emas periode 08 2020', 1096980, 0, 1173570, 'uang'),
(373, '2020-09-04', '01.00027', 'trf. profit titipan emas ke BTPN 0408.1.000168 Sri susanti', 0, 1086980, 76585, 'uang'),
(374, '2020-09-04', '01.00027', 'potongan biaya admin', 0, 10000, 76585, 'uang'),
(375, '2020-09-04', '01.00028', 'profit titipan emas periode 08 2020', 800815, 0, 800816, 'uang'),
(376, '2020-09-04', '01.00028', 'trf. profit titipan emas ke BRI  3405  -   01-    016327 -  53 -  8 Ari  wuryantini  ', 0, 790815, 1, 'uang'),
(377, '2020-09-04', '01.00028', 'potongan biaya admin', 0, 10000, 1, 'uang'),
(378, '2020-09-04', '01.00066', 'profit titipan emas periode 08 2020', 1625240, 0, 2654420, 'uang'),
(379, '2020-09-04', '01.00066', 'trf. profit titipan emas ke BCA 0091324902 Aditya Cipta P', 0, 1615240, 1029180, 'uang'),
(380, '2020-09-04', '01.00066', 'potongan biaya admin', 0, 10000, 1029180, 'uang'),
(381, '2020-09-04', '01.00066', 'profit titipan emas periode 08 2020', 1072660, 0, 2101840, 'uang'),
(382, '2020-09-04', '01.00066', 'trf. profit titipan emas ke BCA 0091324902 Aditya Cipta P', 0, 1062660, 1029180, 'uang'),
(383, '2020-09-04', '01.00066', 'potongan biaya admin', 0, 10000, 1029180, 'uang'),
(384, '2020-09-04', '01.00011', 'profit titipan emas periode 08 2020', 32868, 0, 115987, 'uang'),
(385, '2020-09-04', '01.00071', 'profit titipan emas periode 08 2020', 625725, 0, 625725, 'uang'),
(386, '2020-09-04', '01.00071', 'trf. profit titipan emas ke BNI 0728242081 Adyatma Gusti Pandya', 0, 615725, 0, 'uang'),
(387, '2020-09-04', '01.00071', 'potongan biaya admin', 0, 10000, 0, 'uang'),
(388, '2020-09-04', '01.00083', 'profit titipan emas periode 08 2020', 4595, 0, 4595, 'uang'),
(389, '2020-09-04', '01.00051', 'profit titipan emas periode 08 2020', 94899, 0, 189798, 'uang'),
(390, '2020-09-04', '01.00042', 'profit titipan emas periode 08 2020', 32160, 0, 248161, 'uang'),
(391, '2020-09-04', '01.00052', 'profit titipan emas periode 08 2020', 32160, 0, 317131, 'uang'),
(392, '2020-09-04', '01.00011', 'profit titipan emas periode 08 2020', 32885, 0, 148872, 'uang'),
(393, '2020-09-04', '01.00053', 'profit titipan emas periode 08 2020', 32358, 0, 446413, 'uang'),
(394, '2020-09-04', '01.00053', 'profit titipan emas periode 08 2020', 63193, 0, 509606, 'uang'),
(395, '2020-09-04', '01.00025', 'profit titipan emas periode 08 2020', 160163, 0, 600611, 'uang'),
(396, '2020-09-04', '01.00025', 'trf. profit titipan emas ke Bank Jateng 3021211841 Amelia Nadia Rahma', 0, 150163, 440448, 'uang'),
(397, '2020-09-04', '01.00025', 'potongan biaya admin', 0, 10000, 440448, 'uang'),
(398, '2020-09-04', '01.00003', 'profit titipan emas periode 08 2020', 32033, 0, 309650, 'uang'),
(399, '2020-09-04', '01.00003', 'profit titipan emas periode 08 2020', 32033, 0, 341683, 'uang'),
(400, '2020-09-04', '01.00001', 'profit titipan emas periode 08 2020', 64065, 0, 5341680, 'uang'),
(401, '2020-09-04', '01.00009', 'profit titipan emas periode 08 2020', 29871, 0, 142718, 'uang'),
(402, '2020-09-04', '01.00027', 'profit titipan emas periode 08 2020', 183805, 0, 260390, 'uang'),
(403, '2020-09-04', '01.00027', 'trf. profit titipan emas ke BTPN 0408.1.000168 Sri susanti', 0, 173805, 76585, 'uang'),
(404, '2020-09-04', '01.00027', 'potongan biaya admin', 0, 10000, 76585, 'uang'),
(405, '2020-09-04', '01.00062', 'profit titipan emas periode 08 2020', 30634, 0, 108921, 'uang'),
(406, '2020-09-04', '01.00023', 'profit titipan emas periode 08 2020', 30634, 0, 108921, 'uang'),
(407, '2020-09-04', '01.00011', 'profit titipan emas periode 08 2020', 183805, 0, 332677, 'uang'),
(408, '2020-09-04', '01.00011', 'trf. profit titipan emas ke BCA  0130639798 Ummy Mubarokah', 0, 173805, 148872, 'uang'),
(409, '2020-09-04', '01.00011', 'potongan biaya admin', 0, 10000, 148872, 'uang'),
(410, '2020-09-04', '01.00063', 'profit titipan emas periode 08 2020', 31197, 0, 97924, 'uang'),
(411, '2020-09-04', '01.00065', 'profit titipan emas periode 08 2020', 1096980, 0, 1096980, 'uang'),
(412, '2020-09-04', '01.00065', 'trf. profit titipan emas ke BTPN 04081000168 SRI SUSANTI', 0, 1086980, 0, 'uang'),
(413, '2020-09-04', '01.00065', 'potongan biaya admin', 0, 10000, 0, 'uang'),
(414, '2020-09-04', '01.00027', 'profit titipan emas periode 08 2020', 1096980, 0, 1173570, 'uang'),
(415, '2020-09-04', '01.00027', 'trf. profit titipan emas ke BTPN 0408.1.000168 Sri susanti', 0, 1086980, 76585, 'uang'),
(416, '2020-09-04', '01.00027', 'potongan biaya admin', 0, 10000, 76585, 'uang'),
(417, '2020-09-04', '01.00028', 'profit titipan emas periode 08 2020', 800815, 0, 800816, 'uang'),
(418, '2020-09-04', '01.00028', 'trf. profit titipan emas ke BRI  3405  -   01-    016327 -  53 -  8 Ari  wuryantini  ', 0, 790815, 1, 'uang'),
(419, '2020-09-04', '01.00028', 'potongan biaya admin', 0, 10000, 1, 'uang'),
(420, '2020-09-04', '01.00066', 'profit titipan emas periode 08 2020', 1625240, 0, 2654420, 'uang'),
(421, '2020-09-04', '01.00066', 'trf. profit titipan emas ke BCA 0091324902 Aditya Cipta P', 0, 1615240, 1029180, 'uang'),
(422, '2020-09-04', '01.00066', 'potongan biaya admin', 0, 10000, 1029180, 'uang'),
(423, '2020-09-04', '01.00066', 'profit titipan emas periode 08 2020', 1072660, 0, 2101840, 'uang'),
(424, '2020-09-04', '01.00066', 'trf. profit titipan emas ke BCA 0091324902 Aditya Cipta P', 0, 1062660, 1029180, 'uang'),
(425, '2020-09-04', '01.00066', 'potongan biaya admin', 0, 10000, 1029180, 'uang'),
(426, '2020-09-04', '01.00011', 'profit titipan emas periode 08 2020', 32868, 0, 181740, 'uang'),
(427, '2020-09-04', '01.00071', 'profit titipan emas periode 08 2020', 625725, 0, 625725, 'uang'),
(428, '2020-09-04', '01.00071', 'trf. profit titipan emas ke BNI 0728242081 Adyatma Gusti Pandya', 0, 615725, 0, 'uang'),
(429, '2020-09-04', '01.00071', 'potongan biaya admin', 0, 10000, 0, 'uang'),
(430, '2020-09-04', '01.00083', 'profit titipan emas periode 08 2020', 4595, 0, 9190, 'uang'),
(431, '2020-09-04', '01.00093', 'simp. pokok & simp. wajib', 0.021, 0, 0.021, 'emas'),
(432, '2020-09-04', '01.00094', 'simp. pokok & simp. wajib', 0.021, 0, 0.021, 'emas'),
(433, '2020-09-05', '01.00071', 'deposit', 1615240, 0, 1615240, 'uang'),
(434, '2020-09-05', '01.00071', 'deposit', 1062660, 0, 2677900, 'uang'),
(435, '2020-09-05', '01.00071', 'koreksi, batal deposit', 0, 1615240, 1062660, 'uang'),
(436, '2020-09-05', '01.00071', 'koreksi, batal deposit', 0, 1062660, 2, 'uang'),
(437, '2020-09-05', '01.00066', 'deposit', 1615240, 0, 2644420, 'uang'),
(438, '2020-09-05', '01.00066', 'deposit', 1062660, 0, 3707080, 'uang'),
(439, '2020-09-01', '01.00076', 'beli emas', 0.02, 0, 0.164, 'emas'),
(440, '2020-09-02', '01.00076', 'beli emas', 0.02, 0, 0.184, 'emas'),
(441, '2020-09-06', '01.00091', 'beli emas', 0.051, 0, 0.072, 'emas'),
(442, '2020-09-07', '01.00051', 'pengembalian titipan emas, berhenti ikut', 6, 0, 6.97, 'emas'),
(443, '2020-09-07', '01.00054', 'beli emas', 2.039, 0, 2.063, 'emas'),
(444, '2020-09-07', '01.00054', 'ikut titipan emas ', 0, 2, 0.063, 'emas'),
(445, '2020-09-07', '01.00051', 'ikut titipan emas ', 0, 6, 0.97, 'emas'),
(446, '2020-09-07', '01.00055', 'beli emas', 0.102, 0, 0.229, 'emas'),
(448, '2020-09-08', '01.00094', 'beli emas', 2.015, 0, 2.036, 'emas'),
(449, '2020-09-08', '01.00094', 'ikut titipan emas ', 0, 2, 0.036, 'emas'),
(450, '2020-09-09', '01.00042', 'Pengembalian saldo emas, berhenti titipan emas', 2, 0, 2.105, 'emas'),
(451, '2020-09-10', '01.00052', 'Pengembalian saldo emas, berhenti titipan emas', 2, 0, 2.039, 'emas'),
(452, '2020-09-11', '01.00042', 'ikut titipan emas ', 0, 2, 0.105, 'emas'),
(453, '2020-09-11', '01.00052', 'ikut titipan emas ', 0, 2, 0.039, 'emas'),
(454, '2020-09-12', '01.00095', 'simp. pokok & simp. wajib', 0.02, 0, 0.02, 'emas'),
(455, '2020-09-12', '01.00096', 'simp. pokok & simp. wajib', 0.02, 0, 0.02, 'emas'),
(456, '2020-09-13', '01.00060', 'beli emas', 1.009, 0, 1.034, 'emas'),
(457, '2020-09-14', '01.00097', 'simp. pokok & simp. wajib', 0.02, 0, 0.02, 'emas'),
(458, '2020-09-14', '01.00095', 'beli emas', 0.221, 0, 0.221, 'emas'),
(459, '2020-09-14', '01.00060', 'beli emas', 1, 0, 2.034, 'emas'),
(460, '2020-09-14', '01.00060', 'ikut titipan emas ', 0, 2, 0.034, 'emas'),
(461, '2020-09-17', '01.00098', 'simp. pokok & simp. wajib', 0.02, 0, 0.02, 'emas'),
(462, '2020-09-17', '01.00098', 'beli emas', 2.023, 0, 2.023, 'emas'),
(463, '2020-09-17', '01.00098', 'ikut titipan emas ', 0, 2, 0.023, 'emas'),
(464, '2020-09-18', '01.00003', 'bayar beli emas 0.329 gr', 0, 341000, 683, 'uang'),
(465, '2020-09-18', '01.00003', 'beli emas', 0.329, 0, 0.472, 'emas'),
(466, '2020-09-19', '01.00099', 'simp. pokok & simp. wajib', 0.02, 0, 0.02, 'emas'),
(467, '2020-09-21', '01.00095', 'beli emas', 0.729, 0, 0.95, 'emas'),
(468, '2020-09-22', '01.00008', 'beli emas', 0.02, 0, 0.02, 'emas'),
(469, '2020-09-22', '01.00008', 'beli emas', 2, 0, 2.02, 'emas'),
(470, '2020-09-22', '01.00008', 'ikut titipan emas ', 0, 2, 0.02, 'emas'),
(471, '2020-09-23', '01.00042', 'bayar beli emas 0.050 gr', 0, 50000, 198161, 'uang'),
(472, '2020-09-23', '01.00042', 'beli emas', 0.05, 0, 0.155, 'emas'),
(473, '2020-09-23', '01.00042', 'bayar beli emas 0.008 gr', 0, 8000, 190161, 'uang'),
(474, '2020-09-23', '01.00042', 'beli emas', 0.008, 0, 0.163, 'emas'),
(475, '2020-09-25', '01.00099', 'beli emas', 0.149, 0, 0.149, 'emas'),
(476, '2020-09-23', '01.00011', 'tarik wallet, trf. tgl 2020-09-25', 0, 170000, 11740, 'uang'),
(477, '2020-09-23', '01.00011', 'adm tarik wallet, trf. tgl 2020-09-25', 0, 10000, 11740, 'uang'),
(478, '2020-09-26', '01.00011', 'Pengembalian saldo emas, berhenti titipan emas', 2, 0, 3.157, 'emas'),
(479, '2020-09-27', '01.00100', 'simp. pokok & simp. wajib', 0.02, 0, 0.02, 'emas'),
(480, '2020-09-27', '01.00055', 'beli emas', 0.099, 0, 0.328, 'emas'),
(481, '2020-09-28', '01.00101', 'simp. pokok & simp. wajib', 0.02, 0, 0.02, 'emas'),
(482, '2020-09-28', '01.00102', 'simp. pokok & simp. wajib', 0.02, 0, 0.02, 'emas'),
(483, '2020-10-02', '01.00011', 'pencairan jual emas', 1808000, 0, 1819740, 'uang'),
(484, '2020-10-02', '01.00011', 'jual emas', 0, 2, 1.157, 'emas'),
(485, '2020-10-02', '01.00011', 'tarik wallet, trf. tgl 2020-10-03', 0, 1790000, 29740, 'uang'),
(486, '2020-10-02', '01.00011', 'adm tarik wallet, trf. tgl 2020-10-03', 0, 10000, 29740, 'uang'),
(487, '2020-10-07', '01.00042', 'profit titipan emas periode 09 2020', 4467, 0, 194628, 'uang'),
(488, '2020-10-07', '01.00052', 'profit titipan emas periode 09 2020', 4467, 0, 321598, 'uang'),
(489, '2020-10-07', '01.00011', 'profit titipan emas periode 09 2020', 13702, 0, 43442, 'uang'),
(490, '2020-10-07', '01.00053', 'profit titipan emas periode 09 2020', 17977, 0, 527583, 'uang'),
(491, '2020-10-07', '01.00053', 'profit titipan emas periode 09 2020', 35107, 0, 562690, 'uang'),
(492, '2020-10-07', '01.00025', 'profit titipan emas periode 09 2020', 88979, 0, 529427, 'uang'),
(493, '2020-10-07', '01.00003', 'profit titipan emas periode 09 2020', 17796, 0, 18479, 'uang'),
(494, '2020-10-07', '01.00003', 'profit titipan emas periode 09 2020', 17796, 0, 36275, 'uang'),
(495, '2020-10-07', '01.00001', 'profit titipan emas periode 09 2020', 35592, 0, 5377270, 'uang'),
(496, '2020-10-07', '01.00009', 'profit titipan emas periode 09 2020', 16595, 0, 159313, 'uang'),
(497, '2020-10-07', '01.00027', 'profit titipan emas periode 09 2020', 102114, 0, 178699, 'uang'),
(498, '2020-10-07', '01.00027', 'trf. profit titipan emas ke BTPN 0408.1.000168 Sri susanti', 0, 92114, 76585, 'uang'),
(499, '2020-10-07', '01.00027', 'potongan biaya admin', 0, 10000, 76585, 'uang'),
(500, '2020-10-07', '01.00062', 'profit titipan emas periode 09 2020', 17019, 0, 125940, 'uang'),
(501, '2020-10-07', '01.00023', 'profit titipan emas periode 09 2020', 17019, 0, 125940, 'uang'),
(502, '2020-10-07', '01.00011', 'profit titipan emas periode 09 2020', 102114, 0, 145556, 'uang'),
(503, '2020-10-07', '01.00011', 'trf. profit titipan emas ke BCA  0130639798 Ummy Mubarokah', 0, 92114, 43442, 'uang'),
(504, '2020-10-07', '01.00011', 'potongan biaya admin', 0, 10000, 43442, 'uang'),
(505, '2020-10-07', '01.00063', 'profit titipan emas periode 09 2020', 17332, 0, 115256, 'uang'),
(506, '2020-10-07', '01.00065', 'profit titipan emas periode 09 2020', 609436, 0, 609431, 'uang'),
(507, '2020-10-07', '01.00065', 'trf. profit titipan emas ke BTPN 04081000168 SRI SUSANTI', 0, 599436, 0, 'uang'),
(508, '2020-10-07', '01.00065', 'potongan biaya admin', 0, 10000, 0, 'uang'),
(509, '2020-10-07', '01.00027', 'profit titipan emas periode 09 2020', 609436, 0, 686021, 'uang'),
(510, '2020-10-07', '01.00027', 'trf. profit titipan emas ke BTPN 0408.1.000168 Sri susanti', 0, 599436, 76585, 'uang'),
(511, '2020-10-07', '01.00027', 'potongan biaya admin', 0, 10000, 76585, 'uang'),
(512, '2020-10-07', '01.00028', 'profit titipan emas periode 09 2020', 444897, 0, 444898, 'uang'),
(513, '2020-10-07', '01.00028', 'trf. profit titipan emas ke BRI  3405  -   01-    016327 -  53 -  8 Ari  wuryantini  ', 0, 434897, 1, 'uang'),
(514, '2020-10-07', '01.00028', 'potongan biaya admin', 0, 10000, 1, 'uang'),
(515, '2020-10-07', '01.00066', 'profit titipan emas periode 09 2020', 902911, 0, 4609990, 'uang'),
(516, '2020-10-07', '01.00066', 'trf. profit titipan emas ke BCA 0091324902 Aditya Cipta P', 0, 892911, 3707080, 'uang'),
(517, '2020-10-07', '01.00066', 'potongan biaya admin', 0, 10000, 3707080, 'uang'),
(518, '2020-10-07', '01.00066', 'profit titipan emas periode 09 2020', 595921, 0, 4303000, 'uang'),
(519, '2020-10-07', '01.00066', 'trf. profit titipan emas ke BCA 0091324902 Aditya Cipta P', 0, 585921, 3707080, 'uang'),
(520, '2020-10-07', '01.00066', 'potongan biaya admin', 0, 10000, 3707080, 'uang'),
(521, '2020-10-07', '01.00011', 'profit titipan emas periode 09 2020', 18260, 0, 61702, 'uang'),
(522, '2020-10-07', '01.00071', 'profit titipan emas periode 09 2020', 463500, 0, 463502, 'uang'),
(523, '2020-10-07', '01.00071', 'trf. profit titipan emas ke BNI 0728242081 Adyatma Gusti Pandya', 0, 453500, 2, 'uang'),
(524, '2020-10-07', '01.00071', 'potongan biaya admin', 0, 10000, 2, 'uang'),
(525, '2020-10-07', '01.00083', 'profit titipan emas periode 09 2020', 18380, 0, 27570, 'uang'),
(526, '2020-10-07', '01.00088', 'profit titipan emas periode 09 2020', 18200, 0, 18200, 'uang'),
(527, '2020-10-07', '01.00009', 'profit titipan emas periode 09 2020', 18460, 0, 177773, 'uang'),
(528, '2020-10-07', '01.00054', 'profit titipan emas periode 09 2020', 18420, 0, 18420, 'uang'),
(529, '2020-10-07', '01.00051', 'profit titipan emas periode 09 2020', 55260, 0, 245058, 'uang'),
(530, '2020-10-07', '01.00094', 'profit titipan emas periode 09 2020', 13800, 0, 13800, 'uang'),
(531, '2020-10-07', '01.00042', 'profit titipan emas periode 09 2020', 13905, 0, 208533, 'uang'),
(532, '2020-10-07', '01.00052', 'profit titipan emas periode 09 2020', 13905, 0, 335503, 'uang'),
(533, '2020-10-07', '01.00060', 'profit titipan emas periode 09 2020', 9290, 0, 9290, 'uang'),
(534, '2020-10-07', '01.00098', 'profit titipan emas periode 09 2020', 4660, 0, 4660, 'uang'),
(535, '2020-10-07', '01.00008', 'profit titipan emas periode 09 2020', 4630, 0, 4630, 'uang'),
(536, '2020-10-07', '01.00066', 'deposit', 892911, 0, 4599990, 'uang'),
(537, '2020-10-07', '01.00066', 'deposit', 585921, 0, 5185910, 'uang'),
(538, '2020-10-09', '01.00053', 'Pengembalian saldo emas, berhenti titipan emas', 2, 0, 2.045, 'emas'),
(539, '2020-10-10', '01.00103', 'simp. pokok & simp. wajib', 0.02, 0, 0.02, 'emas'),
(540, '2020-10-15', '01.00104', 'simp. pokok & simp. wajib', 0.02, 0, 0.02, 'emas'),
(541, '2020-10-15', '01.00054', 'beli emas', 2, 0, 2.063, 'emas'),
(542, '2020-10-15', '01.00054', 'ikut titipan emas ', 0, 2, 0.063, 'emas'),
(543, '2020-10-16', '01.00095', 'beli emas', 0.249, 0, 1.199, 'emas'),
(544, '2020-10-17', '01.00053', 'Pengembalian saldo emas, berhenti titipan emas', 4, 0, 6.045, 'emas'),
(545, '2020-10-19', '01.00053', 'ikut titipan emas ', 0, 6, 0.045, 'emas'),
(546, '2020-10-27', '01.00025', 'Pengembalian saldo emas, berhenti titipan emas', 10, 0, 10.035, 'emas'),
(547, '2020-10-27', '01.00003', 'Pengembalian saldo emas, berhenti titipan emas', 2, 0, 2.472, 'emas'),
(548, '2020-10-27', '01.00003', 'Pengembalian saldo emas, berhenti titipan emas', 2, 0, 4.472, 'emas'),
(549, '2020-10-28', '01.00025', 'ikut titipan emas ', 0, 10, 0.035, 'emas'),
(550, '2020-11-03', '01.00042', 'bayar beli emas 0.109 gr', 0, 108000, 100533, 'uang'),
(551, '2020-11-03', '01.00042', 'beli emas', 0.109, 0, 0.272, 'emas'),
(552, '2020-11-03', '01.00042', 'bayar beli emas 0.050 gr', 0, 50000, 50533, 'uang'),
(553, '2020-11-03', '01.00042', 'beli emas', 0.05, 0, 0.322, 'emas'),
(554, '2020-11-05', '01.00053', 'profit titipan emas periode 10 2020', 4494, 0, 567184, 'uang'),
(555, '2020-11-05', '01.00053', 'profit titipan emas periode 10 2020', 19309, 0, 586493, 'uang'),
(556, '2020-11-05', '01.00025', 'profit titipan emas periode 10 2020', 88979, 0, 618406, 'uang'),
(557, '2020-11-05', '01.00003', 'profit titipan emas periode 10 2020', 17796, 0, 54071, 'uang'),
(558, '2020-11-05', '01.00003', 'profit titipan emas periode 10 2020', 17796, 0, 71867, 'uang'),
(559, '2020-11-05', '01.00001', 'profit titipan emas periode 10 2020', 35592, 0, 5412860, 'uang'),
(560, '2020-11-05', '01.00009', 'profit titipan emas periode 10 2020', 16595, 0, 194368, 'uang'),
(561, '2020-11-05', '01.00027', 'profit titipan emas periode 10 2020', 102114, 0, 178699, 'uang'),
(562, '2020-11-05', '01.00027', 'trf. profit titipan emas ke BTPN 0408.1.000168 Sri susanti', 0, 92114, 76585, 'uang'),
(563, '2020-11-05', '01.00027', 'potongan biaya admin', 0, 10000, 76585, 'uang'),
(564, '2020-11-05', '01.00062', 'profit titipan emas periode 10 2020', 17019, 0, 142959, 'uang'),
(565, '2020-11-05', '01.00023', 'profit titipan emas periode 10 2020', 17019, 0, 142959, 'uang'),
(566, '2020-11-05', '01.00011', 'profit titipan emas periode 10 2020', 102114, 0, 163816, 'uang'),
(567, '2020-11-05', '01.00011', 'trf. profit titipan emas ke BCA  0130639798 Ummy Mubarokah', 0, 92114, 61702, 'uang'),
(568, '2020-11-05', '01.00011', 'potongan biaya admin', 0, 10000, 61702, 'uang'),
(569, '2020-11-05', '01.00063', 'profit titipan emas periode 10 2020', 17332, 0, 132588, 'uang'),
(570, '2020-11-05', '01.00065', 'profit titipan emas periode 10 2020', 609436, 0, 609431, 'uang'),
(571, '2020-11-05', '01.00065', 'trf. profit titipan emas ke BTPN 04081000168 SRI SUSANTI', 0, 599436, 0, 'uang'),
(572, '2020-11-05', '01.00065', 'potongan biaya admin', 0, 10000, 0, 'uang'),
(573, '2020-11-05', '01.00027', 'profit titipan emas periode 10 2020', 609436, 0, 686021, 'uang'),
(574, '2020-11-05', '01.00027', 'trf. profit titipan emas ke BTPN 0408.1.000168 Sri susanti', 0, 599436, 76585, 'uang'),
(575, '2020-11-05', '01.00027', 'potongan biaya admin', 0, 10000, 76585, 'uang'),
(576, '2020-11-05', '01.00028', 'profit titipan emas periode 10 2020', 444897, 0, 444898, 'uang'),
(577, '2020-11-05', '01.00028', 'trf. profit titipan emas ke BRI  3405  -   01-    016327 -  53 -  8 Ari  wuryantini  ', 0, 434897, 1, 'uang'),
(578, '2020-11-05', '01.00028', 'potongan biaya admin', 0, 10000, 1, 'uang'),
(579, '2020-11-05', '01.00066', 'profit titipan emas periode 10 2020', 902911, 0, 6088820, 'uang'),
(580, '2020-11-05', '01.00066', 'trf. profit titipan emas ke BCA 0091324902 Aditya Cipta P', 0, 892911, 5185910, 'uang'),
(581, '2020-11-05', '01.00066', 'potongan biaya admin', 0, 10000, 5185910, 'uang'),
(582, '2020-11-05', '01.00066', 'profit titipan emas periode 10 2020', 595921, 0, 5781830, 'uang'),
(583, '2020-11-05', '01.00066', 'trf. profit titipan emas ke BCA 0091324902 Aditya Cipta P', 0, 585921, 5185910, 'uang'),
(584, '2020-11-05', '01.00066', 'potongan biaya admin', 0, 10000, 5185910, 'uang'),
(585, '2020-11-05', '01.00011', 'profit titipan emas periode 10 2020', 18260, 0, 79962, 'uang'),
(586, '2020-11-05', '01.00071', 'profit titipan emas periode 10 2020', 463500, 0, 463502, 'uang'),
(587, '2020-11-05', '01.00071', 'trf. profit titipan emas ke BNI 0728242081 Adyatma Gusti Pandya', 0, 453500, 2, 'uang'),
(588, '2020-11-05', '01.00071', 'potongan biaya admin', 0, 10000, 2, 'uang'),
(589, '2020-11-05', '01.00083', 'profit titipan emas periode 10 2020', 18380, 0, 45950, 'uang'),
(590, '2020-11-05', '01.00088', 'profit titipan emas periode 10 2020', 18200, 0, 36400, 'uang'),
(591, '2020-11-05', '01.00009', 'profit titipan emas periode 10 2020', 18460, 0, 212828, 'uang');
INSERT INTO `tb_transaksi` (`id`, `tgl`, `idted`, `uraian`, `masuk`, `keluar`, `saldo`, `jenis`) VALUES
(592, '2020-11-05', '01.00054', 'profit titipan emas periode 10 2020', 18420, 0, 36840, 'uang'),
(593, '2020-11-05', '01.00051', 'profit titipan emas periode 10 2020', 55260, 0, 300318, 'uang'),
(594, '2020-11-05', '01.00094', 'profit titipan emas periode 10 2020', 18400, 0, 32200, 'uang'),
(595, '2020-11-05', '01.00042', 'profit titipan emas periode 10 2020', 18540, 0, 69073, 'uang'),
(596, '2020-11-05', '01.00052', 'profit titipan emas periode 10 2020', 18540, 0, 354043, 'uang'),
(597, '2020-11-05', '01.00060', 'profit titipan emas periode 10 2020', 18580, 0, 27870, 'uang'),
(598, '2020-11-05', '01.00098', 'profit titipan emas periode 10 2020', 18640, 0, 23300, 'uang'),
(599, '2020-11-05', '01.00008', 'profit titipan emas periode 10 2020', 18520, 0, 23150, 'uang'),
(600, '2020-11-05', '01.00054', 'profit titipan emas periode 10 2020', 4500, 0, 41340, 'uang'),
(601, '2020-11-05', '01.00053', 'profit titipan emas periode 10 2020', 13560, 0, 600053, 'uang'),
(602, '2020-11-05', '01.00066', 'deposit', 892911, 0, 6078820, 'uang'),
(603, '2020-11-05', '01.00066', 'deposit', 585921, 0, 6664740, 'uang'),
(604, '2020-11-10', '01.00033', 'deposit', 8535, 0, 9194, 'uang'),
(605, '2020-11-11', '01.00095', 'beli emas', 0.104, 0, 1.303, 'emas'),
(606, '2020-11-15', '01.00003', 'widraw reward referal', 792500, 0, 864367, 'uang'),
(607, '2020-11-17', '01.00032', 'trf. dari ID 01.00003 ', 1, 0, 1.782, 'emas'),
(608, '2020-11-17', '01.00003', 'transfer emas ke  01.00032', 0, 1, 3.472, 'emas'),
(609, '2020-11-23', '01.00095', 'pencairan jual emas', 399500, 0, 399500, 'uang'),
(610, '2020-11-23', '01.00095', 'jual emas', 0, 0.47, 0.833, 'emas'),
(611, '2020-11-23', '01.00095', 'tarik wallet, trf. tgl 2020-11-23', 0, 379500, 20000, 'uang'),
(612, '2020-11-23', '01.00095', 'adm tarik wallet, trf. tgl 2020-11-23', 0, 10000, 20000, 'uang'),
(613, '2020-11-28', '01.00095', 'pencairan jual emas', 413000, 0, 433000, 'uang'),
(614, '2020-11-28', '01.00095', 'jual emas', 0, 0.5, 0.333, 'emas'),
(615, '2020-11-29', '01.00105', 'simp. pokok & simp. wajib', 0.02, 0, 0.02, 'emas'),
(616, '2020-11-29', '01.00106', 'simp. pokok & simp. wajib', 0.02, 0, 0.02, 'emas'),
(617, '2020-11-30', '01.00003', 'bayar beli emas 0.110 gr', 0, 100000, 764367, 'uang'),
(618, '2020-11-30', '01.00003', 'beli emas', 0.11, 0, 3.582, 'emas'),
(619, '2020-11-30', '01.00107', 'simp. pokok & simp. wajib', 0.02, 0, 0.02, 'emas'),
(620, '2020-11-30', '01.00108', 'simp. pokok & simp. wajib', 0.02, 0, 0.02, 'emas'),
(621, '2020-12-02', '01.00001', 'profit titipan emas periode 11 2020', 0.0228, 0, 95.3228, 'emas'),
(623, '2020-12-02', '01.00027', 'profit titipan emas periode 11 2020', 0.0684, 0, 0.1414, 'emas'),
(624, '2020-12-02', '01.00062', 'profit titipan emas periode 11 2020', 0.0114, 0, 0.0374, 'emas'),
(625, '2020-12-02', '01.00023', 'profit titipan emas periode 11 2020', 0.0114, 0, 0.0424, 'emas'),
(626, '2020-12-02', '01.00011', 'profit titipan emas periode 11 2020', 0.0684, 0, 1.225, 'emas'),
(627, '2020-12-02', '01.00063', 'profit titipan emas periode 11 2020', 0.0114, 0, 0.3434, 'emas'),
(628, '2020-12-02', '01.00065', 'profit titipan emas periode 11 2020', 0.399, 0, 0.423, 'emas'),
(629, '2020-12-02', '01.00027', 'profit titipan emas periode 11 2020', 0.399, 0, 0.472, 'emas'),
(630, '2020-12-02', '01.00028', 'profit titipan emas periode 11 2020', 0.285, 0, 0.591, 'emas'),
(631, '2020-12-02', '01.00066', 'profit titipan emas periode 11 2020', 0.57, 0, 0.722, 'emas'),
(632, '2020-12-02', '01.00066', 'profit titipan emas periode 11 2020', 0.3762, 0, 1.0982, 'emas'),
(633, '2020-12-02', '01.00011', 'profit titipan emas periode 11 2020', 0.0114, 0, 1.2368, 'emas'),
(634, '2020-12-02', '01.00071', 'profit titipan emas periode 11 2020', 0.285, 0, 0.306, 'emas'),
(635, '2020-12-02', '01.00083', 'profit titipan emas periode 11 2020', 0.0114, 0, 0.0584, 'emas'),
(636, '2020-12-02', '01.00088', 'profit titipan emas periode 11 2020', 0.0114, 0, 0.0754, 'emas'),
(637, '2020-12-02', '01.00009', 'profit titipan emas periode 11 2020', 0.0114, 0, 1.448, 'emas'),
(638, '2020-12-02', '01.00054', 'profit titipan emas periode 11 2020', 0.0114, 0, 0.0744, 'emas'),
(639, '2020-12-02', '01.00051', 'profit titipan emas periode 11 2020', 0.0342, 0, 1.0042, 'emas'),
(640, '2020-12-02', '01.00094', 'profit titipan emas periode 11 2020', 0.0114, 0, 0.0474, 'emas'),
(641, '2020-12-02', '01.00042', 'profit titipan emas periode 11 2020', 0.0114, 0, 0.3334, 'emas'),
(642, '2020-12-02', '01.00052', 'profit titipan emas periode 11 2020', 0.0114, 0, 0.0504, 'emas'),
(643, '2020-12-02', '01.00060', 'profit titipan emas periode 11 2020', 0.0114, 0, 0.0454, 'emas'),
(644, '2020-12-02', '01.00098', 'profit titipan emas periode 11 2020', 0.0114, 0, 0.0344, 'emas'),
(645, '2020-12-02', '01.00008', 'profit titipan emas periode 11 2020', 0.0114, 0, 0.0314, 'emas'),
(646, '2020-12-02', '01.00054', 'profit titipan emas periode 11 2020', 0.0114, 0, 0.0744, 'emas'),
(647, '2020-12-02', '01.00053', 'profit titipan emas periode 11 2020', 0.0342, 0, 0.0792, 'emas'),
(648, '2020-12-02', '01.00025', 'profit titipan emas periode 11 2020', 0.057, 0, 0.092, 'emas'),
(649, '2020-12-02', '01.00055', 'beli emas', 0.703, 0, 1.031, 'emas'),
(650, '2020-12-07', '01.00095', 'tarik wallet, trf. tgl 2020-12-07', 0, 410000, 23000, 'uang'),
(651, '2020-12-07', '01.00095', 'adm tarik wallet, trf. tgl 2020-12-07', 0, 10000, 23000, 'uang'),
(652, '2020-12-08', '01.00110', 'simp. pokok & simp. wajib', 0.02, 0, 0.02, 'emas'),
(653, '2020-12-09', '01.00009', 'Pengembalian saldo emas, berhenti titipan emas', 2, 0, 3.448, 'emas'),
(654, '2020-12-09', '01.00009', 'ikut titipan emas ', 0, 2, 1.448, 'emas'),
(655, '2020-12-10', '01.00111', 'simp. pokok & simp. wajib', 0.02, 0, 0.02, 'emas'),
(656, '2020-12-13', '01.00072', 'pencairan jual emas', 417000, 0, 417000, 'uang'),
(657, '2020-12-13', '01.00072', 'jual emas', 0, 0.5, 0.021, 'emas'),
(658, '2020-12-15', '01.00112', 'simp. pokok & simp. wajib', 0.02, 0, 0.02, 'emas'),
(659, '2020-12-20', '01.00027', 'Pengembalian saldo emas, berhenti titipan emas', 12, 0, 12.472, 'emas'),
(660, '2020-12-20', '01.00062', 'Pengembalian saldo emas, berhenti titipan emas', 2, 0, 2.0374, 'emas'),
(661, '2020-12-20', '01.00023', 'Pengembalian saldo emas, berhenti titipan emas', 2, 0, 2.0424, 'emas'),
(662, '2020-12-21', '01.00027', 'ikut titipan emas ', 0, 12, 0.472, 'emas'),
(663, '2020-12-21', '01.00062', 'ikut titipan emas ', 0, 2, 0.0374, 'emas'),
(664, '2020-12-23', '01.00011', 'Pengembalian saldo emas, berhenti titipan emas', 12, 0, 13.2368, 'emas'),
(665, '2020-12-24', '01.00113', 'simp. pokok & simp. wajib', 0.02, 0, 0.02, 'emas'),
(666, '2020-12-25', '01.00114', 'simp. pokok & simp. wajib', 0.02, 0, 0.02, 'emas'),
(667, '2020-12-25', '01.00095', 'pencairan jual emas', 283716, 0, 306716, 'uang'),
(668, '2020-12-25', '01.00095', 'jual emas', 0, 0.333, 0, 'emas'),
(669, '2020-12-25', '01.00063', 'Pengembalian saldo emas, berhenti titipan emas', 2, 0, 2.3434, 'emas'),
(670, '2020-12-28', '01.00115', 'simp. pokok & simp. wajib', 0.02, 0, 0.02, 'emas'),
(671, '2020-12-28', '01.00011', 'ikut titipan emas ', 0, 12, 1.2368, 'emas'),
(672, '2020-12-28', '01.00063', 'ikut titipan emas ', 0, 2, 0.3434, 'emas'),
(673, '2020-12-29', '01.00065', 'Pengembalian saldo emas, berhenti titipan emas', 70, 0, 70.423, 'emas'),
(674, '2020-12-29', '01.00027', 'Pengembalian saldo emas, berhenti titipan emas', 70, 0, 70.472, 'emas'),
(675, '2021-01-01', '01.00116', 'simp. pokok & simp. wajib', 0.021, 0, 0.021, 'emas'),
(676, '2021-01-02', '01.00027', 'ikut titipan emas ', 0, 70, 0.472, 'emas'),
(677, '2021-01-02', '01.00065', 'ikut titipan emas ', 0, 70, 0.423, 'emas'),
(678, '2021-01-03', '01.00028', 'Pengembalian saldo emas, berhenti titipan emas', 50, 0, 50.591, 'emas'),
(679, '2021-01-04', '01.00003', 'trf. dari ID 01.00023 ', 2, 0, 5.582, 'emas'),
(680, '2021-01-04', '01.00023', 'transfer emas ke  01.00003', 0, 2, 0.0424, 'emas'),
(681, '2021-01-04', '01.00028', 'ikut titipan emas ', 0, 50, 0.591, 'emas'),
(682, '2021-01-09', '01.00117', 'simp. pokok & simp. wajib', 0.021, 0, 0.021, 'emas'),
(683, '2021-01-10', '01.00118', 'simp. pokok & simp. wajib', 0.021, 0, 0.021, 'emas'),
(684, '2021-01-10', '01.00119', 'simp. pokok & simp. wajib', 0.021, 0, 0.021, 'emas'),
(685, '2021-01-10', '01.00120', 'simp. pokok & simp. wajib', 0.021, 0, 0.021, 'emas'),
(686, '2021-01-10', '01.00121', 'simp. pokok & simp. wajib', 0.021, 0, 0.021, 'emas'),
(687, '2021-01-10', '01.00122', 'simp. pokok & simp. wajib', 0.021, 0, 0.021, 'emas'),
(688, '2020-12-25', '01.00095', 'tarik wallet, trf. tgl 2021-01-10', 0, 280000, 26716, 'uang'),
(689, '2020-12-25', '01.00095', 'adm tarik wallet, trf. tgl 2021-01-10', 0, 10000, 26716, 'uang'),
(690, '2021-01-11', '01.00123', 'simp. pokok & simp. wajib', 0.0221, 0, 0.0221, 'emas'),
(691, '2021-01-14', '01.00066', 'Pengembalian saldo emas, berhenti titipan emas', 100, 0, 101.098, 'emas'),
(692, '2021-01-14', '01.00066', 'Pengembalian saldo emas, berhenti titipan emas', 66, 0, 167.098, 'emas'),
(693, '2021-01-17', '01.00011', 'Pengembalian saldo emas, berhenti titipan emas', 2, 0, 3.2368, 'emas'),
(694, '2021-01-18', '01.00066', 'ikut titipan emas ', 0, 166, 1.098, 'emas'),
(695, '2021-01-18', '01.00011', 'ikut titipan emas ', 0, 2, 1.2368, 'emas'),
(696, '2021-02-04', '01.00071', 'Pengembalian saldo emas, berhenti titipan emas', 50, 0, 50.306, 'emas'),
(697, '2021-02-10', '01.00001', 'profit titipan emas periode 01 2021', 0.027, 0, 95.3498, 'emas'),
(698, '2021-02-10', '01.00066', 'profit titipan emas periode 01 2021', 0.4, 0, 1.498, 'emas'),
(699, '2021-02-10', '01.00066', 'profit titipan emas periode 01 2021', 0.264, 0, 1.762, 'emas'),
(700, '2021-02-10', '01.00011', 'profit titipan emas periode 01 2021', 0.008, 0, 1.2448, 'emas'),
(701, '2021-02-10', '01.00071', 'profit titipan emas periode 01 2021', 0.3375, 0, 50.6435, 'emas'),
(702, '2021-02-10', '01.00083', 'profit titipan emas periode 01 2021', 0.0135, 0, 0.0719, 'emas'),
(703, '2021-02-10', '01.00088', 'profit titipan emas periode 01 2021', 0.0135, 0, 0.0889, 'emas'),
(704, '2021-02-10', '01.00009', 'profit titipan emas periode 01 2021', 0.0135, 0, 1.4615, 'emas'),
(705, '2021-02-10', '01.00054', 'profit titipan emas periode 01 2021', 0.0135, 0, 0.0879, 'emas'),
(706, '2021-02-10', '01.00051', 'profit titipan emas periode 01 2021', 0.0405, 0, 1.0447, 'emas'),
(707, '2021-02-10', '01.00094', 'profit titipan emas periode 01 2021', 0.0135, 0, 0.0609, 'emas'),
(708, '2021-02-10', '01.00042', 'profit titipan emas periode 01 2021', 0.0135, 0, 0.3469, 'emas'),
(709, '2021-02-10', '01.00052', 'profit titipan emas periode 01 2021', 0.0135, 0, 0.0639, 'emas'),
(710, '2021-02-10', '01.00060', 'profit titipan emas periode 01 2021', 0.0135, 0, 0.0589, 'emas'),
(711, '2021-02-10', '01.00098', 'profit titipan emas periode 01 2021', 0.0135, 0, 0.0479, 'emas'),
(712, '2021-02-10', '01.00008', 'profit titipan emas periode 01 2021', 0.0135, 0, 0.0449, 'emas'),
(713, '2021-02-10', '01.00054', 'profit titipan emas periode 01 2021', 0.0135, 0, 0.1014, 'emas'),
(714, '2021-02-10', '01.00053', 'profit titipan emas periode 01 2021', 0.0405, 0, 0.1197, 'emas'),
(715, '2021-02-10', '01.00025', 'profit titipan emas periode 01 2021', 0.0675, 0, 0.1595, 'emas'),
(716, '2021-02-10', '01.00009', 'profit titipan emas periode 01 2021', 0.0135, 0, 1.475, 'emas'),
(717, '2021-02-10', '01.00027', 'profit titipan emas periode 01 2021', 0.081, 0, 0.553, 'emas'),
(718, '2021-02-10', '01.00062', 'profit titipan emas periode 01 2021', 0.0135, 0, 0.0509, 'emas'),
(719, '2021-02-10', '01.00011', 'profit titipan emas periode 01 2021', 0.081, 0, 1.3258, 'emas'),
(720, '2021-02-10', '01.00063', 'profit titipan emas periode 01 2021', 0.0135, 0, 0.3569, 'emas'),
(721, '2021-02-10', '01.00027', 'profit titipan emas periode 01 2021', 0.4725, 0, 1.0255, 'emas'),
(722, '2021-02-10', '01.00065', 'profit titipan emas periode 01 2021', 0.4725, 0, 0.8955, 'emas'),
(723, '2021-02-10', '01.00028', 'profit titipan emas periode 01 2021', 0.3375, 0, 0.9285, 'emas'),
(724, '2021-02-10', '01.00066', 'profit titipan emas periode 01 2021', 0.0415, 0, 1.8035, 'emas'),
(725, '2021-02-10', '01.00011', 'profit titipan emas periode 01 2021', 0.0005, 0, 1.3263, 'emas'),
(726, '2021-02-16', '01.00071', 'ikut titipan emas ', 0, 50, 0.6435, 'emas'),
(727, '2021-02-19', '01.00065', 'pencairan jual emas', 696000, 0, 696000, 'uang'),
(728, '2021-02-19', '01.00065', 'jual emas', 0, 0.87, 0.0255, 'emas'),
(729, '2021-02-25', '01.00124', 'simp. pokok & simp. wajib', 0.0242, 0, 0.0242, 'emas'),
(730, '2021-02-25', '01.00083', 'Pengembalian saldo emas, berhenti titipan emas', 2, 0, 2.0719, 'emas'),
(731, '2021-02-27', '01.00003', 'widraw reward referal', 134500, 0, 898867, 'uang'),
(732, '2021-03-03', '01.00088', 'Pengembalian saldo emas, berhenti titipan emas', 2, 0, 2.0889, 'emas'),
(733, '2021-03-04', '01.00083', 'ikut titipan emas ', 0, 2, 0.0719, 'emas'),
(734, '2021-03-04', '01.00088', 'ikut titipan emas ', 0, 2, 0.0889, 'emas'),
(735, '2021-03-04', '01.00009', 'Pengembalian saldo emas, berhenti titipan emas', 2, 0, 3.475, 'emas'),
(736, '2021-03-07', '01.00054', 'Pengembalian saldo emas, berhenti titipan emas', 2, 0, 2.1014, 'emas'),
(737, '2021-03-07', '01.00051', 'Pengembalian saldo emas, berhenti titipan emas', 6, 0, 7.0447, 'emas'),
(738, '2021-03-08', '01.00001', 'profit titipan emas periode 12 2020', 0.0088, 0, 95.3586, 'emas'),
(739, '2021-03-08', '01.00009', 'profit titipan emas periode 12 2020', 0.002, 0, 3.477, 'emas'),
(740, '2021-03-08', '01.00027', 'profit titipan emas periode 12 2020', 0.0204, 0, 1.0459, 'emas'),
(741, '2021-03-08', '01.00062', 'profit titipan emas periode 12 2020', 0.0034, 0, 0.0543, 'emas'),
(742, '2021-03-08', '01.00023', 'profit titipan emas periode 12 2020', 0.0034, 0, 0.0458, 'emas'),
(743, '2021-03-08', '01.00011', 'profit titipan emas periode 12 2020', 0.0234, 0, 1.3497, 'emas'),
(744, '2021-03-08', '01.00063', 'profit titipan emas periode 12 2020', 0.0039, 0, 0.3608, 'emas'),
(745, '2021-03-08', '01.00065', 'profit titipan emas periode 12 2020', 0.154, 0, 0.1795, 'emas'),
(746, '2021-03-08', '01.00027', 'profit titipan emas periode 12 2020', 0.154, 0, 1.1999, 'emas'),
(747, '2021-03-08', '01.00028', 'profit titipan emas periode 12 2020', 0.11, 0, 1.0385, 'emas'),
(748, '2021-03-08', '01.00066', 'profit titipan emas periode 12 2020', 0.22, 0, 2.0235, 'emas'),
(749, '2021-03-08', '01.00066', 'profit titipan emas periode 12 2020', 0.1452, 0, 2.1687, 'emas'),
(750, '2021-03-08', '01.00011', 'profit titipan emas periode 12 2020', 0.0044, 0, 1.3541, 'emas'),
(751, '2021-03-08', '01.00071', 'profit titipan emas periode 12 2020', 0.11, 0, 0.7535, 'emas'),
(752, '2021-03-08', '01.00083', 'profit titipan emas periode 12 2020', 0.0044, 0, 0.0763, 'emas'),
(753, '2021-03-08', '01.00088', 'profit titipan emas periode 12 2020', 0.0044, 0, 0.0933, 'emas'),
(754, '2021-03-08', '01.00009', 'profit titipan emas periode 12 2020', 0.0044, 0, 3.4814, 'emas'),
(755, '2021-03-08', '01.00054', 'profit titipan emas periode 12 2020', 0.0044, 0, 2.1058, 'emas'),
(756, '2021-03-08', '01.00051', 'profit titipan emas periode 12 2020', 0.0132, 0, 7.0579, 'emas'),
(757, '2021-03-08', '01.00094', 'profit titipan emas periode 12 2020', 0.0044, 0, 0.0653, 'emas'),
(758, '2021-03-08', '01.00042', 'profit titipan emas periode 12 2020', 0.0044, 0, 0.3513, 'emas'),
(759, '2021-03-08', '01.00052', 'profit titipan emas periode 12 2020', 0.0044, 0, 0.0683, 'emas'),
(760, '2021-03-08', '01.00060', 'profit titipan emas periode 12 2020', 0.0044, 0, 0.0633, 'emas'),
(761, '2021-03-08', '01.00098', 'profit titipan emas periode 12 2020', 0.0044, 0, 0.0523, 'emas'),
(762, '2021-03-08', '01.00008', 'profit titipan emas periode 12 2020', 0.0044, 0, 0.0493, 'emas'),
(763, '2021-03-08', '01.00054', 'profit titipan emas periode 12 2020', 0.0044, 0, 2.1102, 'emas'),
(764, '2021-03-08', '01.00053', 'profit titipan emas periode 12 2020', 0.0132, 0, 0.1329, 'emas'),
(765, '2021-03-08', '01.00025', 'profit titipan emas periode 12 2020', 0.022, 0, 0.1815, 'emas'),
(766, '2021-03-08', '01.00009', 'profit titipan emas periode 12 2020', 0.0024, 0, 3.4838, 'emas'),
(767, '2021-03-08', '01.00027', 'profit titipan emas periode 12 2020', 0.006, 0, 1.2059, 'emas'),
(768, '2021-03-08', '01.00062', 'profit titipan emas periode 12 2020', 0.001, 0, 0.0553, 'emas'),
(769, '2021-03-08', '01.00011', 'profit titipan emas periode 12 2020', 0.003, 0, 1.3571, 'emas'),
(770, '2021-03-08', '01.00063', 'profit titipan emas periode 12 2020', 0.0005, 0, 0.3613, 'emas'),
(771, '2021-03-08', '01.00001', 'profit titipan emas periode 02 2021', 0.02, 0, 95.3786, 'emas'),
(772, '2021-03-08', '01.00071', 'profit titipan emas periode 02 2021', 0.0625, 0, 0.816, 'emas'),
(773, '2021-03-08', '01.00083', 'profit titipan emas periode 02 2021', 0.0025, 0, 0.0788, 'emas'),
(774, '2021-03-08', '01.00088', 'profit titipan emas periode 02 2021', 0.0025, 0, 0.0958, 'emas'),
(775, '2021-03-08', '01.00009', 'profit titipan emas periode 02 2021', 0.0025, 0, 3.4863, 'emas'),
(776, '2021-03-08', '01.00054', 'profit titipan emas periode 02 2021', 0.0025, 0, 2.1127, 'emas'),
(777, '2021-03-08', '01.00051', 'profit titipan emas periode 02 2021', 0.0075, 0, 7.0654, 'emas'),
(778, '2021-03-08', '01.00094', 'profit titipan emas periode 02 2021', 0.01, 0, 0.0753, 'emas'),
(779, '2021-03-08', '01.00042', 'profit titipan emas periode 02 2021', 0.01, 0, 0.3613, 'emas'),
(780, '2021-03-08', '01.00052', 'profit titipan emas periode 02 2021', 0.01, 0, 0.0783, 'emas'),
(781, '2021-03-08', '01.00060', 'profit titipan emas periode 02 2021', 0.01, 0, 0.0733, 'emas'),
(782, '2021-03-08', '01.00098', 'profit titipan emas periode 02 2021', 0.01, 0, 0.0623, 'emas'),
(783, '2021-03-08', '01.00008', 'profit titipan emas periode 02 2021', 0.01, 0, 0.0593, 'emas'),
(784, '2021-03-08', '01.00054', 'profit titipan emas periode 02 2021', 0.01, 0, 2.1227, 'emas'),
(785, '2021-03-08', '01.00053', 'profit titipan emas periode 02 2021', 0.03, 0, 0.1629, 'emas'),
(786, '2021-03-08', '01.00025', 'profit titipan emas periode 02 2021', 0.05, 0, 0.2315, 'emas'),
(787, '2021-03-08', '01.00009', 'profit titipan emas periode 02 2021', 0.01, 0, 3.4963, 'emas'),
(788, '2021-03-08', '01.00027', 'profit titipan emas periode 02 2021', 0.06, 0, 1.2659, 'emas'),
(789, '2021-03-08', '01.00062', 'profit titipan emas periode 02 2021', 0.01, 0, 0.0653, 'emas'),
(790, '2021-03-08', '01.00011', 'profit titipan emas periode 02 2021', 0.06, 0, 1.4171, 'emas'),
(791, '2021-03-08', '01.00063', 'profit titipan emas periode 02 2021', 0.01, 0, 0.3713, 'emas'),
(792, '2021-03-08', '01.00027', 'profit titipan emas periode 02 2021', 0.35, 0, 1.6159, 'emas'),
(793, '2021-03-08', '01.00065', 'profit titipan emas periode 02 2021', 0.35, 0, 0.5295, 'emas'),
(794, '2021-03-08', '01.00028', 'profit titipan emas periode 02 2021', 0.25, 0, 1.2885, 'emas'),
(795, '2021-03-08', '01.00066', 'profit titipan emas periode 02 2021', 0.83, 0, 2.9987, 'emas'),
(796, '2021-03-08', '01.00011', 'profit titipan emas periode 02 2021', 0.01, 0, 1.4271, 'emas'),
(797, '2021-03-08', '01.00071', 'profit titipan emas periode 02 2021', 0.1875, 0, 1.0035, 'emas'),
(798, '2021-03-08', '01.00083', 'profit titipan emas periode 02 2021', 0.0075, 0, 0.0863, 'emas'),
(799, '2021-03-08', '01.00088', 'profit titipan emas periode 02 2021', 0.0075, 0, 0.1033, 'emas'),
(800, '2021-03-08', '01.00055', 'pencairan jual emas', 791722, 0, 791722, 'uang'),
(801, '2021-03-08', '01.00055', 'jual emas', 0, 1.006, 0.025, 'emas'),
(802, '2021-03-08', '01.00009', 'ikut titipan emas ', 0, 2, 1.4963, 'emas'),
(803, '2021-03-08', '01.00051', 'ikut titipan emas ', 0, 6, 1.0654, 'emas'),
(804, '2021-03-09', '01.00054', 'ikut titipan emas ', 0, 2, 0.1227, 'emas'),
(805, '2021-03-11', '01.00042', 'Pengembalian saldo emas, berhenti titipan emas', 2, 0, 2.3613, 'emas'),
(806, '2021-03-11', '01.00052', 'Pengembalian saldo emas, berhenti titipan emas', 2, 0, 2.0783, 'emas'),
(807, '2021-03-05', '01.00065', 'tarik wallet, trf. tgl 2021-03-12', 0, 686000, 10000, 'uang'),
(808, '2021-03-05', '01.00065', 'adm tarik wallet, trf. tgl 2021-03-12', 0, 10000, 10000, 'uang'),
(809, '2021-03-08', '01.00055', 'tarik wallet, trf. tgl 2021-03-12', 0, 781722, 10000, 'uang'),
(810, '2021-03-08', '01.00055', 'adm tarik wallet, trf. tgl 2021-03-12', 0, 10000, 10000, 'uang'),
(811, '2021-03-13', '01.00052', 'ikut titipan emas ', 0, 2, 0.0783, 'emas'),
(812, '2021-03-14', '01.00060', 'Pengembalian saldo emas, berhenti titipan emas', 2, 0, 2.0733, 'emas'),
(813, '2021-03-15', '01.00125', 'simp. pokok & simp. wajib', 0.0247, 0, 0.0247, 'emas'),
(814, '2021-03-15', '01.00126', 'simp. pokok & simp. wajib', 0.0247, 0, 0.0247, 'emas'),
(815, '2021-03-15', '01.00060', 'ikut titipan emas ', 0, 2, 0.0733, 'emas'),
(816, '2021-03-15', '01.00042', 'ikut titipan emas ', 0, 2, 0.3613, 'emas'),
(817, '2021-03-16', '01.00127', 'simp. pokok & simp. wajib', 0.0246, 0, 0.0246, 'emas'),
(818, '2021-03-17', '01.00098', 'Pengembalian saldo emas, berhenti titipan emas', 2, 0, 2.0623, 'emas'),
(819, '2021-03-19', '01.00005', 'trf. dari ID 01.00003 ', 1, 0, 2.118, 'emas'),
(820, '2021-03-19', '01.00003', 'transfer emas ke  01.00005', 0, 1, 4.582, 'emas'),
(821, '2021-03-20', '01.00098', 'ikut titipan emas ', 0, 2, 0.0623, 'emas'),
(822, '2021-03-21', '01.00003', 'trf. dari ID 01.00005 ', 1, 0, 5.582, 'emas'),
(823, '2021-03-21', '01.00005', 'transfer emas ke  01.00003', 0, 1, 1.118, 'emas'),
(824, '2021-03-22', '01.00128', 'simp. pokok & simp. wajib', 0.0244, 0, 0.0244, 'emas'),
(825, '2021-03-22', '01.00008', 'Pengembalian saldo emas, berhenti titipan emas', 2, 0, 2.0593, 'emas'),
(826, '2021-03-23', '01.00129', 'simp. pokok & simp. wajib', 0.0244, 0, 0.0244, 'emas'),
(827, '2021-03-23', '01.00108', 'trf. dari ID 01.00001 ', 0.1, 0, 0.12, 'emas'),
(828, '2021-03-23', '01.00001', 'transfer emas ke  01.00108', 0, 0.1, 95.2786, 'emas'),
(829, '2021-03-23', '01.00112', 'trf. dari ID 01.00001 ', 0.2, 0, 0.22, 'emas'),
(830, '2021-03-23', '01.00001', 'transfer emas ke  01.00112', 0, 0.2, 95.0786, 'emas'),
(831, '2021-03-23', '01.00118', 'trf. dari ID 01.00001 ', 0.1, 0, 0.121, 'emas'),
(832, '2021-03-23', '01.00001', 'transfer emas ke  01.00118', 0, 0.1, 94.9786, 'emas'),
(833, '2021-03-23', '01.00016', 'trf. dari ID 01.00001 ', 0.2, 0, 1.272, 'emas'),
(834, '2021-03-23', '01.00001', 'transfer emas ke  01.00016', 0, 0.2, 94.7786, 'emas'),
(835, '2021-03-24', '01.00008', 'ikut titipan emas ', 0, 2, 0.0593, 'emas'),
(836, '2021-03-31', '01.00130', 'emas awal', 0, 0, 0, 'emas'),
(837, '2021-04-05', '01.00001', 'profit titipan emas periode 03 2021', 0.014, 0, 94.7926, 'emas'),
(838, '2021-04-05', '01.00094', 'profit titipan emas periode 03 2021', 0.007, 0, 0.0823, 'emas'),
(839, '2021-04-05', '01.00042', 'profit titipan emas periode 03 2021', 0.001, 0, 0.3623, 'emas'),
(840, '2021-04-05', '01.00052', 'profit titipan emas periode 03 2021', 0.001, 0, 0.0793, 'emas'),
(841, '2021-04-05', '01.00060', 'profit titipan emas periode 03 2021', 0.001, 0, 0.0743, 'emas'),
(842, '2021-04-05', '01.00098', 'profit titipan emas periode 03 2021', 0.001, 0, 0.0633, 'emas'),
(843, '2021-04-05', '01.00008', 'profit titipan emas periode 03 2021', 0.006, 0, 0.0653, 'emas'),
(844, '2021-04-05', '01.00054', 'profit titipan emas periode 03 2021', 0.007, 0, 0.1297, 'emas'),
(845, '2021-04-05', '01.00053', 'profit titipan emas periode 03 2021', 0.021, 0, 0.1839, 'emas'),
(846, '2021-04-05', '01.00025', 'profit titipan emas periode 03 2021', 0.035, 0, 0.2665, 'emas'),
(847, '2021-04-05', '01.00009', 'profit titipan emas periode 03 2021', 0.007, 0, 1.5033, 'emas'),
(848, '2021-04-05', '01.00027', 'profit titipan emas periode 03 2021', 0.042, 0, 1.6579, 'emas'),
(849, '2021-04-05', '01.00062', 'profit titipan emas periode 03 2021', 0.007, 0, 0.0723, 'emas'),
(850, '2021-04-05', '01.00011', 'profit titipan emas periode 03 2021', 0.042, 0, 1.4691, 'emas'),
(851, '2021-04-05', '01.00063', 'profit titipan emas periode 03 2021', 0.007, 0, 0.3783, 'emas'),
(852, '2021-04-05', '01.00027', 'profit titipan emas periode 03 2021', 0.245, 0, 1.9029, 'emas'),
(853, '2021-04-05', '01.00065', 'profit titipan emas periode 03 2021', 0.245, 0, 0.7745, 'emas'),
(854, '2021-04-05', '01.00028', 'profit titipan emas periode 03 2021', 0.175, 0, 1.4635, 'emas'),
(855, '2021-04-05', '01.00066', 'profit titipan emas periode 03 2021', 0.581, 0, 3.5797, 'emas'),
(856, '2021-04-05', '01.00011', 'profit titipan emas periode 03 2021', 0.007, 0, 1.4761, 'emas'),
(857, '2021-04-05', '01.00071', 'profit titipan emas periode 03 2021', 0.175, 0, 1.1785, 'emas'),
(858, '2021-04-05', '01.00083', 'profit titipan emas periode 03 2021', 0.007, 0, 0.0933, 'emas'),
(859, '2021-04-05', '01.00088', 'profit titipan emas periode 03 2021', 0.007, 0, 0.1103, 'emas'),
(860, '2021-04-05', '01.00009', 'profit titipan emas periode 03 2021', 0.006, 0, 1.5093, 'emas'),
(861, '2021-04-05', '01.00051', 'profit titipan emas periode 03 2021', 0.018, 0, 1.0834, 'emas'),
(862, '2021-04-05', '01.00054', 'profit titipan emas periode 03 2021', 0.006, 0, 0.1357, 'emas'),
(863, '2021-04-05', '01.00052', 'profit titipan emas periode 03 2021', 0.006, 0, 0.0853, 'emas'),
(864, '2021-04-05', '01.00060', 'profit titipan emas periode 03 2021', 0.006, 0, 0.0803, 'emas'),
(865, '2021-04-05', '01.00042', 'profit titipan emas periode 03 2021', 0.006, 0, 0.3683, 'emas'),
(866, '2021-04-05', '01.00098', 'profit titipan emas periode 03 2021', 0.006, 0, 0.0693, 'emas'),
(867, '2021-04-05', '01.00008', 'profit titipan emas periode 03 2021', 0.001, 0, 0.0663, 'emas'),
(868, '2021-04-07', '01.00027', 'pencairan jual emas', 809000, 0, 885585, 'uang'),
(869, '2021-04-07', '01.00027', 'jual emas', 0, 1, 0.9029, 'emas'),
(870, '2021-04-07', '01.00027', 'pencairan jual emas', 687650, 0, 1573240, 'uang'),
(871, '2021-04-07', '01.00027', 'jual emas', 0, 0.85, 0.0529, 'emas'),
(872, '2021-04-12', '01.00129', 'beli emas', 0.026, 0, 0.0504, 'emas'),
(873, '2021-04-07', '01.00027', 'tarik wallet, trf. tgl 2021-04-13', 0, 1485000, 88240, 'uang'),
(874, '2021-04-07', '01.00027', 'adm tarik wallet, trf. tgl 2021-04-13', 0, 15000, 88240, 'uang'),
(875, '2021-04-14', '01.00007', 'bayar beli emas 0.031 gr', 0, 27000, 520, 'uang'),
(876, '2021-04-14', '01.00007', 'beli emas', 0.031, 0, 0.171, 'emas'),
(877, '2021-04-17', '01.00003', 'bayar beli emas 0.011 gr', 0, 10000, 888867, 'uang'),
(878, '2021-04-17', '01.00003', 'beli emas', 0.011, 0, 5.593, 'emas'),
(879, '2021-04-18', '01.00131', 'emas awal', 0, 0, 0, 'emas'),
(880, '2021-04-27', '01.00028', 'pencairan jual emas', 1164800, 0, 1164800, 'uang'),
(881, '2021-04-27', '01.00028', 'jual emas', 0, 1.4, 0.0635, 'emas'),
(882, '2021-04-27', '01.00132', 'emas awal', 0, 0, 0, 'emas'),
(883, '2021-04-27', '01.00133', 'emas awal', 0, 0, 0, 'emas'),
(884, '2021-04-27', '01.00134', 'emas awal', 0, 0, 0, 'emas');

-- --------------------------------------------------------

--
-- Struktur dari tabel `tb_transbon_poin`
--

CREATE TABLE `tb_transbon_poin` (
  `id` int(11) NOT NULL,
  `tgl_klaim` date NOT NULL,
  `idted` varchar(8) NOT NULL,
  `hadiah_id` int(11) NOT NULL,
  `poin_in` int(11) NOT NULL,
  `poin_out` int(11) NOT NULL,
  `poin_stock` int(11) NOT NULL
) ENGINE=InnoDB DEFAULT CHARSET=latin1;

-- --------------------------------------------------------

--
-- Struktur dari tabel `tb_user`
--

CREATE TABLE `tb_user` (
  `id` int(11) NOT NULL,
  `nama_user` varchar(128) NOT NULL,
  `email` varchar(128) NOT NULL,
  `password` varchar(128) NOT NULL,
  `foto` varchar(128) NOT NULL,
  `is_active` int(1) NOT NULL,
  `role_id` int(11) NOT NULL
) ENGINE=InnoDB DEFAULT CHARSET=latin1;

--
-- Dumping data untuk tabel `tb_user`
--

INSERT INTO `tb_user` (`id`, `nama_user`, `email`, `password`, `foto`, `is_active`, `role_id`) VALUES
(1, 'Superadmin Ted', 'admin@tabungemas.com', '$2y$10$cbbFi0B8A8uigMqqilHEaOrWxqFsYaXut.OSdYkEE7LqnvBZk29CK', 'noimage.jpg', 1, 1),
(2, 'Keuangan Ted', 'keuangan@tabungemas.com', '$2y$10$ca0pp55yIoQa7ktPaU20nOlApQit2dmHalQkGlaL1bX/ZYB6k/bZO', 'noimage.jpg', 1, 5),
(3, 'Mentor TED', 'mentor@tabungemas.com', '$2y$10$ca0pp55yIoQa7ktPaU20nOlApQit2dmHalQkGlaL1bX/ZYB6k/bZO', 'noimage.jpg', 1, 6);

-- --------------------------------------------------------

--
-- Struktur dari tabel `tb_user_dashboard`
--

CREATE TABLE `tb_user_dashboard` (
  `id` int(11) NOT NULL,
  `role_id` int(1) NOT NULL,
  `dashboard` text NOT NULL
) ENGINE=InnoDB DEFAULT CHARSET=latin1;

--
-- Dumping data untuk tabel `tb_user_dashboard`
--

INSERT INTO `tb_user_dashboard` (`id`, `role_id`, `dashboard`) VALUES
(1, 1, 'pages/dashboard_pages'),
(2, 2, 'pages/dashboard_pages'),
(3, 3, 'pages/member/member_dashboard'),
(4, 4, 'pages/member/member_dashboard');

-- --------------------------------------------------------

--
-- Struktur dari tabel `tb_user_menu`
--

CREATE TABLE `tb_user_menu` (
  `id` int(11) NOT NULL,
  `title` varchar(128) NOT NULL,
  `url` varchar(128) NOT NULL,
  `icon` varchar(128) NOT NULL,
  `parent_menu` int(11) NOT NULL,
  `is_active` int(1) NOT NULL
) ENGINE=InnoDB DEFAULT CHARSET=latin1;

--
-- Dumping data untuk tabel `tb_user_menu`
--

INSERT INTO `tb_user_menu` (`id`, `title`, `url`, `icon`, `parent_menu`, `is_active`) VALUES
(1, 'Keanggotaan', '#', 'fas_fa-users', 0, 1),
(2, 'Anggota Baru', 'member/member_baru', '', 1, 1),
(3, 'Anggota Aktif', 'member/member_list', '', 1, 1),
(4, 'Transaksi', '#', 'fas_fa-line-chart', 0, 1),
(5, 'Daftar Beli Emas', 'transaksi/daftar_beli_emas', '', 4, 1),
(6, 'Daftar Jual Emas', 'transaksi/daftar_jual_emas', '', 4, 1),
(7, 'Daftar Tarik Fisik', 'transaksi/daftar_tarik_fisik', '', 4, 1),
(8, 'Daftar Titipan Emas', 'transaksi/daftar_titipan_emas', '', 4, 1),
(9, 'Daftar Deposit', 'transaksi/daftar_deposit', '', 4, 1),
(10, 'Daftar Widraw', 'transaksi/daftar_widraw', '', 4, 1),
(11, 'Laporan Transaksi', 'transaksi/alltransaction', '', 35, 1),
(12, 'Pengaturan', '#', 'fas_fa-gears', 0, 1),
(13, 'Rekening TED', 'pengaturan/rekening', '', 12, 1),
(14, 'Pengguna', '#', 'fa_fa-user', 0, 1),
(15, 'Level Pengguna', 'user/role', '', 14, 1),
(16, 'Daftar Pengguna', 'user/list', '', 14, 1),
(17, 'Menu Management', 'user/menu_management', '', 14, 1),
(18, 'Akun Saya', '#', 'fas_fa-user', 0, 1),
(19, 'Profil', 'member/profile', '', 18, 1),
(20, 'Unggah Foto', 'member/photo_profile/', '', 18, 1),
(21, 'Berkas', '#', '', 18, 1),
(22, 'Unggah KTP', 'member/berkas_ktp/', '', 21, 1),
(23, 'Unggah NPWP', 'member/berkas_npwp/', '', 21, 1),
(24, 'Ubah Password', 'member/update_pass/', '', 18, 1),
(25, 'Info Jaringan', 'member/pohon_jaringan/', '', 18, 0),
(26, 'Menu Transaksi', '#', 'fas_fa-retweet', 0, 1),
(27, 'Beli Emas', 'transaksi/beli_emas/', '', 26, 1),
(28, 'Jual Emas', 'transaksi/jual_emas/', '', 26, 1),
(29, 'Tarik Fisik', 'transaksi/tarik_fisik_emas/', '', 26, 1),
(30, 'Transfer Emas', 'transaksi/transfer/', '', 26, 1),
(31, 'Tarik Tunai', 'transaksi/widraw/', '', 52, 1),
(32, 'Titipan Emas', 'transaksi/titipan_emas/', '', 53, 1),
(33, 'Deposit Uang', 'transaksi/deposit/', '', 52, 1),
(34, 'Riwayat Transaksi', 'transaksi/history/', '', 26, 1),
(35, 'Laporan', '#', 'fas_fa-folder-open', 0, 1),
(36, 'Setting Payout', 'transaksi/view_payout/', '', 12, 1),
(37, 'Laporan Dana Referal', 'transaksi/laporan/dana_referal', '', 51, 1),
(38, 'Laporan Dana Reward', 'transaksi/laporan/dana_reward', '', 51, 1),
(39, 'Laporan Dana Investor', 'transaksi/laporan/dana_investor', '', 51, 1),
(40, 'Laporan Dana Cabang', 'transaksi/laporan/dana_cabang', '', 51, 1),
(41, 'Laporan Dana Pinjaman', 'transaksi/laporan/dana_pinjaman', '', 51, 1),
(42, 'Laporan Dana Marketing', 'transaksi/laporan/dana_marketing', '', 51, 1),
(43, 'Laporan Dana Admin', 'transaksi/laporan/dana_admin', '', 51, 1),
(44, 'Laporan Dana Cadangan', 'transaksi/laporan/dana_cadangan', '', 51, 1),
(45, 'Laporan Simpanan Wajib', 'transaksi/laporan/simpanan_wajib', '', 35, 1),
(46, 'Laporan Simpanan Pokok', 'transaksi/laporan/simpanan_pokok', '', 35, 1),
(47, 'Info Daftar Referal', 'member/daftar_referal/', '', 18, 1),
(48, 'Saldo Wallet Anggota', 'transaksi/laporan/wallet_anggota', '', 35, 0),
(49, 'Laporan Saldo Emas', 'transaksi/daftar_saldo_emas', '', 35, 1),
(50, 'Laporan Saldo Uang', 'transaksi/daftar_saldo_uang', '', 35, 1),
(51, 'Alokasi Reward', '#', 'fas_fa-award', 0, 1),
(52, 'Menu Wallet', '#', 'fas_fa-wallet', 0, 1),
(53, 'Menu Premium', '#', 'fas_fa-medal', 0, 1),
(54, 'Hadiah Reward Poin', 'pengaturan/hadiah_reward_poin', '', 12, 1),
(55, 'Menu Reward', 'member/reward', '', 53, 0),
(56, 'Informasi Lain', '#', 'fas_fa-info-circle', 0, 1),
(57, 'Tentang Rewards', 'member/tentang_reward', '', 56, 1),
(58, 'Biaya Cetak', 'pengaturan/biaya_cetak', '', 12, 1),
(59, 'Paket Keanggotaan', 'member/paket', '', 1, 1);

-- --------------------------------------------------------

--
-- Struktur dari tabel `tb_user_menu_access`
--

CREATE TABLE `tb_user_menu_access` (
  `id` int(11) NOT NULL,
  `role_id` int(11) NOT NULL,
  `menu_id` int(11) NOT NULL
) ENGINE=InnoDB DEFAULT CHARSET=latin1;

--
-- Dumping data untuk tabel `tb_user_menu_access`
--

INSERT INTO `tb_user_menu_access` (`id`, `role_id`, `menu_id`) VALUES
(1, 3, 18),
(2, 3, 26),
(3, 1, 1),
(4, 1, 4),
(5, 1, 12),
(6, 1, 14),
(7, 4, 18),
(8, 4, 26),
(9, 5, 4),
(10, 5, 35),
(11, 1, 35),
(12, 6, 1),
(13, 6, 4),
(14, 6, 35),
(15, 1, 51),
(16, 5, 51),
(17, 3, 52),
(18, 3, 53),
(19, 4, 52),
(20, 3, 56);

-- --------------------------------------------------------

--
-- Struktur dari tabel `tb_user_role`
--

CREATE TABLE `tb_user_role` (
  `id` int(11) NOT NULL,
  `role_name` varchar(128) NOT NULL,
  `payout_id` longtext NOT NULL
) ENGINE=InnoDB DEFAULT CHARSET=latin1;

--
-- Dumping data untuk tabel `tb_user_role`
--

INSERT INTO `tb_user_role` (`id`, `role_name`, `payout_id`) VALUES
(1, 'superadmin', ''),
(2, 'admin', ''),
(3, 'premium', '{\"id1\":\"1\",\"id2\":\"2\",\"id3\":\"3\",\"id4\":\"4\",\"id5\":\"5\",\"id6\":\"6\",\"id7\":\"7\",\"id8\":\"8\",\"id9\":\"9\",\"id10\":\"10\"}'),
(4, 'basic', '{\"id1\":\"9\",\"id2\":\"10\"}'),
(5, 'keuangan', ''),
(6, 'mentor', '');

-- --------------------------------------------------------

--
-- Struktur dari tabel `tb_verifikasi_email`
--

CREATE TABLE `tb_verifikasi_email` (
  `idx` bigint(11) NOT NULL,
  `token` text NOT NULL,
  `idagt` varchar(8) NOT NULL,
  `status` enum('not verified','verified') NOT NULL
) ENGINE=InnoDB DEFAULT CHARSET=latin1;

-- --------------------------------------------------------

--
-- Struktur dari tabel `tb_widraw`
--

CREATE TABLE `tb_widraw` (
  `idx` int(9) NOT NULL,
  `tgl_pengajuan` date NOT NULL,
  `idted` varchar(8) NOT NULL,
  `nominal` int(9) NOT NULL,
  `biaya_adm` int(7) NOT NULL,
  `bankagt` varchar(50) NOT NULL,
  `rekagt` varchar(50) NOT NULL,
  `anagt` varchar(100) NOT NULL,
  `status` int(2) NOT NULL,
  `tgl_cair` date NOT NULL
) ENGINE=InnoDB DEFAULT CHARSET=latin1;

--
-- Dumping data untuk tabel `tb_widraw`
--

INSERT INTO `tb_widraw` (`idx`, `tgl_pengajuan`, `idted`, `nominal`, `biaya_adm`, `bankagt`, `rekagt`, `anagt`, `status`, `tgl_cair`) VALUES
(1, '2020-01-03', '01.00015', 210000, 10000, 'Bank Toyib', '333 222 111', 'Juniar Arif Wicaksono', 1, '2020-04-16'),
(2, '2020-01-30', '01.00003', 10000, 10000, 'BRI', '303601041826532', 'susiloningsih', 1, '2020-04-16'),
(3, '2020-04-15', '01.00007', 300000, 10000, 'Bank Rakyat Indonesia BRI', '111001002375536', 'Dwi sunu raharjo', 1, '2020-04-16'),
(5, '2020-04-16', '01.00003', 20000, 10000, 'BRI', '303601041826532', 'susiloningsih', 1, '2020-04-16'),
(8, '2020-09-23', '01.00011', 180000, 10000, 'BCA ', '0130639798', 'Ummy Mubarokah', 1, '2020-09-25'),
(11, '2020-10-02', '01.00011', 1800000, 10000, 'BCA ', '0130639798', 'Ummy Mubarokah', 1, '2020-10-03'),
(12, '2020-11-23', '01.00095', 389500, 10000, 'BCA', '7830489015', 'Roy Siegfried', 1, '2020-11-23'),
(17, '2020-12-07', '01.00095', 420000, 10000, 'BCA', '7830489015', 'Roy Siegfried', 1, '2020-12-07'),
(18, '2020-12-13', '01.00072', 400, 10000, 'BNI', '0747460049', 'Ida susana', 0, '0000-00-00'),
(19, '2020-12-25', '01.00095', 290000, 10000, 'BCA', '7830489015', 'Roy Siegfried', 1, '2021-01-10'),
(20, '2021-03-05', '01.00065', 696000, 10000, 'Mandiri', '1360016448059', 'ANDRE WIRADIKUSUMA', 1, '2021-03-12'),
(22, '2021-03-08', '01.00055', 791722, 10000, 'BRI', '060901011057503', 'Mohamad Nahrudin', 1, '2021-03-12'),
(30, '2021-04-07', '01.00027', 1500000, 15000, 'Mandiri', '1360016448059', 'ANDRE WIRADIKUSUMA', 1, '2021-04-13'),
(33, '2021-04-27', '01.00028', 1164800, 15000, 'BRI', ' 3405  -   01-    016327 -  53 -  8', 'Ari  wuryantini  ', 0, '0000-00-00');

-- --------------------------------------------------------

--
-- Struktur dari tabel `t_update_ubs`
--

CREATE TABLE `t_update_ubs` (
  `IDX` bigint(20) NOT NULL,
  `UPDATE_AT` datetime NOT NULL DEFAULT CURRENT_TIMESTAMP,
  `HRG_BELI` text NOT NULL,
  `HRG_JUAL` text NOT NULL
) ENGINE=InnoDB DEFAULT CHARSET=latin1;

--
-- Dumping data untuk tabel `t_update_ubs`
--

INSERT INTO `t_update_ubs` (`IDX`, `UPDATE_AT`, `HRG_BELI`, `HRG_JUAL`) VALUES
(6, '2019-07-26 07:30:02', '706,805', '630,500'),
(7, '2019-07-27 03:50:03', '707,309', '631,000'),
(8, '2019-07-29 03:50:01', '708,318', '632,000'),
(9, '2019-07-30 03:55:02', '709,327', '633,000'),
(10, '2019-07-31 04:00:03', '710,841', '634,500'),
(11, '2019-08-01 01:40:04', '710,841', '626,500'),
(12, '2019-08-01 01:45:03', '710,841', '626,000'),
(13, '2019-08-01 04:00:02', '707,814', '631,500'),
(14, '2019-08-02 03:40:01', '720,022', '643,500'),
(15, '2019-08-03 05:20:02', '721,940', '645,500'),
(16, '2019-08-05 03:40:01', '730,112', '653,600'),
(17, '2019-08-05 03:45:03', '730,112', '653,500'),
(18, '2019-08-06 03:30:02', '740,404', '663,500'),
(19, '2019-08-07 03:40:03', '747,871', '671,000'),
(20, '2019-08-07 03:45:02', '747,669', '665,000'),
(21, '2019-08-07 06:05:02', '748,174', '665,000'),
(22, '2019-08-08 03:35:03', '751,705', '665,000'),
(23, '2019-08-09 04:05:02', '753,723', '665,000'),
(24, '2019-08-10 01:25:02', '753,723', '635,000'),
(25, '2019-08-10 03:40:03', '750,192', '635,000'),
(26, '2019-08-10 05:00:03', '750,192', '660,000'),
(27, '2019-08-10 05:05:01', '750,192', '665,000'),
(28, '2019-08-12 03:40:03', '750,696', '674,000'),
(29, '2019-08-13 03:55:01', '762,300', '675,000'),
(30, '2019-08-13 04:05:05', '762,300', '680,000'),
(31, '2019-08-14 03:55:03', '757,759', '674,000'),
(32, '2019-08-15 03:40:01', '764,822', '682,000'),
(33, '2019-08-16 03:40:02', '763,309', '680,500'),
(34, '2019-08-19 03:20:02', '763,309', '675,000'),
(35, '2019-08-19 04:30:02', '759,273', '675,000'),
(36, '2019-08-20 04:50:02', '755,741', '673,000'),
(37, '2019-08-21 03:50:03', '757,255', '679,000'),
(38, '2019-08-22 08:00:06', '756,750', '678,500'),
(39, '2019-08-23 04:00:06', '754,732', '676,500'),
(40, '2019-08-24 04:00:04', '764,318', '687,500'),
(41, '2019-08-26 04:05:04', '772,490', '695,000'),
(42, '2019-08-27 04:00:07', '766,840', '690,000'),
(43, '2019-08-28 04:00:06', '770,876', '694,000'),
(44, '2019-08-29 04:00:06', '773,399', '696,000'),
(45, '2019-08-29 04:05:05', '773,499', '696,000'),
(46, '2019-08-29 04:10:05', '773,399', '696,000'),
(47, '2019-08-30 04:00:07', '767,345', '690,500'),
(48, '2019-08-31 04:00:05', '764,318', '687,500'),
(49, '2019-09-02 04:00:07', '765,831', '689,000'),
(50, '2019-09-03 04:00:07', '766,336', '689,500'),
(51, '2019-09-04 04:00:06', '773,499', '696,500'),
(52, '2019-09-05 04:10:04', '770,977', '694,000'),
(53, '2019-09-06 04:40:05', '761,291', '684,500'),
(54, '2019-09-07 04:00:06', '757,759', '681,000'),
(55, '2019-09-09 04:05:04', '758,264', '681,500'),
(56, '2019-09-10 04:00:04', '747,165', '670,500'),
(57, '2019-09-10 16:50:02', '', ''),
(58, '2019-09-10 16:55:03', '747,165', '670,500'),
(59, '2019-09-11 04:00:06', '749,183', '672,500'),
(60, '2019-09-12 04:15:05', '748,174', '671,500'),
(61, '2019-09-13 04:00:09', '746,660', '670,000'),
(62, '2019-09-14 04:00:06', '745,147', '668,500'),
(63, '2019-09-16 04:00:07', '749,687', '673,000'),
(64, '2019-09-17 04:00:06', '748,678', '672,000'),
(65, '2019-09-18 04:00:06', '748,174', '671,500'),
(66, '2019-09-19 04:00:05', '747,669', '671,000'),
(67, '2019-09-20 04:00:05', '749,183', '672,500'),
(68, '2019-09-21 04:00:05', '753,723', '677,000'),
(69, '2019-09-23 04:00:06', '754,228', '677,500'),
(70, '2019-09-24 04:00:05', '757,759', '681,000'),
(71, '2019-09-25 04:00:05', '762,300', '685,500'),
(72, '2019-09-26 04:00:05', '756,750', '680,000'),
(73, '2019-09-27 04:00:04', '756,246', '679,500'),
(74, '2019-09-28 04:00:05', '754,228', '677,500'),
(75, '2019-09-30 04:05:03', '752,714', '676,000'),
(76, '2019-10-01 04:00:08', '744,642', '668,000'),
(77, '2019-10-02 04:00:07', '747,165', '670,500'),
(78, '2019-10-03 04:00:04', '752,210', '675,500'),
(79, '2019-10-04 04:00:04', '753,723', '677,000'),
(80, '2019-10-05 04:00:04', '752,714', '676,000'),
(81, '2019-10-07 04:00:05', '754,228', '677,500'),
(82, '2019-10-08 04:00:05', '749,183', '672,500'),
(83, '2019-10-09 04:00:05', '753,723', '677,000'),
(84, '2019-10-10 04:00:05', '754,228', '677,500'),
(85, '2019-10-11 04:00:07', '750,696', '679,000'),
(86, '2019-10-11 08:45:03', '750,696', '674,000'),
(87, '2019-10-12 04:00:09', '750,192', '673,500'),
(88, '2019-10-14 04:00:07', '748,476', '671,800'),
(89, '2019-10-15 04:00:08', '750,696', '674,000'),
(90, '2019-10-16 04:00:06', '748,174', '671,500'),
(91, '2019-10-17 04:00:06', '749,183', '672,500'),
(92, '2019-10-18 04:00:05', '748,678', '672,000'),
(93, '2019-10-19 04:00:08', '749,183', '672,500'),
(94, '2019-10-21 04:00:06', '748,174', '671,500'),
(95, '2019-10-22 04:25:03', '744,138', '667,500'),
(96, '2019-10-24 04:00:03', '744,642', '668,000'),
(97, '2019-10-25 04:00:02', '747,669', '671,000'),
(98, '2019-10-26 04:00:04', '747,165', '670,500'),
(99, '2019-10-28 04:45:01', '746,660', '670,000'),
(100, '2019-10-29 04:00:03', '744,642', '668,000'),
(101, '2019-10-30 04:00:02', '743,633', '667,000'),
(102, '2019-10-31 04:00:03', '744,642', '668,000'),
(103, '2019-11-01 04:00:03', '750,192', '673,500'),
(104, '2019-11-02 04:00:03', '750,696', '674,000'),
(105, '2019-11-04 04:00:02', '749,687', '673,000'),
(106, '2019-11-05 04:05:02', '747,669', '671,000'),
(107, '2019-11-06 04:10:03', '742,624', '666,000'),
(108, '2019-11-07 04:00:03', '744,642', '668,000'),
(109, '2019-11-08 04:00:03', '735,561', '659,000'),
(110, '2019-11-11 04:05:03', '736,570', '660,000'),
(111, '2019-11-12 04:00:02', '734,552', '658,000'),
(112, '2019-11-13 04:25:02', '735,561', '659,000'),
(113, '2019-11-14 12:00:02', '736,570', '660,000'),
(114, '2019-11-15 12:00:03', '736,066', '659,500'),
(115, '2019-11-18 12:10:02', '735,561', '659,000'),
(116, '2019-11-19 12:00:02', '735,057', '658,500'),
(117, '2019-11-20 12:00:03', '736,066', '659,500'),
(118, '2019-11-21 12:00:04', '735,561', '659,000'),
(119, '2019-11-22 12:00:01', '735,057', '658,500'),
(120, '2019-11-23 12:00:03', '734,048', '657,500'),
(121, '2019-11-26 12:00:02', '731,021', '654,500'),
(122, '2019-11-26 12:40:03', '730,516', '654,000'),
(123, '2019-11-27 12:10:02', '732,736', '656,000'),
(124, '2019-11-28 12:05:03', '731,021', '654,500'),
(125, '2019-11-30 12:10:03', '732,030', '655,500'),
(126, '2019-12-02 12:00:03', '728,498', '652,000'),
(127, '2019-12-03 12:00:03', '732,030', '655,500'),
(128, '2019-12-04 12:00:03', '739,093', '662,500'),
(129, '2019-12-05 12:35:03', '736,066', '659,500'),
(130, '2019-12-06 12:05:02', '735,057', '658,500'),
(131, '2019-12-07 12:00:03', '731,021', '654,500'),
(132, '2019-12-09 12:00:02', '730,516', '654,000'),
(133, '2019-12-10 12:25:02', '731,021', '654,500'),
(134, '2019-12-11 12:10:03', '732,030', '655,500'),
(135, '2019-12-12 12:00:02', '735,057', '658,500'),
(136, '2019-12-13 12:00:02', '733,039', '656,500'),
(137, '2019-12-14 12:00:03', '735,057', '658,500'),
(138, '2019-12-16 12:00:03', '734,552', '658,000'),
(139, '2019-12-18 16:00:02', '734,048', '657,500'),
(140, '2019-12-19 12:00:04', '735,057', '658,500'),
(141, '2019-12-20 12:00:02', '735,561', '659,000'),
(142, '2019-12-26 12:00:02', '741,615', '665,000'),
(143, '2019-12-27 12:00:02', '745,651', '669,000'),
(144, '2019-12-28 12:00:04', '745,147', '668,500'),
(145, '2020-01-03 12:00:03', '754,732', '678,000'),
(146, '2020-01-04 12:10:03', '761,795', '685,000'),
(147, '2020-01-06 12:00:04', '774,912', '698,000'),
(148, '2020-01-07 12:00:05', '764,318', '687,500'),
(149, '2020-01-08 12:00:03', '777,435', '700,500'),
(150, '2020-01-09 12:00:02', '763,813', '687,000'),
(151, '2020-01-10 12:00:03', '760,786', '684,000'),
(152, '2020-01-10 16:00:03', '759,777', '683,000'),
(153, '2020-01-11 12:00:02', '762,300', '685,500'),
(154, '2020-01-13 12:00:03', '757,255', '680,500'),
(155, '2020-01-14 12:00:02', '749,183', '672,500'),
(156, '2020-01-15 12:00:04', '753,219', '676,500'),
(157, '2020-01-15 16:00:04', '753,723', '677,000'),
(158, '2020-01-16 12:00:04', '751,705', '675,000'),
(159, '2020-01-17 12:00:04', '750,696', '674,000'),
(160, '2020-01-18 12:00:04', '751,201', '674,500'),
(161, '2020-01-20 12:25:03', '751,705', '675,000'),
(162, '2020-01-21 12:00:02', '755,237', '678,500'),
(163, '2020-01-22 12:00:03', '750,696', '674,000'),
(164, '2020-01-23 12:00:02', '749,687', '673,000'),
(165, '2020-01-24 12:10:01', '751,201', '674,500'),
(166, '2020-01-27 12:00:04', '758,264', '681,500'),
(167, '2020-01-28 12:00:03', '760,282', '683,500'),
(168, '2020-01-29 12:00:04', '753,723', '677,000'),
(169, '2020-01-30 12:10:03', '759,777', '683,000'),
(170, '2020-01-31 12:00:04', '758,264', '681,500'),
(171, '2020-02-01 12:00:03', '765,327', '688,500'),
(172, '2020-02-03 12:00:03', '765,831', '689,000'),
(173, '2020-02-04 12:00:03', '764,318', '687,500'),
(174, '2020-02-05 12:00:04', '755,741', '679,000'),
(175, '2020-02-06 12:00:03', '752,714', '676,000'),
(176, '2020-02-07 12:00:04', '755,741', '679,000'),
(177, '2020-02-08 12:00:04', '758,264', '681,500'),
(178, '2020-02-10 12:00:04', '759,273', '682,500'),
(179, '2020-02-11 12:00:03', '758,264', '681,500'),
(180, '2020-02-12 12:00:03', '757,255', '680,500'),
(181, '2020-02-13 12:00:04', '758,667', '682,000'),
(182, '2020-02-14 12:00:04', '760,282', '692,000'),
(183, '2020-02-15 12:00:04', '764,822', '697,000'),
(184, '2020-02-17 12:00:05', '763,813', '696,000'),
(185, '2020-02-18 12:00:04', '765,327', '696,000'),
(186, '2020-02-19 12:00:04', '773,399', '700,000'),
(187, '2020-02-20 12:00:05', '778,444', '708,000'),
(188, '2020-02-21 12:00:04', '786,011', '712,000'),
(189, '2020-02-22 12:00:04', '796,101', '720,000'),
(190, '2020-02-24 12:00:05', '808,209', '730,000'),
(191, '2020-02-25 12:35:03', '805,182', '730,000'),
(192, '2020-02-26 12:00:04', '804,173', '730,000'),
(193, '2020-02-27 12:00:04', '811,236', '735,000'),
(194, '2020-02-27 12:45:04', '812,245', '735,000'),
(195, '2020-02-28 12:00:04', '812,245', '738,000'),
(196, '2020-02-28 12:15:02', '823,344', '738,000'),
(197, '2020-02-28 12:55:03', '824,353', '738,000'),
(198, '2020-02-29 12:00:06', '804,173', '728,000'),
(199, '2020-03-02 12:00:03', '809,117', '732,000'),
(200, '2020-03-03 12:00:03', '800,137', '737,000'),
(201, '2020-03-04 12:00:02', '814,263', '749,000'),
(202, '2020-03-05 12:00:02', '813,759', '744,000'),
(203, '2020-03-06 12:00:02', '836,966', '760,000'),
(204, '2020-03-07 12:00:05', '836,966', '765,000'),
(205, '2020-03-07 12:55:02', '834,948', '765,000'),
(206, '2020-03-09 12:00:04', '849,074', '776,000'),
(207, '2020-03-10 12:00:03', '839,993', '767,000'),
(208, '2020-03-11 12:00:03', '833,939', '764,000'),
(209, '2020-03-11 12:55:03', '834,948', '764,000'),
(210, '2020-03-12 12:00:03', '834,948', '756,000'),
(211, '2020-03-13 12:00:04', '826,371', '734,000'),
(212, '2020-03-13 16:00:04', '824,858', '734,000'),
(213, '2020-03-14 12:00:04', '803,164', '730,000'),
(214, '2020-03-16 12:00:04', '803,164', '741,000'),
(215, '2020-03-16 12:05:03', '815,272', '741,000'),
(216, '2020-03-17 12:00:04', '815,272', '719,000'),
(217, '2020-03-17 12:10:03', '805,182', '719,000'),
(218, '2020-03-18 12:00:04', '820,822', '745,000'),
(219, '2020-03-19 12:00:04', '820,822', '732,000'),
(220, '2020-03-19 12:05:03', '819,308', '732,000'),
(221, '2020-03-20 12:00:04', '819,308', '743,000'),
(222, '2020-03-20 12:20:04', '847,560', '743,000'),
(223, '2020-03-21 12:00:03', '875,812', '791,000'),
(224, '2020-03-21 12:20:03', '849,074', '791,000'),
(225, '2020-03-23 12:00:04', '961,577', '780,000'),
(226, '2020-03-24 12:00:04', '961,577', '810,000'),
(227, '2020-03-24 12:50:03', '992,352', '810,000'),
(228, '2020-03-26 12:00:03', '961,577', '810,000'),
(229, '2020-03-27 12:30:03', '931,307', '810,000'),
(230, '2020-03-30 12:35:03', '913,650', '810,000'),
(231, '2020-03-31 12:00:04', '905,578', '810,000'),
(232, '2020-04-01 12:00:04', '905,578', '805,000'),
(233, '2020-04-02 12:00:04', '905,578', '810,000'),
(234, '2020-04-02 12:30:04', '918,695', '810,000'),
(235, '2020-04-02 12:50:03', '918,695', '822,000'),
(236, '2020-04-03 12:00:04', '918,695', '845,000'),
(237, '2020-04-03 12:20:03', '925,758', '845,000'),
(238, '2020-04-06 12:00:04', '925,758', '832,000'),
(239, '2020-04-07 12:00:03', '925,758', '862,000'),
(240, '2020-04-07 12:25:03', '943,415', '862,000'),
(241, '2020-04-08 12:00:03', '933,325', '845,000'),
(242, '2020-04-09 12:00:03', '933,325', '836,000'),
(243, '2020-04-13 12:00:02', '933,325', '848,000'),
(244, '2020-04-13 12:20:03', '929,794', '848,000'),
(245, '2020-04-14 12:00:03', '929,794', '844,000'),
(246, '2020-04-14 12:15:02', '935,848', '844,000'),
(247, '2020-04-15 12:00:04', '956,028', '840,000'),
(248, '2020-04-15 12:30:03', '945,938', '840,000'),
(249, '2020-04-16 12:00:03', '945,938', '837,000'),
(250, '2020-04-16 12:25:03', '955,019', '837,000'),
(251, '2020-04-17 12:00:03', '941,902', '840,000'),
(254, '2020-04-20 21:25:13', '927,776', '816,000'),
(256, '2020-04-28 12:10:04', '948,460', '834,000'),
(273, '2020-04-30 16:00:03', '933,830', '829,000'),
(274, '2020-05-01 08:00:04', '933,830', '829,000'),
(275, '2020-05-02 08:00:05', '933,830', '829,000'),
(276, '2020-05-03 08:00:04', '933,830', '829,000'),
(277, '2020-05-04 08:00:04', '933,830', '829,000'),
(278, '2020-05-05 08:00:04', '920,713', '813,000'),
(279, '2020-05-06 08:00:03', '925,758', '812,000'),
(280, '2020-05-07 08:00:05', '926,767', '813,000'),
(281, '2020-05-08 08:00:03', '926,767', '813,000'),
(282, '2020-05-09 08:00:04', '929,289', '819,000'),
(283, '2020-05-10 08:00:05', '929,289', '819,000'),
(284, '2020-05-11 08:00:05', '929,289', '819,000'),
(285, '2020-05-12 08:00:04', '917,686', '812,000'),
(286, '2020-05-13 08:00:04', '916,677', '806,000'),
(287, '2020-05-14 08:00:05', '917,686', '812,000'),
(288, '2020-05-15 08:00:03', '923,235', '815,000'),
(289, '2020-05-16 08:00:04', '928,785', '823,000'),
(290, '2020-05-17 08:00:05', '928,785', '823,000'),
(291, '2020-05-18 08:00:05', '928,785', '823,000'),
(292, '2020-05-19 08:00:04', '940,893', '831,000'),
(293, '2020-05-20 08:00:04', '928,785', '822,000'),
(294, '2020-05-21 08:00:05', '929,794', '824,000'),
(295, '2020-05-22 08:00:03', '929,794', '824,000'),
(296, '2020-05-23 08:00:04', '929,794', '824,000'),
(297, '2020-05-24 08:00:04', '929,794', '824,000'),
(298, '2020-05-25 08:00:03', '929,794', '824,000'),
(299, '2020-05-26 08:00:04', '929,794', '824,000'),
(300, '2020-05-27 08:00:05', '923,740', '816,000'),
(301, '2020-05-28 08:00:04', '915,668', '808,000'),
(302, '2020-05-29 08:00:05', '918,190', '808,000'),
(303, '2020-05-30 08:00:04', '920,713', '813,000'),
(304, '2020-05-31 08:00:04', '920,713', '813,000'),
(305, '2020-06-01 08:00:05', '920,713', '813,000'),
(306, '2020-06-02 08:00:04', '920,713', '813,000'),
(307, '2020-06-03 08:00:05', '915,668', '823,000'),
(308, '2020-06-04 08:00:04', '903,055', '801,000'),
(309, '2020-06-05 08:00:05', '888,929', '776,000'),
(310, '2020-06-06 08:00:04', '889,434', '778,000'),
(311, '2020-06-07 08:00:05', '889,434', '778,000'),
(312, '2020-06-08 08:00:04', '889,434', '778,000'),
(313, '2020-06-09 08:00:05', '869,758', '762,000'),
(314, '2020-06-10 08:00:04', '871,776', '761,000'),
(315, '2020-06-11 08:00:05', '882,875', '769,000'),
(316, '2020-06-12 08:00:05', '891,452', '784,000'),
(317, '2020-06-13 08:00:06', '895,488', '777,000'),
(318, '2020-06-14 08:00:05', '895,488', '777,000'),
(319, '2020-06-15 08:00:04', '895,488', '777,000'),
(320, '2020-06-16 08:00:05', '895,488', '793,000'),
(321, '2020-06-17 08:00:05', '891,956', '787,000'),
(322, '2020-06-18 08:00:04', '889,938', '784,000'),
(323, '2020-06-19 08:00:03', '890,947', '790,000'),
(324, '2020-06-20 08:00:04', '890,947', '784,000'),
(325, '2020-06-21 08:00:05', '890,947', '784,000'),
(326, '2020-06-22 08:00:04', '890,947', '784,000'),
(327, '2020-06-23 08:00:05', '903,560', '797,000'),
(328, '2020-06-24 08:00:05', '904,064', '799,000'),
(329, '2020-06-25 08:00:05', '906,587', '809,000'),
(330, '2020-06-26 08:00:04', '907,596', '800,000'),
(331, '2020-06-27 08:00:04', '910,623', '803,000'),
(332, '2020-06-28 08:00:05', '910,623', '803,000'),
(333, '2020-06-29 08:00:04', '910,623', '803,000'),
(334, '2020-06-30 08:00:05', '924,749', '806,000'),
(335, '2020-07-01 08:00:05', '923,740', '814,000'),
(336, '2020-07-02 08:00:04', '934,839', '815,000'),
(337, '2020-07-03 08:00:04', '929,794', '812,000'),
(338, '2020-07-04 08:00:05', '932,821', '825,000'),
(339, '2020-07-05 08:00:06', '932,821', '825,000'),
(340, '2020-07-06 08:00:04', '932,821', '825,000'),
(341, '2020-07-07 08:00:04', '932,316', '829,000'),
(342, '2020-07-08 08:00:04', '930,298', '832,000'),
(343, '2020-07-09 08:00:03', '935,343', '832,000'),
(344, '2020-07-10 08:00:05', '942,911', '838,000'),
(345, '2020-07-11 08:00:04', '941,902', '835,000'),
(346, '2020-07-12 08:00:04', '941,902', '835,000'),
(347, '2020-07-13 08:00:03', '941,902', '835,000'),
(348, '2020-07-14 08:00:03', '942,911', '836,000'),
(349, '2020-07-15 08:00:04', '943,415', '836,000'),
(350, '2020-07-16 08:00:03', '952,496', '841,000'),
(351, '2020-07-17 08:00:03', '953,001', '848,000'),
(352, '2020-07-18 08:00:05', '957,037', '844,000'),
(353, '2020-07-19 08:00:05', '957,037', '844,000'),
(354, '2020-07-20 08:00:04', '957,037', '844,000'),
(355, '2020-07-21 08:00:03', '964,100', '856,000'),
(356, '2020-07-22 08:00:03', '969,649', '863,000'),
(357, '2020-07-23 08:00:03', '977,721', '881,000'),
(358, '2020-07-24 08:00:02', '981,555', '877,000'),
(359, '2020-07-25 08:00:03', '988,316', '884,000'),
(360, '2020-07-26 08:00:03', '988,316', '884,000'),
(361, '2020-07-27 08:00:02', '988,316', '884,000'),
(362, '2020-07-28 08:00:04', '1,010,514', '896,000'),
(363, '2020-07-29 08:00:03', '1,017,577', '910,000'),
(364, '2020-07-30 08:00:02', '1,020,099', '910,000'),
(365, '2020-07-31 08:00:02', '1,026,658', '913,000'),
(366, '2020-08-01 08:00:02', '1,026,658', '913,000'),
(367, '2020-08-02 08:00:04', '1,026,658', '913,000'),
(368, '2020-08-03 08:00:03', '1,026,658', '913,000'),
(369, '2020-08-04 08:00:03', '1,040,784', '927,000'),
(370, '2020-08-05 08:00:04', '1,040,784', '929,000'),
(371, '2020-08-06 08:00:03', '1,048,856', '947,000'),
(372, '2020-08-07 08:00:03', '1,058,441', '953,000'),
(373, '2020-08-08 08:00:04', '1,076,099', '964,000'),
(374, '2020-08-09 08:00:05', '1,076,099', '964,000'),
(375, '2020-08-10 08:00:02', '1,076,099', '964,000'),
(376, '2020-08-11 08:00:03', '1,063,486', '953,000'),
(377, '2020-08-12 08:00:03', '1,061,468', '954,000'),
(378, '2020-08-13 08:00:03', '1,015,054', '906,000'),
(379, '2020-08-14 08:00:03', '1,031,703', '911,000'),
(380, '2020-08-15 08:00:03', '1,037,252', '930,000'),
(381, '2020-08-16 08:00:04', '1,037,252', '930,000'),
(382, '2020-08-17 08:00:03', '1,037,252', '930,000'),
(383, '2020-08-18 08:00:02', '1,037,252', '930,000'),
(384, '2020-08-19 08:00:03', '1,060,459', '946,000'),
(385, '2020-08-20 08:00:02', '1,060,459', '956,000'),
(386, '2020-08-21 08:00:04', '1,060,459', '956,000'),
(387, '2020-08-22 08:00:04', '1,037,757', '930,000'),
(388, '2020-08-23 08:00:03', '1,037,757', '930,000'),
(389, '2020-08-24 08:00:02', '1,037,757', '930,000'),
(390, '2020-08-25 08:00:03', '1,025,144', '919,000'),
(391, '2020-08-26 08:00:04', '1,017,577', '917,000'),
(392, '2020-08-27 08:00:03', '1,014,550', '907,000'),
(393, '2020-08-28 08:00:02', '1,022,117', '917,000'),
(394, '2020-08-29 08:00:02', '1,018,081', '910,000'),
(395, '2020-08-30 08:00:04', '1,018,081', '910,000'),
(396, '2020-08-31 08:00:03', '1,018,081', '910,000'),
(397, '2020-09-01 08:00:02', '1,026,658', '931,000'),
(398, '2020-09-02 08:00:04', '1,034,730', '923,000'),
(399, '2020-09-03 08:00:02', '1,037,252', '923,000'),
(400, '2020-09-04 08:00:03', '1,031,703', '923,000'),
(401, '2020-09-05 08:00:03', '1,021,108', '921,000'),
(402, '2020-09-06 08:00:02', '1,021,108', '921,000'),
(403, '2020-09-07 08:00:03', '1,021,108', '921,000'),
(404, '2020-09-08 08:00:02', '1,022,622', '920,000'),
(405, '2020-09-09 08:00:05', '1,020,604', '914,000'),
(406, '2020-09-10 08:00:02', '1,023,631', '916,000'),
(407, '2020-09-11 08:00:03', '1,074,081', '927,000'),
(408, '2020-09-12 08:00:03', '1,080,135', '929,000'),
(409, '2020-09-13 08:00:03', '1,080,135', '929,000'),
(410, '2020-09-14 08:00:02', '1,080,135', '929,000'),
(411, '2020-09-15 08:00:04', '1,081,648', '933,000'),
(412, '2020-09-16 08:00:03', '1,082,153', '940,000'),
(413, '2020-09-17 08:00:03', '1,078,117', '932,000'),
(414, '2020-09-18 08:00:02', '1,075,594', '932,000'),
(415, '2020-09-19 08:00:04', '1,068,531', '932,000'),
(416, '2020-09-20 08:00:03', '1,068,531', '932,000'),
(417, '2020-09-21 08:00:04', '1,068,531', '932,000'),
(418, '2020-09-22 08:00:03', '1,065,000', '926,000'),
(419, '2020-09-23 08:00:04', '1,049,865', '907,000'),
(420, '2020-09-24 08:00:04', '1,052,892', '904,000'),
(421, '2020-09-25 08:00:03', '1,043,811', '890,000'),
(422, '2020-09-26 08:00:04', '1,046,838', '897,000'),
(423, '2020-09-27 08:00:04', '1,046,838', '897,000'),
(424, '2020-09-28 08:00:04', '1,046,838', '897,000'),
(425, '2020-09-29 08:00:06', '1,041,893', '894,000'),
(426, '2020-09-30 08:00:06', '1,047,342', '904,000'),
(427, '2020-10-01 08:00:04', '1,049,865', '907,000'),
(428, '2020-10-02 08:00:03', '1,046,333', '904,000'),
(429, '2020-10-03 08:00:03', '1,047,847', '908,000'),
(430, '2020-10-04 08:00:04', '1,047,847', '908,000'),
(431, '2020-10-05 08:00:03', '1,047,847', '908,000'),
(432, '2020-10-06 08:00:04', '1,048,351', '909,000'),
(433, '2020-10-07 08:00:03', '1,043,811', '912,000'),
(434, '2020-10-08 08:00:03', '1,043,811', '889,000'),
(435, '2020-10-09 08:00:03', '1,041,793', '894,000'),
(436, '2020-10-10 08:00:06', '1,045,324', '898,000'),
(437, '2020-10-11 08:00:04', '1,045,324', '898,000'),
(438, '2020-10-12 08:00:03', '1,045,324', '898,000'),
(439, '2020-10-13 08:00:04', '1,053,901', '911,000'),
(440, '2020-10-14 08:00:03', '1,049,360', '909,000'),
(441, '2020-10-15 08:00:03', '1,040,784', '900,000'),
(442, '2020-10-16 08:00:02', '1,042,802', '902,000'),
(443, '2020-10-17 08:00:02', '1,046,838', '904,000'),
(444, '2020-10-18 08:00:04', '1,046,838', '904,000'),
(445, '2020-10-19 08:00:03', '1,046,838', '904,000'),
(446, '2020-10-20 08:00:03', '1,042,802', '901,000'),
(447, '2020-10-21 08:00:04', '1,041,793', '901,000'),
(448, '2020-10-28 10:50:28', '1,045,324', '899,000'),
(449, '2020-10-31 06:07:28', '1,044,315', '899,000'),
(450, '2020-10-31 08:00:03', '1,044,315', '899,000'),
(451, '2020-10-31 12:00:04', '1,044,315', '899,000'),
(452, '2020-10-31 16:00:04', '1,044,315', '899,000'),
(453, '2020-10-31 20:00:03', '1,044,315', '899,000'),
(454, '2020-11-01 00:00:04', '1,044,315', '899,000'),
(455, '2020-11-01 04:00:04', '1,044,315', '899,000'),
(456, '2020-11-01 08:00:05', '1,044,315', '899,000'),
(457, '2020-11-01 12:00:04', '1,044,315', '899,000'),
(458, '2020-11-01 16:00:04', '1,044,315', '899,000'),
(459, '2020-11-01 20:00:03', '1,044,315', '899,000'),
(460, '2020-11-02 00:00:04', '1,044,315', '899,000'),
(461, '2020-11-02 04:00:03', '1,044,315', '899,000'),
(462, '2020-11-02 08:00:02', '1,044,315', '899,000'),
(463, '2020-11-02 12:00:04', '1,034,730', '885,000'),
(464, '2020-11-02 16:00:04', '1,034,730', '885,000'),
(465, '2020-11-02 20:00:02', '1,034,730', '885,000'),
(466, '2020-11-03 00:00:03', '1,034,730', '885,000'),
(467, '2020-11-03 04:00:03', '1,034,730', '885,000'),
(468, '2020-11-03 08:00:02', '1,034,730', '885,000'),
(469, '2020-11-03 12:00:03', '1,032,712', '896,000'),
(470, '2020-11-03 16:00:04', '1,032,712', '896,000'),
(471, '2020-11-03 20:00:04', '1,032,712', '896,000'),
(472, '2020-11-04 00:00:06', '1,032,712', '896,000'),
(473, '2020-11-04 04:00:02', '1,032,712', '896,000'),
(474, '2020-11-04 08:00:03', '1,032,712', '896,000'),
(475, '2020-11-04 12:00:05', '1,031,198', '896,000'),
(476, '2020-11-04 16:00:05', '1,031,198', '896,000'),
(477, '2020-11-04 20:00:03', '1,031,198', '896,000'),
(478, '2020-11-05 00:00:05', '1,031,198', '896,000'),
(479, '2020-11-05 04:00:03', '1,031,198', '896,000'),
(480, '2020-11-05 08:00:03', '1,031,198', '896,000'),
(481, '2020-11-05 12:00:04', '1,029,180', '892,000'),
(482, '2020-11-05 16:00:02', '1,029,180', '892,000'),
(483, '2020-11-05 20:00:03', '1,029,180', '892,000'),
(484, '2020-11-06 00:00:07', '1,029,180', '892,000'),
(485, '2020-11-06 04:00:02', '1,029,180', '892,000'),
(486, '2020-11-06 08:00:03', '1,029,180', '892,000'),
(487, '2020-11-06 12:00:05', '1,035,739', '902,000'),
(488, '2020-11-06 16:00:04', '1,035,739', '902,000'),
(489, '2020-11-06 20:00:04', '1,035,739', '902,000'),
(490, '2020-11-07 00:00:02', '1,035,739', '902,000'),
(491, '2020-11-07 04:00:02', '1,035,739', '902,000'),
(492, '2020-11-07 08:00:05', '1,035,739', '902,000'),
(493, '2020-11-07 12:00:04', '1,035,739', '902,000'),
(494, '2020-11-07 16:00:04', '1,035,739', '902,000'),
(495, '2020-11-07 20:00:02', '1,035,739', '902,000'),
(496, '2020-11-08 00:00:03', '1,035,739', '902,000'),
(497, '2020-11-08 04:00:04', '1,035,739', '902,000'),
(498, '2020-11-08 08:00:04', '1,035,739', '902,000'),
(499, '2020-11-08 12:00:04', '1,035,739', '902,000'),
(500, '2020-11-08 16:00:06', '1,035,739', '902,000'),
(501, '2020-11-08 20:00:03', '1,035,739', '902,000'),
(502, '2020-11-09 00:00:05', '1,035,739', '902,000'),
(503, '2020-11-09 04:00:02', '1,035,739', '902,000'),
(504, '2020-11-09 08:00:04', '1,035,739', '902,000'),
(505, '2020-11-09 12:00:04', '1,033,216', '899,000'),
(506, '2020-11-09 16:00:05', '1,033,216', '899,000'),
(507, '2020-11-09 20:00:03', '1,033,216', '899,000'),
(508, '2020-11-10 00:00:03', '1,033,216', '899,000'),
(509, '2020-11-10 04:00:04', '1,033,216', '899,000'),
(510, '2020-11-10 08:00:04', '1,033,216', '899,000'),
(511, '2020-11-10 12:00:04', '1,033,216', '857,000'),
(512, '2020-11-10 16:00:04', '994,874', '857,000'),
(513, '2020-11-10 20:00:04', '994,874', '857,000'),
(514, '2020-11-11 00:00:03', '994,874', '857,000'),
(515, '2020-11-11 04:00:04', '994,874', '857,000'),
(516, '2020-11-11 08:00:04', '994,874', '857,000'),
(517, '2020-11-11 12:00:05', '999,415', '854,000'),
(518, '2020-11-11 16:00:05', '999,415', '854,000'),
(519, '2020-11-11 20:00:04', '999,415', '854,000'),
(520, '2020-11-12 00:00:04', '999,415', '854,000'),
(521, '2020-11-12 04:00:02', '999,415', '854,000'),
(522, '2020-11-12 08:00:03', '999,415', '854,000'),
(523, '2020-11-12 12:00:04', '1,000,928', '850,000'),
(524, '2020-11-12 16:00:04', '1,000,928', '850,000'),
(525, '2020-11-12 20:00:03', '1,000,928', '850,000'),
(526, '2020-11-13 00:00:03', '1,000,928', '850,000'),
(527, '2020-11-13 04:00:02', '1,000,928', '850,000'),
(528, '2020-11-13 08:00:03', '1,000,928', '850,000'),
(529, '2020-11-13 12:00:03', '1,000,928', '858,000'),
(530, '2020-11-13 16:00:03', '1,003,652', '858,000'),
(531, '2020-11-13 20:00:03', '1,003,652', '858,000'),
(532, '2020-11-14 00:00:04', '1,003,652', '858,000'),
(533, '2020-11-14 04:00:03', '1,003,652', '858,000'),
(534, '2020-11-14 08:00:03', '1,003,652', '858,000'),
(535, '2020-11-14 12:00:02', '1,003,652', '858,000'),
(536, '2020-11-14 16:00:02', '1,003,652', '858,000'),
(537, '2020-11-14 20:00:02', '1,003,652', '858,000'),
(538, '2020-11-15 00:00:03', '1,003,652', '858,000'),
(539, '2020-11-15 04:00:04', '1,003,652', '858,000'),
(540, '2020-11-15 08:00:05', '1,003,652', '858,000'),
(541, '2020-11-15 12:00:04', '1,003,652', '858,000'),
(542, '2020-11-15 16:00:03', '1,003,652', '858,000'),
(543, '2020-11-15 20:00:02', '1,003,652', '858,000'),
(544, '2020-11-16 00:00:05', '1,003,652', '858,000'),
(545, '2020-11-16 04:00:03', '1,003,652', '858,000'),
(546, '2020-11-16 08:00:04', '1,003,652', '858,000'),
(547, '2020-11-16 12:00:03', '1,004,964', '864,000'),
(548, '2020-11-16 16:00:03', '1,004,964', '864,000'),
(549, '2020-11-16 20:00:05', '1,004,964', '864,000'),
(550, '2020-11-17 00:00:04', '1,004,964', '864,000'),
(551, '2020-11-17 04:00:03', '1,004,964', '864,000'),
(552, '2020-11-17 08:00:04', '1,004,964', '864,000'),
(553, '2020-11-17 12:00:03', '1,002,946', '859,000'),
(554, '2020-11-17 16:00:02', '1,002,946', '859,000'),
(555, '2020-11-17 20:00:03', '1,002,946', '859,000'),
(556, '2020-11-18 00:00:03', '1,002,946', '859,000'),
(557, '2020-11-18 04:00:04', '1,002,946', '859,000'),
(558, '2020-11-18 08:00:05', '1,002,946', '859,000'),
(559, '2020-11-18 12:00:05', '999,919', '853,000'),
(560, '2020-11-18 16:00:04', '999,919', '853,000'),
(561, '2020-11-18 20:00:04', '999,919', '853,000'),
(562, '2020-11-19 00:00:04', '999,919', '853,000'),
(563, '2020-11-19 04:00:03', '999,919', '853,000'),
(564, '2020-11-19 08:00:03', '999,919', '853,000'),
(565, '2020-11-19 12:00:05', '997,901', '850,000'),
(566, '2020-11-19 16:00:05', '997,901', '850,000'),
(567, '2020-11-19 20:00:02', '997,901', '850,000'),
(568, '2020-11-20 00:00:04', '997,901', '850,000'),
(569, '2020-11-20 04:00:04', '997,901', '850,000'),
(570, '2020-11-20 08:00:05', '997,901', '850,000'),
(571, '2020-11-20 12:00:05', '997,901', '850,000'),
(572, '2020-11-20 16:00:09', '997,901', '850,000'),
(573, '2020-11-20 20:00:02', '997,901', '850,000'),
(574, '2020-11-21 00:00:03', '997,901', '850,000'),
(575, '2020-11-21 04:00:03', '997,901', '850,000'),
(576, '2020-11-21 08:00:04', '997,901', '850,000'),
(577, '2020-11-21 12:00:03', '997,901', '850,000'),
(578, '2020-11-21 16:00:04', '997,901', '850,000'),
(579, '2020-11-21 20:00:03', '997,901', '850,000'),
(580, '2020-11-22 00:00:05', '997,901', '850,000'),
(581, '2020-11-22 04:00:04', '997,901', '850,000'),
(582, '2020-11-22 08:00:04', '997,901', '850,000'),
(583, '2020-11-22 12:00:04', '997,901', '850,000'),
(584, '2020-11-22 16:00:05', '997,901', '850,000'),
(585, '2020-11-22 20:00:03', '997,901', '850,000'),
(586, '2020-11-23 00:00:05', '997,901', '850,000'),
(587, '2020-11-23 04:00:04', '997,901', '850,000'),
(588, '2020-11-23 08:00:04', '997,901', '850,000'),
(589, '2020-11-23 12:00:06', '996,892', '856,000'),
(590, '2020-11-23 16:00:04', '996,892', '856,000'),
(591, '2020-11-23 20:00:06', '996,892', '856,000'),
(592, '2020-11-24 00:00:06', '996,892', '856,000'),
(593, '2020-11-24 04:00:03', '996,892', '856,000'),
(594, '2020-11-24 08:00:04', '996,892', '856,000'),
(595, '2020-11-24 12:00:05', '979,739', '839,000'),
(596, '2020-11-24 16:00:05', '979,739', '839,000'),
(597, '2020-11-24 20:00:03', '979,739', '839,000'),
(598, '2020-11-25 00:00:04', '979,739', '839,000'),
(599, '2020-11-25 04:00:03', '979,739', '839,000'),
(600, '2020-11-25 08:00:04', '979,739', '839,000'),
(601, '2020-11-25 12:00:08', '979,739', '829,000'),
(602, '2020-11-25 16:00:05', '971,163', '829,000'),
(603, '2020-11-25 20:00:03', '971,163', '829,000'),
(604, '2020-11-26 00:00:05', '971,163', '829,000'),
(605, '2020-11-26 04:00:04', '971,163', '829,000'),
(606, '2020-11-26 08:00:03', '971,163', '829,000'),
(607, '2020-11-26 12:00:06', '967,127', '829,000'),
(608, '2020-11-26 16:00:05', '967,127', '829,000'),
(609, '2020-11-26 20:00:04', '967,127', '829,000'),
(610, '2020-11-27 00:00:03', '967,127', '829,000'),
(611, '2020-11-27 04:00:03', '967,127', '829,000'),
(612, '2020-11-27 08:00:04', '967,127', '829,000'),
(613, '2020-11-27 12:00:06', '967,631', '826,000'),
(614, '2020-11-27 16:00:03', '967,631', '826,000'),
(615, '2020-11-27 20:00:06', '967,631', '826,000'),
(616, '2020-11-28 00:00:05', '967,631', '826,000'),
(617, '2020-11-28 04:00:03', '967,631', '826,000'),
(618, '2020-11-28 08:00:04', '967,631', '826,000'),
(619, '2020-11-28 12:00:04', '967,631', '826,000'),
(620, '2020-11-28 16:00:06', '967,631', '826,000'),
(621, '2020-11-28 20:00:03', '967,631', '826,000'),
(622, '2020-11-29 00:00:03', '967,631', '826,000'),
(623, '2020-11-29 04:00:05', '967,631', '826,000'),
(624, '2020-11-29 08:00:05', '967,631', '826,000'),
(625, '2020-11-29 12:00:04', '967,631', '826,000'),
(626, '2020-11-29 16:00:04', '967,631', '826,000'),
(627, '2020-11-29 20:00:04', '967,631', '826,000'),
(628, '2020-11-30 00:00:04', '967,631', '826,000'),
(629, '2020-11-30 04:00:04', '967,631', '826,000'),
(630, '2020-11-30 08:00:05', '967,631', '826,000'),
(631, '2020-11-30 12:00:06', '951,487', '816,000'),
(632, '2020-11-30 16:00:05', '951,487', '816,000'),
(633, '2020-11-30 20:00:04', '951,487', '816,000'),
(634, '2020-12-01 00:00:04', '951,487', '816,000'),
(635, '2020-12-01 04:00:02', '951,487', '816,000'),
(636, '2020-12-01 08:00:04', '951,487', '816,000'),
(637, '2020-12-01 12:00:05', '951,487', '811,000'),
(638, '2020-12-01 16:00:05', '952,496', '811,000'),
(639, '2020-12-01 20:00:03', '952,496', '811,000'),
(640, '2020-12-02 00:00:04', '952,496', '811,000'),
(641, '2020-12-02 04:00:03', '952,496', '811,000'),
(642, '2020-12-02 08:00:05', '952,496', '811,000'),
(643, '2020-12-02 21:00:54', '964,100', '825,000'),
(644, '2020-12-03 00:00:05', '964,100', '825,000'),
(645, '2020-12-03 04:00:04', '964,100', '825,000'),
(646, '2020-12-03 08:00:03', '964,100', '825,000'),
(647, '2020-12-03 12:00:03', '974,190', '832,000'),
(648, '2020-12-03 16:00:05', '974,190', '832,000'),
(649, '2020-12-03 20:00:05', '974,190', '832,000'),
(650, '2020-12-04 00:00:05', '974,190', '832,000'),
(651, '2020-12-04 04:00:04', '974,190', '832,000'),
(652, '2020-12-04 08:00:03', '974,190', '832,000'),
(653, '2020-12-04 12:00:03', '980,244', '838,000'),
(654, '2020-12-04 16:00:05', '980,244', '838,000'),
(655, '2020-12-04 20:00:03', '980,244', '838,000'),
(656, '2020-12-05 00:00:05', '980,244', '838,000'),
(657, '2020-12-05 04:00:04', '980,244', '838,000'),
(658, '2020-12-05 08:00:05', '980,244', '838,000'),
(659, '2020-12-05 12:00:05', '980,244', '838,000'),
(660, '2020-12-05 16:00:03', '980,244', '838,000'),
(661, '2020-12-05 20:00:03', '980,244', '838,000'),
(662, '2020-12-06 00:00:04', '980,244', '838,000'),
(663, '2020-12-06 04:00:04', '980,244', '838,000'),
(664, '2020-12-06 08:00:06', '980,244', '838,000'),
(665, '2020-12-06 12:00:05', '980,244', '838,000'),
(666, '2020-12-06 16:00:04', '980,244', '838,000'),
(667, '2020-12-06 20:00:04', '980,244', '838,000'),
(668, '2020-12-07 00:00:04', '980,244', '838,000'),
(669, '2020-12-07 04:00:04', '980,244', '838,000'),
(670, '2020-12-07 08:00:03', '980,244', '838,000'),
(671, '2020-12-07 12:00:04', '976,712', '837,000'),
(672, '2020-12-07 16:00:05', '976,712', '837,000'),
(673, '2020-12-07 20:00:04', '976,712', '837,000'),
(674, '2020-12-08 00:00:05', '976,712', '837,000'),
(675, '2020-12-08 04:00:03', '976,712', '837,000'),
(676, '2020-12-08 08:00:04', '976,712', '837,000'),
(677, '2020-12-08 12:00:04', '989,829', '846,000'),
(678, '2020-12-08 16:00:05', '989,829', '846,000'),
(679, '2020-12-08 20:00:03', '989,829', '846,000'),
(680, '2020-12-09 00:00:05', '989,829', '846,000'),
(681, '2020-12-09 04:00:03', '989,829', '846,000'),
(682, '2020-12-09 08:00:03', '989,829', '846,000'),
(683, '2020-12-09 12:00:03', '989,829', '846,000'),
(684, '2020-12-09 16:00:05', '989,829', '846,000'),
(685, '2020-12-09 20:00:04', '989,829', '846,000'),
(686, '2020-12-10 00:00:03', '989,829', '846,000'),
(687, '2020-12-10 04:00:03', '989,829', '846,000'),
(688, '2020-12-10 08:00:03', '989,829', '846,000'),
(689, '2020-12-10 12:00:05', '982,262', '836,000'),
(690, '2020-12-10 16:00:04', '982,262', '836,000'),
(691, '2020-12-10 20:00:04', '982,262', '836,000'),
(692, '2020-12-11 00:00:05', '982,262', '836,000'),
(693, '2020-12-11 04:00:03', '982,262', '836,000'),
(694, '2020-12-11 08:00:04', '982,262', '836,000'),
(695, '2020-12-11 12:00:04', '979,235', '834,000'),
(696, '2020-12-11 16:00:05', '979,235', '834,000'),
(697, '2020-12-11 20:00:04', '979,235', '834,000'),
(698, '2020-12-12 00:00:04', '979,235', '834,000'),
(699, '2020-12-12 04:00:02', '979,235', '834,000'),
(700, '2020-12-12 08:00:03', '979,235', '834,000'),
(701, '2020-12-12 12:00:04', '979,235', '834,000'),
(702, '2020-12-12 16:00:04', '979,235', '834,000'),
(703, '2020-12-12 20:00:03', '979,235', '834,000'),
(704, '2020-12-13 00:00:03', '979,235', '834,000'),
(705, '2020-12-13 04:00:04', '979,235', '834,000'),
(706, '2020-12-13 08:00:05', '979,235', '834,000'),
(707, '2020-12-13 12:00:04', '979,235', '834,000'),
(708, '2020-12-13 16:00:03', '979,235', '834,000'),
(709, '2020-12-13 20:00:03', '979,235', '834,000'),
(710, '2020-12-14 00:00:04', '979,235', '834,000'),
(711, '2020-12-14 04:00:03', '979,235', '834,000'),
(712, '2020-12-14 08:00:05', '979,235', '834,000'),
(713, '2020-12-14 12:00:06', '979,235', '832,000'),
(714, '2020-12-14 16:00:06', '979,739', '832,000'),
(715, '2020-12-14 20:00:04', '979,739', '832,000'),
(716, '2020-12-15 00:00:06', '979,739', '832,000'),
(717, '2020-12-15 04:00:04', '979,739', '832,000'),
(718, '2020-12-15 08:00:05', '979,739', '832,000'),
(719, '2020-12-15 12:00:05', '979,235', '831,000'),
(720, '2020-12-15 16:00:04', '979,235', '831,000'),
(721, '2020-12-15 20:00:05', '979,235', '831,000'),
(722, '2020-12-16 00:00:05', '979,235', '831,000'),
(723, '2020-12-16 04:00:03', '979,235', '831,000'),
(724, '2020-12-16 08:00:05', '979,235', '831,000'),
(725, '2020-12-16 12:00:06', '979,235', '843,000'),
(726, '2020-12-16 16:00:05', '986,298', '843,000'),
(727, '2020-12-16 20:00:05', '986,298', '843,000'),
(728, '2020-12-17 00:00:05', '986,298', '843,000'),
(729, '2020-12-17 04:00:04', '986,298', '843,000'),
(730, '2020-12-17 08:00:04', '986,298', '843,000'),
(731, '2020-12-17 12:00:07', '988,416', '846,000'),
(732, '2020-12-17 16:00:04', '988,416', '846,000'),
(733, '2020-12-17 20:00:05', '988,416', '846,000'),
(734, '2020-12-18 00:00:05', '988,416', '846,000'),
(735, '2020-12-18 04:00:03', '988,416', '846,000'),
(736, '2020-12-18 08:00:06', '988,416', '846,000'),
(737, '2020-12-18 12:00:07', '996,388', '855,000'),
(738, '2020-12-18 16:00:05', '996,388', '855,000'),
(739, '2020-12-18 20:00:05', '996,388', '855,000'),
(740, '2020-12-19 00:00:04', '996,388', '855,000'),
(741, '2020-12-19 04:00:02', '996,388', '855,000'),
(742, '2020-12-19 08:00:05', '996,388', '855,000'),
(743, '2020-12-19 12:00:04', '996,388', '855,000'),
(744, '2020-12-19 16:00:04', '996,388', '855,000'),
(745, '2020-12-19 20:00:04', '996,388', '855,000'),
(746, '2020-12-20 00:00:05', '996,388', '855,000'),
(747, '2020-12-20 04:00:04', '996,388', '855,000'),
(748, '2020-12-20 08:00:06', '996,388', '855,000'),
(749, '2020-12-20 12:00:03', '996,388', '855,000'),
(750, '2020-12-20 16:00:04', '996,388', '855,000'),
(751, '2020-12-20 20:00:03', '996,388', '855,000'),
(752, '2020-12-21 00:00:04', '996,388', '855,000'),
(753, '2020-12-21 04:00:03', '996,388', '855,000'),
(754, '2020-12-21 08:00:03', '996,388', '855,000'),
(755, '2020-12-21 12:00:05', '1,005,469', '862,000'),
(756, '2020-12-21 16:00:05', '1,005,469', '862,000'),
(757, '2020-12-21 20:00:04', '1,005,469', '862,000'),
(758, '2020-12-22 00:00:05', '1,005,469', '862,000'),
(759, '2020-12-22 04:00:04', '1,005,469', '862,000'),
(760, '2020-12-22 08:00:04', '1,005,469', '862,000'),
(761, '2020-12-22 12:00:04', '1,004,000', '856,000'),
(762, '2020-12-22 16:00:05', '1,004,000', '856,000'),
(763, '2020-12-22 20:00:04', '1,004,000', '856,000'),
(764, '2020-12-23 00:00:05', '1,004,000', '856,000'),
(765, '2020-12-23 04:00:03', '1,004,000', '856,000'),
(766, '2020-12-23 08:00:05', '1,004,000', '856,000'),
(767, '2020-12-23 12:00:05', '1,003,000', '852,000'),
(768, '2020-12-23 16:00:05', '1,003,000', '852,000'),
(769, '2020-12-23 20:00:06', '1,003,000', '852,000'),
(770, '2020-12-24 00:00:04', '1,003,000', '852,000'),
(771, '2020-12-24 04:00:04', '1,003,000', '852,000'),
(772, '2020-12-24 08:00:04', '1,003,000', '852,000'),
(773, '2020-12-24 12:00:02', '1,003,000', '852,000'),
(774, '2020-12-24 16:00:02', '1,003,000', '852,000'),
(775, '2020-12-24 20:00:03', '1,003,000', '852,000'),
(776, '2020-12-25 00:00:05', '1,003,000', '852,000'),
(777, '2020-12-25 04:00:04', '1,003,000', '852,000'),
(778, '2020-12-25 08:00:04', '1,003,000', '852,000'),
(779, '2020-12-25 12:00:03', '1,003,000', '852,000'),
(780, '2020-12-25 16:00:02', '1,003,000', '852,000'),
(781, '2020-12-25 20:00:02', '1,003,000', '852,000'),
(782, '2020-12-26 00:00:06', '1,003,000', '852,000'),
(783, '2020-12-26 04:00:03', '1,003,000', '852,000'),
(784, '2020-12-26 08:00:02', '1,003,000', '852,000'),
(785, '2020-12-26 12:00:02', '1,003,000', '852,000'),
(786, '2020-12-26 16:00:03', '1,003,000', '852,000'),
(787, '2020-12-26 20:00:02', '1,003,000', '852,000'),
(788, '2020-12-27 00:00:03', '1,003,000', '852,000'),
(789, '2020-12-27 04:00:05', '1,003,000', '852,000'),
(790, '2020-12-27 08:00:05', '1,003,000', '852,000'),
(791, '2020-12-27 12:00:02', '1,003,000', '852,000'),
(792, '2020-12-27 16:00:03', '1,003,000', '852,000'),
(793, '2020-12-27 20:00:04', '1,003,000', '852,000'),
(794, '2020-12-28 00:00:03', '1,003,000', '852,000'),
(795, '2020-12-28 04:00:04', '1,003,000', '852,000'),
(796, '2020-12-28 08:00:03', '1,003,000', '852,000'),
(797, '2020-12-28 12:00:03', '1,003,000', '866,000'),
(798, '2020-12-28 16:00:03', '1,006,000', '866,000'),
(799, '2020-12-28 20:00:04', '1,006,000', '866,000'),
(800, '2020-12-29 00:00:04', '1,006,000', '866,000'),
(801, '2020-12-29 04:00:03', '1,006,000', '866,000'),
(802, '2020-12-29 08:00:04', '1,006,000', '866,000'),
(803, '2020-12-29 12:00:04', '1,003,000', '856,000'),
(804, '2020-12-29 16:00:05', '1,003,000', '856,000'),
(805, '2020-12-29 20:00:03', '1,003,000', '856,000'),
(806, '2020-12-30 00:00:04', '1,003,000', '856,000'),
(807, '2020-12-30 04:00:03', '1,003,000', '856,000'),
(808, '2020-12-30 08:00:05', '1,003,000', '856,000'),
(809, '2020-12-30 12:00:04', '1,003,000', '855,000'),
(810, '2020-12-30 16:00:04', '1,000,000', '855,000'),
(811, '2020-12-30 20:00:04', '1,000,000', '855,000'),
(812, '2020-12-31 00:00:03', '1,000,000', '855,000'),
(813, '2020-12-31 04:00:04', '1,000,000', '855,000'),
(814, '2020-12-31 08:00:04', '1,000,000', '855,000'),
(815, '2020-12-31 12:00:05', '1,000,000', '855,000'),
(816, '2020-12-31 16:00:03', '1,000,000', '855,000'),
(817, '2020-12-31 20:00:05', '1,000,000', '855,000'),
(818, '2021-01-01 00:00:03', '1,000,000', '855,000'),
(819, '2021-01-01 04:00:04', '1,000,000', '855,000'),
(820, '2021-01-01 08:00:04', '1,000,000', '855,000'),
(821, '2021-01-01 12:00:04', '1,000,000', '855,000'),
(822, '2021-01-01 16:00:05', '1,000,000', '855,000'),
(823, '2021-01-01 20:00:03', '1,000,000', '855,000'),
(824, '2021-01-02 00:00:05', '1,000,000', '855,000'),
(825, '2021-01-02 04:00:03', '1,000,000', '855,000'),
(826, '2021-01-02 08:00:04', '1,000,000', '855,000'),
(827, '2021-01-02 12:00:03', '1,000,000', '855,000'),
(828, '2021-01-02 16:00:04', '1,000,000', '855,000'),
(829, '2021-01-02 20:00:03', '1,000,000', '855,000'),
(830, '2021-01-03 00:00:04', '1,000,000', '855,000'),
(831, '2021-01-03 04:00:04', '1,000,000', '855,000'),
(832, '2021-01-03 08:00:05', '1,000,000', '855,000'),
(833, '2021-01-03 12:00:03', '1,000,000', '855,000'),
(834, '2021-01-03 16:00:03', '1,000,000', '855,000'),
(835, '2021-01-03 20:00:02', '1,000,000', '855,000'),
(836, '2021-01-04 00:00:04', '1,000,000', '855,000'),
(837, '2021-01-04 04:00:02', '1,000,000', '855,000'),
(838, '2021-01-04 08:00:03', '1,000,000', '855,000'),
(839, '2021-01-04 12:00:02', '1,005,000', '866,000'),
(840, '2021-01-04 16:00:04', '1,005,000', '866,000'),
(841, '2021-01-04 20:00:03', '1,005,000', '866,000'),
(842, '2021-01-05 00:00:04', '1,005,000', '866,000'),
(843, '2021-01-05 04:00:02', '1,005,000', '866,000'),
(844, '2021-01-05 08:00:04', '1,005,000', '866,000'),
(845, '2021-01-05 12:00:05', '1,013,000', '866,000'),
(846, '2021-01-05 16:00:04', '1,013,000', '866,000'),
(847, '2021-01-05 20:00:05', '1,013,000', '866,000'),
(848, '2021-01-06 00:00:04', '1,013,000', '866,000'),
(849, '2021-01-06 04:00:04', '1,013,000', '866,000'),
(850, '2021-01-06 08:00:05', '1,013,000', '866,000'),
(851, '2021-01-06 12:00:03', '1,014,000', '873,000'),
(852, '2021-01-06 16:00:04', '1,014,000', '873,000'),
(853, '2021-01-06 20:00:03', '1,014,000', '873,000'),
(854, '2021-01-07 00:00:05', '1,014,000', '873,000'),
(855, '2021-01-07 04:00:03', '1,014,000', '873,000'),
(856, '2021-01-07 08:00:03', '1,014,000', '873,000'),
(857, '2021-01-07 12:00:04', '1,004,000', '861,000'),
(858, '2021-01-07 16:00:04', '1,004,000', '861,000'),
(859, '2021-01-07 20:00:03', '1,004,000', '861,000'),
(860, '2021-01-08 00:00:03', '1,004,000', '861,000'),
(861, '2021-01-08 04:00:02', '1,004,000', '861,000'),
(862, '2021-01-08 08:00:04', '1,004,000', '861,000'),
(863, '2021-01-08 12:00:06', '1,004,000', '858,000'),
(864, '2021-01-08 16:00:05', '1,007,000', '858,000'),
(865, '2021-01-08 20:00:04', '1,007,000', '858,000'),
(866, '2021-01-09 00:00:04', '1,007,000', '858,000'),
(867, '2021-01-09 04:00:03', '1,007,000', '858,000'),
(868, '2021-01-09 08:00:02', '1,007,000', '858,000'),
(869, '2021-01-09 12:00:03', '1,007,000', '858,000'),
(870, '2021-01-09 16:00:04', '1,007,000', '858,000'),
(871, '2021-01-09 20:00:03', '1,007,000', '858,000'),
(872, '2021-01-10 00:00:05', '1,007,000', '858,000'),
(873, '2021-01-10 04:00:04', '1,007,000', '858,000'),
(874, '2021-01-10 08:00:04', '1,007,000', '858,000'),
(875, '2021-01-10 12:00:04', '1,007,000', '858,000'),
(876, '2021-01-10 16:00:03', '1,007,000', '858,000'),
(877, '2021-01-10 20:00:05', '1,007,000', '858,000'),
(878, '2021-01-11 00:00:05', '1,007,000', '858,000'),
(879, '2021-01-11 04:00:03', '1,007,000', '858,000'),
(880, '2021-01-11 08:00:04', '1,007,000', '858,000'),
(881, '2021-01-11 12:00:04', '991,000', '833,000'),
(882, '2021-01-11 16:00:04', '991,000', '833,000'),
(883, '2021-01-11 20:00:05', '991,000', '833,000'),
(884, '2021-01-12 00:00:05', '991,000', '833,000'),
(885, '2021-01-12 04:00:04', '991,000', '833,000'),
(886, '2021-01-12 08:00:03', '991,000', '833,000'),
(887, '2021-01-12 12:00:05', '994,000', '839,000'),
(888, '2021-01-12 16:00:04', '994,000', '839,000'),
(889, '2021-01-12 20:00:03', '994,000', '839,000'),
(890, '2021-01-13 00:00:05', '994,000', '839,000'),
(891, '2021-01-13 04:00:04', '994,000', '839,000'),
(892, '2021-01-13 08:00:05', '994,000', '839,000'),
(893, '2021-01-13 12:00:04', '996,000', '849,000'),
(894, '2021-01-13 16:00:02', '996,000', '849,000'),
(895, '2021-01-13 20:00:04', '996,000', '849,000'),
(896, '2021-01-14 00:00:04', '996,000', '849,000'),
(897, '2021-01-14 04:00:05', '996,000', '849,000'),
(898, '2021-01-14 08:00:04', '996,000', '849,000'),
(899, '2021-01-14 16:00:05', '988,000', '837,000'),
(900, '2021-01-14 20:00:03', '988,000', '837,000'),
(901, '2021-01-15 00:00:02', '988,000', '837,000'),
(902, '2021-01-15 04:00:03', '988,000', '837,000'),
(903, '2021-01-15 08:00:04', '988,000', '837,000'),
(904, '2021-01-15 12:00:02', '991,000', '838,000'),
(905, '2021-01-15 16:00:02', '991,000', '838,000'),
(906, '2021-01-15 20:00:02', '991,000', '838,000'),
(907, '2021-01-16 00:00:04', '991,000', '838,000'),
(908, '2021-01-16 04:00:03', '991,000', '838,000'),
(909, '2021-01-16 08:00:03', '991,000', '838,000'),
(910, '2021-01-16 12:00:02', '991,000', '838,000'),
(911, '2021-01-16 16:00:02', '991,000', '838,000'),
(912, '2021-01-16 20:00:03', '991,000', '838,000'),
(913, '2021-01-17 00:00:05', '991,000', '838,000'),
(914, '2021-01-17 04:00:03', '991,000', '838,000'),
(915, '2021-01-17 08:00:03', '991,000', '838,000'),
(916, '2021-01-17 12:00:03', '991,000', '838,000'),
(917, '2021-01-17 16:00:03', '991,000', '838,000'),
(918, '2021-01-17 20:00:02', '991,000', '838,000'),
(919, '2021-01-18 00:00:05', '991,000', '838,000'),
(920, '2021-01-18 04:00:02', '991,000', '838,000'),
(921, '2021-01-18 08:00:01', '991,000', '838,000'),
(922, '2021-01-18 12:00:02', '988,000', '821,000'),
(923, '2021-01-18 16:00:03', '988,000', '821,000'),
(924, '2021-01-18 20:00:04', '988,000', '821,000'),
(925, '2021-01-19 00:00:03', '988,000', '821,000'),
(926, '2021-01-19 04:00:03', '988,000', '821,000'),
(927, '2021-01-19 08:00:04', '988,000', '821,000'),
(928, '2021-01-19 12:00:03', '988,000', '831,000'),
(929, '2021-01-19 16:00:03', '988,000', '831,000'),
(930, '2021-01-19 20:00:03', '988,000', '831,000'),
(931, '2021-01-20 00:00:04', '988,000', '831,000'),
(932, '2021-01-20 04:00:02', '988,000', '831,000'),
(933, '2021-01-20 08:00:04', '988,000', '831,000'),
(934, '2021-01-20 12:00:04', '992,000', '833,000'),
(935, '2021-01-20 16:00:03', '992,000', '833,000'),
(936, '2021-01-20 20:00:03', '992,000', '833,000'),
(937, '2021-01-21 00:00:04', '992,000', '833,000'),
(938, '2021-01-21 04:00:02', '992,000', '833,000'),
(939, '2021-01-21 08:00:02', '992,000', '833,000'),
(940, '2021-01-21 12:00:02', '994,000', '844,000'),
(941, '2021-01-21 16:00:02', '994,000', '844,000'),
(942, '2021-01-21 20:00:02', '994,000', '844,000'),
(943, '2021-01-22 00:00:03', '994,000', '844,000'),
(944, '2021-01-22 04:00:04', '994,000', '844,000'),
(945, '2021-01-22 08:00:02', '994,000', '844,000'),
(946, '2021-01-22 12:00:02', '990,000', '842,000'),
(947, '2021-01-22 16:00:03', '990,000', '842,000'),
(948, '2021-01-22 20:00:01', '990,000', '842,000'),
(949, '2021-01-23 04:00:03', '990,000', '842,000'),
(950, '2021-01-23 08:00:03', '990,000', '842,000'),
(951, '2021-01-23 12:00:02', '990,000', '842,000'),
(952, '2021-01-23 16:00:03', '990,000', '842,000'),
(953, '2021-01-23 20:00:02', '990,000', '842,000'),
(954, '2021-01-24 00:00:04', '990,000', '842,000'),
(955, '2021-01-24 04:00:02', '990,000', '842,000'),
(956, '2021-01-24 08:00:04', '990,000', '842,000'),
(957, '2021-01-24 12:00:03', '990,000', '842,000'),
(958, '2021-01-24 16:00:01', '990,000', '842,000'),
(959, '2021-01-24 20:00:02', '990,000', '842,000'),
(960, '2021-01-25 00:00:03', '990,000', '842,000'),
(961, '2021-01-25 04:00:03', '990,000', '842,000'),
(962, '2021-01-25 08:00:03', '990,000', '842,000'),
(963, '2021-01-25 12:00:06', '988,000', '839,000'),
(964, '2021-01-25 16:00:03', '988,000', '839,000'),
(965, '2021-01-25 20:00:01', '988,000', '839,000'),
(966, '2021-01-26 00:00:03', '988,000', '839,000'),
(967, '2021-01-26 04:00:02', '988,000', '839,000'),
(968, '2021-01-26 08:00:03', '988,000', '839,000'),
(969, '2021-01-26 12:00:02', '987,000', '839,000'),
(970, '2021-01-26 16:00:02', '987,000', '839,000'),
(971, '2021-01-26 20:00:01', '987,000', '839,000'),
(972, '2021-01-27 00:00:03', '987,000', '839,000'),
(973, '2021-01-27 04:00:02', '987,000', '839,000'),
(974, '2021-01-27 08:00:03', '987,000', '839,000'),
(975, '2021-01-27 12:00:03', '984,000', '837,000'),
(976, '2021-01-27 16:00:03', '984,000', '837,000'),
(977, '2021-01-27 20:00:03', '984,000', '837,000'),
(978, '2021-01-28 00:00:02', '984,000', '837,000'),
(979, '2021-01-28 04:00:02', '984,000', '837,000'),
(980, '2021-01-28 08:00:03', '984,000', '837,000'),
(981, '2021-01-28 12:00:03', '983,000', '833,000'),
(982, '2021-01-28 16:00:02', '983,000', '833,000'),
(983, '2021-01-28 20:00:03', '983,000', '833,000'),
(984, '2021-01-29 00:00:03', '983,000', '833,000'),
(985, '2021-01-29 04:00:02', '983,000', '833,000'),
(986, '2021-01-29 08:00:01', '983,000', '833,000'),
(987, '2021-01-29 12:00:02', '981,000', '836,000'),
(988, '2021-01-29 16:00:02', '981,000', '836,000'),
(989, '2021-01-29 20:00:03', '981,000', '836,000'),
(990, '2021-01-30 00:00:03', '981,000', '836,000'),
(991, '2021-01-30 04:00:02', '981,000', '836,000'),
(992, '2021-01-30 08:00:03', '981,000', '836,000'),
(993, '2021-01-30 12:00:02', '981,000', '836,000'),
(994, '2021-01-30 16:00:02', '981,000', '836,000'),
(995, '2021-01-30 20:00:03', '981,000', '836,000'),
(996, '2021-01-31 00:00:02', '981,000', '836,000'),
(997, '2021-01-31 04:00:03', '981,000', '836,000'),
(998, '2021-01-31 08:00:03', '981,000', '836,000'),
(999, '2021-01-31 12:00:01', '981,000', '836,000'),
(1000, '2021-01-31 16:00:01', '981,000', '836,000'),
(1001, '2021-01-31 20:00:01', '981,000', '836,000'),
(1002, '2021-02-01 00:00:04', '981,000', '836,000'),
(1003, '2021-02-01 04:00:02', '981,000', '836,000'),
(1004, '2021-02-01 08:00:03', '981,000', '836,000'),
(1005, '2021-02-01 12:00:02', '985,000', '838,000'),
(1006, '2021-02-01 16:00:04', '985,000', '838,000'),
(1007, '2021-02-01 20:00:03', '985,000', '838,000'),
(1008, '2021-02-02 00:00:04', '985,000', '838,000'),
(1009, '2021-02-02 04:00:02', '985,000', '838,000'),
(1010, '2021-02-02 08:00:03', '985,000', '838,000'),
(1011, '2021-02-02 12:00:01', '983,000', '837,000');
INSERT INTO `t_update_ubs` (`IDX`, `UPDATE_AT`, `HRG_BELI`, `HRG_JUAL`) VALUES
(1012, '2021-02-02 16:00:02', '983,000', '837,000'),
(1013, '2021-02-02 20:00:02', '983,000', '837,000'),
(1014, '2021-02-03 00:00:03', '983,000', '837,000'),
(1015, '2021-02-03 04:00:04', '983,000', '837,000'),
(1016, '2021-02-03 08:00:04', '983,000', '837,000'),
(1017, '2021-02-03 12:00:03', '977,000', '830,000'),
(1018, '2021-02-03 16:00:02', '977,000', '830,000'),
(1019, '2021-02-03 20:00:03', '977,000', '830,000'),
(1020, '2021-02-04 00:00:04', '977,000', '830,000'),
(1021, '2021-02-04 04:00:03', '977,000', '830,000'),
(1022, '2021-02-04 08:00:03', '977,000', '830,000'),
(1023, '2021-02-04 12:00:04', '973,000', '826,000'),
(1024, '2021-02-04 16:00:03', '973,000', '826,000'),
(1025, '2021-02-04 20:00:04', '973,000', '826,000'),
(1026, '2021-02-05 00:00:04', '973,000', '826,000'),
(1027, '2021-02-05 04:00:03', '973,000', '826,000'),
(1028, '2021-02-05 08:00:04', '973,000', '826,000'),
(1029, '2021-02-05 12:00:04', '963,000', '810,000'),
(1030, '2021-02-05 16:00:01', '963,000', '810,000'),
(1031, '2021-02-05 20:00:02', '963,000', '810,000'),
(1032, '2021-02-06 00:00:04', '963,000', '810,000'),
(1033, '2021-02-06 04:00:03', '963,000', '810,000'),
(1034, '2021-02-06 08:00:05', '963,000', '810,000'),
(1035, '2021-02-06 12:00:03', '963,000', '810,000'),
(1036, '2021-02-06 16:00:03', '963,000', '810,000'),
(1037, '2021-02-06 20:00:04', '963,000', '810,000'),
(1038, '2021-02-07 00:00:05', '963,000', '810,000'),
(1039, '2021-02-07 04:00:02', '963,000', '810,000'),
(1040, '2021-02-07 08:00:04', '963,000', '810,000'),
(1041, '2021-02-07 12:00:03', '963,000', '810,000'),
(1042, '2021-02-07 16:00:03', '963,000', '810,000'),
(1043, '2021-02-07 20:00:03', '963,000', '810,000'),
(1044, '2021-02-08 00:00:03', '963,000', '810,000'),
(1045, '2021-02-08 04:00:02', '963,000', '810,000'),
(1046, '2021-02-08 08:00:03', '963,000', '810,000'),
(1047, '2021-02-08 12:00:02', '964,000', '819,000'),
(1048, '2021-02-08 16:00:03', '964,000', '819,000'),
(1049, '2021-02-08 20:00:02', '964,000', '819,000'),
(1050, '2021-02-09 00:00:05', '964,000', '819,000'),
(1051, '2021-02-09 04:00:03', '964,000', '819,000'),
(1052, '2021-02-09 08:00:03', '964,000', '819,000'),
(1053, '2021-02-09 12:00:03', '973,000', '823,000'),
(1054, '2021-02-09 16:00:02', '973,000', '823,000'),
(1055, '2021-02-09 20:00:03', '973,000', '823,000'),
(1056, '2021-02-10 00:00:05', '973,000', '823,000'),
(1057, '2021-02-10 04:00:03', '973,000', '823,000'),
(1058, '2021-02-10 08:00:04', '973,000', '823,000'),
(1059, '2021-02-10 12:00:05', '970,000', '825,000'),
(1060, '2021-02-10 16:00:04', '970,000', '825,000'),
(1061, '2021-02-10 20:00:02', '970,000', '825,000'),
(1062, '2021-02-11 00:00:04', '970,000', '825,000'),
(1063, '2021-02-11 04:00:03', '970,000', '825,000'),
(1064, '2021-02-11 08:00:03', '970,000', '825,000'),
(1065, '2021-02-11 12:00:03', '970,000', '825,000'),
(1066, '2021-02-11 16:00:03', '919,000', '825,000'),
(1067, '2021-02-11 20:00:03', '919,000', '825,000'),
(1068, '2021-02-12 00:00:04', '919,000', '825,000'),
(1069, '2021-02-12 04:00:02', '919,000', '825,000'),
(1070, '2021-02-12 08:00:02', '919,000', '825,000'),
(1071, '2021-02-12 12:00:04', '919,000', '825,000'),
(1072, '2021-02-12 16:00:02', '919,000', '825,000'),
(1073, '2021-02-12 20:00:02', '919,000', '825,000'),
(1074, '2021-02-13 00:00:04', '919,000', '825,000'),
(1075, '2021-02-13 04:00:02', '919,000', '825,000'),
(1076, '2021-02-13 08:00:03', '919,000', '825,000'),
(1077, '2021-02-13 12:00:02', '919,000', '825,000'),
(1078, '2021-02-13 16:00:03', '919,000', '825,000'),
(1079, '2021-02-13 20:00:02', '919,000', '825,000'),
(1080, '2021-02-14 00:00:02', '919,000', '825,000'),
(1081, '2021-02-14 04:00:04', '919,000', '825,000'),
(1082, '2021-02-14 08:00:05', '919,000', '825,000'),
(1083, '2021-02-14 12:00:03', '919,000', '825,000'),
(1084, '2021-02-14 16:00:03', '919,000', '825,000'),
(1085, '2021-02-14 20:00:02', '919,000', '825,000'),
(1086, '2021-02-15 00:00:05', '919,000', '825,000'),
(1087, '2021-02-15 04:00:02', '919,000', '825,000'),
(1088, '2021-02-15 08:00:04', '919,000', '825,000'),
(1089, '2021-02-15 12:00:05', '919,000', '820,000'),
(1090, '2021-02-15 16:00:03', '914,000', '820,000'),
(1091, '2021-02-15 20:00:02', '914,000', '820,000'),
(1092, '2021-02-16 00:00:04', '914,000', '820,000'),
(1093, '2021-02-16 04:00:03', '914,000', '820,000'),
(1094, '2021-02-16 08:00:05', '914,000', '820,000'),
(1095, '2021-02-16 12:00:02', '914,000', '815,000'),
(1096, '2021-02-16 16:00:02', '911,000', '815,000'),
(1097, '2021-02-16 20:00:02', '911,000', '815,000'),
(1098, '2021-02-17 00:00:06', '911,000', '815,000'),
(1099, '2021-02-17 04:00:02', '911,000', '815,000'),
(1100, '2021-02-17 08:00:04', '911,000', '815,000'),
(1101, '2021-02-17 12:00:03', '905,000', '796,000'),
(1102, '2021-02-17 16:00:04', '905,000', '796,000'),
(1103, '2021-02-17 20:00:03', '905,000', '796,000'),
(1104, '2021-02-18 00:00:04', '905,000', '796,000'),
(1105, '2021-02-18 04:00:04', '905,000', '796,000'),
(1106, '2021-02-18 08:00:04', '905,000', '796,000'),
(1107, '2021-02-18 12:00:04', '903,000', '800,000'),
(1108, '2021-02-18 16:00:05', '903,000', '800,000'),
(1109, '2021-02-18 20:00:02', '903,000', '800,000'),
(1110, '2021-02-19 00:00:04', '903,000', '800,000'),
(1111, '2021-02-19 04:00:03', '903,000', '800,000'),
(1112, '2021-02-19 08:00:04', '903,000', '800,000'),
(1113, '2021-02-19 12:00:04', '899,000', '798,000'),
(1114, '2021-02-19 16:00:03', '899,000', '798,000'),
(1115, '2021-02-19 20:00:03', '899,000', '798,000'),
(1116, '2021-02-20 00:00:03', '899,000', '798,000'),
(1117, '2021-02-20 04:00:03', '899,000', '798,000'),
(1118, '2021-02-20 08:00:03', '899,000', '798,000'),
(1119, '2021-02-20 12:00:02', '899,000', '798,000'),
(1120, '2021-02-20 16:00:03', '899,000', '798,000'),
(1121, '2021-02-20 20:00:03', '899,000', '798,000'),
(1122, '2021-02-21 00:00:04', '899,000', '798,000'),
(1123, '2021-02-21 04:00:04', '899,000', '798,000'),
(1124, '2021-02-21 08:00:06', '899,000', '798,000'),
(1125, '2021-02-21 12:00:04', '899,000', '798,000'),
(1126, '2021-02-21 16:00:02', '899,000', '798,000'),
(1127, '2021-02-21 20:00:02', '899,000', '798,000'),
(1128, '2021-02-22 00:00:05', '899,000', '798,000'),
(1129, '2021-02-22 04:00:03', '899,000', '798,000'),
(1130, '2021-02-22 08:00:04', '899,000', '798,000'),
(1131, '2021-02-22 12:00:02', '902,000', '807,000'),
(1132, '2021-02-22 16:00:04', '902,000', '807,000'),
(1133, '2021-02-22 20:00:02', '902,000', '807,000'),
(1134, '2021-02-23 00:00:05', '902,000', '807,000'),
(1135, '2021-02-23 04:00:03', '902,000', '807,000'),
(1136, '2021-02-23 08:00:04', '902,000', '807,000'),
(1137, '2021-02-23 12:00:04', '914,000', '818,000'),
(1138, '2021-02-23 16:00:03', '914,000', '818,000'),
(1139, '2021-02-23 20:00:03', '914,000', '818,000'),
(1140, '2021-02-24 00:00:03', '914,000', '818,000'),
(1141, '2021-02-24 04:00:03', '914,000', '818,000'),
(1142, '2021-02-24 08:00:03', '914,000', '818,000'),
(1143, '2021-02-24 12:00:02', '911,000', '818,000'),
(1144, '2021-02-24 16:00:04', '911,000', '818,000'),
(1145, '2021-02-24 20:00:03', '911,000', '818,000'),
(1146, '2021-02-25 00:00:03', '911,000', '818,000'),
(1147, '2021-02-25 04:00:03', '911,000', '818,000'),
(1148, '2021-02-25 08:00:03', '911,000', '818,000'),
(1149, '2021-02-25 12:00:03', '906,000', '814,000'),
(1150, '2021-02-25 16:00:03', '906,000', '814,000'),
(1151, '2021-02-25 20:00:03', '906,000', '814,000'),
(1152, '2021-02-26 00:00:05', '906,000', '814,000'),
(1153, '2021-02-26 04:00:03', '906,000', '814,000'),
(1154, '2021-02-26 08:00:03', '906,000', '814,000'),
(1155, '2021-02-26 12:00:03', '903,000', '802,000'),
(1156, '2021-02-26 16:00:03', '903,000', '802,000'),
(1157, '2021-02-26 20:00:03', '903,000', '802,000'),
(1158, '2021-02-27 00:00:04', '903,000', '802,000'),
(1159, '2021-02-27 04:00:03', '903,000', '802,000'),
(1160, '2021-02-27 08:00:04', '903,000', '802,000'),
(1161, '2021-02-27 12:00:03', '903,000', '802,000'),
(1162, '2021-02-27 16:00:03', '903,000', '802,000'),
(1163, '2021-02-27 20:00:02', '903,000', '802,000'),
(1164, '2021-02-28 00:00:04', '903,000', '802,000'),
(1165, '2021-02-28 04:00:04', '903,000', '802,000'),
(1166, '2021-02-28 08:00:05', '903,000', '802,000'),
(1167, '2021-02-28 12:00:02', '903,000', '802,000'),
(1168, '2021-02-28 16:00:02', '903,000', '802,000'),
(1169, '2021-02-28 20:00:02', '903,000', '802,000'),
(1170, '2021-03-01 00:00:05', '903,000', '802,000'),
(1171, '2021-03-01 04:00:03', '903,000', '802,000'),
(1172, '2021-03-01 08:00:02', '903,000', '802,000'),
(1173, '2021-03-01 12:00:04', '900,000', '796,000'),
(1174, '2021-03-01 16:00:04', '900,000', '796,000'),
(1175, '2021-03-01 20:00:04', '900,000', '796,000'),
(1176, '2021-03-02 00:00:03', '900,000', '796,000'),
(1177, '2021-03-02 04:00:03', '900,000', '796,000'),
(1178, '2021-03-02 08:00:02', '900,000', '796,000'),
(1179, '2021-03-02 12:00:02', '889,000', '792,000'),
(1180, '2021-03-02 16:00:03', '889,000', '792,000'),
(1181, '2021-03-02 20:00:03', '889,000', '792,000'),
(1182, '2021-03-03 00:00:05', '889,000', '792,000'),
(1183, '2021-03-03 04:00:03', '889,000', '792,000'),
(1184, '2021-03-03 08:00:06', '889,000', '792,000'),
(1185, '2021-03-03 12:00:04', '889,000', '798,000'),
(1186, '2021-03-03 16:00:05', '896,000', '798,000'),
(1187, '2021-03-03 20:00:04', '896,000', '798,000'),
(1188, '2021-03-04 00:00:05', '896,000', '798,000'),
(1189, '2021-03-04 08:00:05', '896,000', '798,000'),
(1190, '2021-03-04 12:00:04', '889,000', '788,000'),
(1191, '2021-03-04 16:00:04', '889,000', '788,000'),
(1192, '2021-03-04 20:00:02', '889,000', '788,000'),
(1193, '2021-03-05 00:00:04', '889,000', '788,000'),
(1194, '2021-03-05 04:00:05', '889,000', '788,000'),
(1195, '2021-03-05 08:00:02', '889,000', '788,000'),
(1196, '2021-03-05 12:00:04', '889,000', '777,000'),
(1197, '2021-03-05 16:00:04', '886,000', '777,000'),
(1198, '2021-03-05 20:00:04', '886,000', '777,000'),
(1199, '2021-03-06 00:00:04', '886,000', '777,000'),
(1200, '2021-03-06 04:00:04', '886,000', '777,000'),
(1201, '2021-03-06 08:00:03', '886,000', '777,000'),
(1202, '2021-03-06 12:00:05', '886,000', '777,000'),
(1203, '2021-03-06 16:00:03', '886,000', '777,000'),
(1204, '2021-03-06 20:00:03', '886,000', '777,000'),
(1205, '2021-03-07 00:00:04', '886,000', '777,000'),
(1206, '2021-03-07 04:00:04', '886,000', '777,000'),
(1207, '2021-03-07 08:00:05', '886,000', '777,000'),
(1208, '2021-03-07 12:00:05', '886,000', '777,000'),
(1209, '2021-03-07 16:00:03', '886,000', '777,000'),
(1210, '2021-03-07 20:00:03', '886,000', '777,000'),
(1211, '2021-03-08 00:00:04', '886,000', '777,000'),
(1212, '2021-03-08 04:00:04', '886,000', '777,000'),
(1213, '2021-03-08 08:00:03', '886,000', '777,000'),
(1214, '2021-03-08 12:00:03', '889,000', '787,000'),
(1215, '2021-03-08 16:00:05', '889,000', '787,000'),
(1216, '2021-03-08 20:00:04', '889,000', '787,000'),
(1217, '2021-03-09 00:00:04', '889,000', '787,000'),
(1218, '2021-03-09 04:00:03', '889,000', '787,000'),
(1219, '2021-03-09 08:00:03', '889,000', '787,000'),
(1220, '2021-03-09 12:00:04', '886,000', '778,000'),
(1221, '2021-03-09 16:00:03', '886,000', '778,000'),
(1222, '2021-03-09 20:00:03', '886,000', '778,000'),
(1223, '2021-03-10 00:00:05', '886,000', '778,000'),
(1224, '2021-03-10 04:00:03', '886,000', '778,000'),
(1225, '2021-03-10 08:00:03', '886,000', '778,000'),
(1226, '2021-03-10 12:00:04', '893,000', '798,000'),
(1227, '2021-03-10 16:00:04', '893,000', '798,000'),
(1228, '2021-03-10 20:00:04', '893,000', '798,000'),
(1229, '2021-03-11 00:00:04', '893,000', '798,000'),
(1230, '2021-03-11 04:00:03', '893,000', '798,000'),
(1231, '2021-03-11 08:00:03', '893,000', '798,000'),
(1232, '2021-03-11 12:00:03', '893,000', '798,000'),
(1233, '2021-03-11 16:00:04', '893,000', '798,000'),
(1234, '2021-03-11 20:00:03', '893,000', '798,000'),
(1235, '2021-03-12 00:00:05', '893,000', '798,000'),
(1236, '2021-03-12 04:00:02', '893,000', '798,000'),
(1237, '2021-03-12 08:00:02', '893,000', '798,000'),
(1238, '2021-03-12 12:00:04', '891,000', '799,000'),
(1239, '2021-03-12 16:00:03', '891,000', '799,000'),
(1240, '2021-03-12 20:00:04', '891,000', '799,000'),
(1241, '2021-03-13 00:00:03', '891,000', '799,000'),
(1242, '2021-03-13 04:00:03', '891,000', '799,000'),
(1243, '2021-03-13 08:00:03', '891,000', '799,000'),
(1244, '2021-03-13 12:00:03', '891,000', '799,000'),
(1245, '2021-03-13 16:00:04', '891,000', '799,000'),
(1246, '2021-03-13 20:00:03', '891,000', '799,000'),
(1247, '2021-03-14 00:00:04', '891,000', '799,000'),
(1248, '2021-03-14 04:00:05', '891,000', '799,000'),
(1249, '2021-03-14 08:00:05', '891,000', '799,000'),
(1250, '2021-03-14 12:00:03', '891,000', '799,000'),
(1251, '2021-03-14 16:00:04', '891,000', '799,000'),
(1252, '2021-03-14 20:00:02', '891,000', '799,000'),
(1253, '2021-03-15 00:00:05', '891,000', '799,000'),
(1254, '2021-03-15 04:00:02', '891,000', '799,000'),
(1255, '2021-03-15 08:00:04', '891,000', '799,000'),
(1256, '2021-03-15 12:00:03', '894,000', '797,000'),
(1257, '2021-03-15 16:00:05', '894,000', '797,000'),
(1258, '2021-03-15 20:00:04', '894,000', '797,000'),
(1259, '2021-03-16 00:00:05', '894,000', '797,000'),
(1260, '2021-03-16 04:00:03', '894,000', '797,000'),
(1261, '2021-03-16 08:00:04', '894,000', '797,000'),
(1262, '2021-03-16 12:00:05', '895,000', '802,000'),
(1263, '2021-03-16 16:00:04', '895,000', '802,000'),
(1264, '2021-03-16 20:00:04', '895,000', '802,000'),
(1265, '2021-03-17 00:00:05', '895,000', '802,000'),
(1266, '2021-03-17 04:00:03', '895,000', '802,000'),
(1267, '2021-03-17 08:00:05', '895,000', '802,000'),
(1268, '2021-03-17 12:00:03', '896,000', '802,000'),
(1269, '2021-03-17 16:00:04', '896,000', '802,000'),
(1270, '2021-03-17 20:00:03', '896,000', '802,000'),
(1271, '2021-03-18 00:00:05', '896,000', '802,000'),
(1272, '2021-03-18 04:00:04', '896,000', '802,000'),
(1273, '2021-03-18 08:00:04', '896,000', '802,000'),
(1274, '2021-03-18 12:00:05', '903,000', '813,000'),
(1275, '2021-03-18 16:00:05', '903,000', '813,000'),
(1276, '2021-03-18 20:00:05', '903,000', '813,000'),
(1277, '2021-03-19 00:00:05', '903,000', '813,000'),
(1278, '2021-03-19 04:00:03', '903,000', '813,000'),
(1279, '2021-03-19 08:00:03', '903,000', '813,000'),
(1280, '2021-03-19 12:00:03', '898,000', '803,000'),
(1281, '2021-03-19 16:00:03', '898,000', '803,000'),
(1282, '2021-03-19 20:00:04', '898,000', '803,000'),
(1283, '2021-03-20 00:00:05', '898,000', '803,000'),
(1284, '2021-03-20 04:00:03', '898,000', '803,000'),
(1285, '2021-03-20 08:00:03', '898,000', '803,000'),
(1286, '2021-03-20 12:00:03', '898,000', '803,000'),
(1287, '2021-03-20 16:00:03', '898,000', '803,000'),
(1288, '2021-03-20 20:00:03', '898,000', '803,000'),
(1289, '2021-03-21 00:00:04', '898,000', '803,000'),
(1290, '2021-03-21 04:00:03', '898,000', '803,000'),
(1291, '2021-03-21 08:00:04', '898,000', '803,000'),
(1292, '2021-03-21 12:00:04', '898,000', '803,000'),
(1293, '2021-03-21 16:00:03', '898,000', '803,000'),
(1294, '2021-03-21 20:00:02', '898,000', '803,000'),
(1295, '2021-03-22 00:00:05', '898,000', '803,000'),
(1296, '2021-03-22 04:00:03', '898,000', '803,000'),
(1297, '2021-03-22 08:00:05', '898,000', '803,000'),
(1298, '2021-03-22 12:00:04', '899,000', '809,000'),
(1299, '2021-03-26 15:22:15', '895,000', '804,000'),
(1300, '2021-03-26 16:24:58', '895,000', '804,000'),
(1301, '2021-03-26 20:00:03', '895,000', '804,000'),
(1302, '2021-03-27 00:00:04', '895,000', '804,000'),
(1303, '2021-03-27 04:00:03', '895,000', '804,000'),
(1304, '2021-03-27 08:00:02', '895,000', '804,000'),
(1305, '2021-03-27 12:00:03', '895,000', '804,000'),
(1306, '2021-03-27 16:00:04', '895,000', '804,000'),
(1307, '2021-03-27 20:00:04', '895,000', '804,000'),
(1308, '2021-03-28 00:00:03', '895,000', '804,000'),
(1309, '2021-03-28 04:00:03', '895,000', '804,000'),
(1310, '2021-03-28 08:00:04', '895,000', '804,000'),
(1311, '2021-03-28 12:00:03', '895,000', '804,000'),
(1312, '2021-03-28 16:00:03', '895,000', '804,000'),
(1313, '2021-03-28 20:00:03', '895,000', '804,000'),
(1314, '2021-03-29 00:00:03', '895,000', '804,000'),
(1315, '2021-03-29 04:00:03', '895,000', '804,000'),
(1316, '2021-03-29 08:00:04', '895,000', '804,000'),
(1317, '2021-03-29 12:00:05', '895,000', '804,000'),
(1318, '2021-03-29 16:00:02', '895,000', '804,000'),
(1319, '2021-03-29 20:00:03', '895,000', '804,000'),
(1320, '2021-03-30 00:00:04', '895,000', '804,000'),
(1321, '2021-03-30 04:00:03', '895,000', '804,000'),
(1322, '2021-03-30 08:00:02', '895,000', '804,000'),
(1323, '2021-03-31 04:00:04', '888,000', '795,000'),
(1324, '2021-03-31 08:00:05', '888,000', '795,000'),
(1325, '2021-04-01 04:00:03', '883,000', '785,000'),
(1326, '2021-04-01 08:00:04', '883,000', '785,000'),
(1327, '2021-04-02 04:00:03', '891,000', '800,000'),
(1328, '2021-04-02 08:00:04', '891,000', '800,000'),
(1329, '2021-04-02 12:00:02', '891,000', '800,000'),
(1330, '2021-04-02 16:00:04', '891,000', '800,000'),
(1331, '2021-04-02 20:00:03', '891,000', '800,000'),
(1332, '2021-04-03 00:00:03', '891,000', '800,000'),
(1333, '2021-04-03 04:00:02', '891,000', '800,000'),
(1334, '2021-04-03 08:00:04', '891,000', '800,000'),
(1335, '2021-04-03 12:00:04', '891,000', '800,000'),
(1336, '2021-04-03 16:00:03', '891,000', '800,000'),
(1337, '2021-04-03 20:00:03', '891,000', '800,000'),
(1338, '2021-04-04 00:00:05', '891,000', '800,000'),
(1339, '2021-04-04 04:00:03', '891,000', '800,000'),
(1340, '2021-04-04 08:00:05', '891,000', '800,000'),
(1341, '2021-04-04 12:00:03', '891,000', '800,000'),
(1342, '2021-04-04 16:00:02', '891,000', '800,000'),
(1343, '2021-04-04 20:00:04', '891,000', '800,000'),
(1344, '2021-04-05 00:00:02', '891,000', '800,000'),
(1345, '2021-04-05 04:00:03', '891,000', '800,000'),
(1346, '2021-04-05 08:00:04', '891,000', '800,000'),
(1347, '2021-04-06 04:00:03', '897,000', '810,000'),
(1348, '2021-04-06 08:00:01', '897,000', '810,000'),
(1349, '2021-04-07 04:00:04', '900,000', '809,000'),
(1350, '2021-04-07 08:00:03', '900,000', '809,000'),
(1351, '2021-04-08 04:00:02', '900,000', '813,000'),
(1352, '2021-04-08 08:00:02', '900,000', '813,000'),
(1353, '2021-04-09 04:00:02', '900,000', '811,000'),
(1354, '2021-04-09 08:00:03', '900,000', '811,000'),
(1355, '2021-04-10 04:00:03', '906,000', '822,000'),
(1356, '2021-04-10 08:00:03', '906,000', '822,000'),
(1357, '2021-04-10 12:00:03', '906,000', '822,000'),
(1358, '2021-04-10 16:00:04', '906,000', '822,000'),
(1359, '2021-04-10 20:00:02', '906,000', '822,000'),
(1360, '2021-04-11 00:00:03', '906,000', '822,000'),
(1361, '2021-04-11 04:00:04', '906,000', '822,000'),
(1362, '2021-04-11 08:00:04', '906,000', '822,000'),
(1363, '2021-04-11 12:00:04', '906,000', '822,000'),
(1364, '2021-04-11 16:00:03', '906,000', '822,000'),
(1365, '2021-04-11 20:00:03', '906,000', '822,000'),
(1366, '2021-04-12 00:00:05', '906,000', '822,000'),
(1367, '2021-04-12 04:00:03', '906,000', '822,000'),
(1368, '2021-04-12 08:00:03', '906,000', '822,000'),
(1369, '2021-04-13 04:00:03', '904,000', '817,000'),
(1370, '2021-04-13 08:00:03', '904,000', '817,000'),
(1371, '2021-04-14 04:00:03', '907,000', '815,000'),
(1372, '2021-04-14 08:00:04', '907,000', '815,000'),
(1373, '2021-04-15 04:00:02', '910,000', '823,000'),
(1374, '2021-04-15 08:00:04', '910,000', '823,000'),
(1375, '2021-04-16 04:00:03', '909,000', '818,000'),
(1376, '2021-04-16 08:00:02', '909,000', '818,000'),
(1377, '2021-04-17 04:00:03', '917,000', '831,000'),
(1378, '2021-04-17 08:00:05', '917,000', '831,000'),
(1379, '2021-04-17 12:00:04', '917,000', '831,000'),
(1380, '2021-04-17 16:00:04', '917,000', '831,000'),
(1381, '2021-04-17 20:00:04', '917,000', '831,000'),
(1382, '2021-04-18 00:00:04', '917,000', '831,000'),
(1383, '2021-04-18 04:00:04', '917,000', '831,000'),
(1384, '2021-04-18 08:00:05', '917,000', '831,000'),
(1385, '2021-04-18 12:00:03', '917,000', '831,000'),
(1386, '2021-04-18 16:00:04', '917,000', '831,000'),
(1387, '2021-04-18 20:00:03', '917,000', '831,000'),
(1388, '2021-04-19 00:00:04', '917,000', '831,000'),
(1389, '2021-04-19 04:00:02', '917,000', '831,000'),
(1390, '2021-04-19 08:00:05', '917,000', '831,000'),
(1391, '2021-04-20 04:00:02', '922,000', '836,000'),
(1392, '2021-04-20 08:00:04', '922,000', '836,000'),
(1393, '2021-04-21 04:00:02', '921,000', '830,000'),
(1394, '2021-04-21 08:00:04', '921,000', '830,000'),
(1395, '2021-04-22 04:00:03', '922,000', '829,000'),
(1396, '2021-04-22 08:00:04', '922,000', '829,000'),
(1397, '2021-04-23 04:00:03', '927,000', '839,000'),
(1398, '2021-04-23 08:00:02', '927,000', '839,000'),
(1399, '2021-04-24 04:00:03', '926,000', '834,000'),
(1400, '2021-04-24 08:00:03', '926,000', '834,000'),
(1401, '2021-04-24 12:00:03', '926,000', '834,000'),
(1402, '2021-04-24 16:00:02', '926,000', '834,000'),
(1403, '2021-04-24 20:00:03', '926,000', '834,000'),
(1404, '2021-04-25 00:00:05', '926,000', '834,000'),
(1405, '2021-04-25 04:00:03', '926,000', '834,000'),
(1406, '2021-04-25 08:00:05', '926,000', '834,000'),
(1407, '2021-04-25 12:00:03', '926,000', '834,000'),
(1408, '2021-04-25 16:00:03', '926,000', '834,000'),
(1409, '2021-04-25 20:00:02', '926,000', '834,000'),
(1410, '2021-04-26 00:00:01', '926,000', '834,000'),
(1411, '2021-04-26 04:00:02', '926,000', '834,000'),
(1412, '2021-04-26 08:00:02', '926,000', '834,000'),
(1413, '2021-04-27 04:00:03', '920,000', '832,000'),
(1414, '2021-04-27 08:00:01', '920,000', '832,000'),
(1415, '2021-04-28 04:00:03', '917,000', '830,000'),
(1416, '2021-04-28 08:00:05', '917,000', '830,000');

--
-- Indexes for dumped tables
--

--
-- Indeks untuk tabel `api_user`
--
ALTER TABLE `api_user`
  ADD PRIMARY KEY (`id`);

--
-- Indeks untuk tabel `pendapatan_bonus`
--
ALTER TABLE `pendapatan_bonus`
  ADD PRIMARY KEY (`id`);

--
-- Indeks untuk tabel `tb_agt_koperasi`
--
ALTER TABLE `tb_agt_koperasi`
  ADD PRIMARY KEY (`idanggota`);

--
-- Indeks untuk tabel `tb_agt_paket`
--
ALTER TABLE `tb_agt_paket`
  ADD PRIMARY KEY (`id`);

--
-- Indeks untuk tabel `tb_agt_ted`
--
ALTER TABLE `tb_agt_ted`
  ADD PRIMARY KEY (`idted`);

--
-- Indeks untuk tabel `tb_agt_tmp`
--
ALTER TABLE `tb_agt_tmp`
  ADD PRIMARY KEY (`idtmp`);

--
-- Indeks untuk tabel `tb_bank`
--
ALTER TABLE `tb_bank`
  ADD PRIMARY KEY (`id`);

--
-- Indeks untuk tabel `tb_biaya_cetak`
--
ALTER TABLE `tb_biaya_cetak`
  ADD PRIMARY KEY (`idx`);

--
-- Indeks untuk tabel `tb_bonus`
--
ALTER TABLE `tb_bonus`
  ADD PRIMARY KEY (`id`);

--
-- Indeks untuk tabel `tb_cabang`
--
ALTER TABLE `tb_cabang`
  ADD PRIMARY KEY (`idcabang`);

--
-- Indeks untuk tabel `tb_deposit`
--
ALTER TABLE `tb_deposit`
  ADD PRIMARY KEY (`idx`);

--
-- Indeks untuk tabel `tb_hadiah_poin`
--
ALTER TABLE `tb_hadiah_poin`
  ADD PRIMARY KEY (`id`);

--
-- Indeks untuk tabel `tb_history`
--
ALTER TABLE `tb_history`
  ADD PRIMARY KEY (`idx`);

--
-- Indeks untuk tabel `tb_jaringan`
--
ALTER TABLE `tb_jaringan`
  ADD PRIMARY KEY (`id`);

--
-- Indeks untuk tabel `tb_payout`
--
ALTER TABLE `tb_payout`
  ADD PRIMARY KEY (`id`);

--
-- Indeks untuk tabel `tb_payout_trans`
--
ALTER TABLE `tb_payout_trans`
  ADD PRIMARY KEY (`id`);

--
-- Indeks untuk tabel `tb_sms_info`
--
ALTER TABLE `tb_sms_info`
  ADD PRIMARY KEY (`id`);

--
-- Indeks untuk tabel `tb_titipan_emas`
--
ALTER TABLE `tb_titipan_emas`
  ADD PRIMARY KEY (`idx`);

--
-- Indeks untuk tabel `tb_titipan_emas_detail`
--
ALTER TABLE `tb_titipan_emas_detail`
  ADD PRIMARY KEY (`idx`);

--
-- Indeks untuk tabel `tb_titipan_emas_transfer`
--
ALTER TABLE `tb_titipan_emas_transfer`
  ADD PRIMARY KEY (`id`);

--
-- Indeks untuk tabel `tb_transaksi`
--
ALTER TABLE `tb_transaksi`
  ADD PRIMARY KEY (`id`);

--
-- Indeks untuk tabel `tb_transbon_poin`
--
ALTER TABLE `tb_transbon_poin`
  ADD PRIMARY KEY (`id`);

--
-- Indeks untuk tabel `tb_user`
--
ALTER TABLE `tb_user`
  ADD PRIMARY KEY (`id`);

--
-- Indeks untuk tabel `tb_user_dashboard`
--
ALTER TABLE `tb_user_dashboard`
  ADD PRIMARY KEY (`id`);

--
-- Indeks untuk tabel `tb_user_menu`
--
ALTER TABLE `tb_user_menu`
  ADD PRIMARY KEY (`id`);

--
-- Indeks untuk tabel `tb_user_menu_access`
--
ALTER TABLE `tb_user_menu_access`
  ADD PRIMARY KEY (`id`);

--
-- Indeks untuk tabel `tb_user_role`
--
ALTER TABLE `tb_user_role`
  ADD PRIMARY KEY (`id`);

--
-- Indeks untuk tabel `tb_verifikasi_email`
--
ALTER TABLE `tb_verifikasi_email`
  ADD PRIMARY KEY (`idx`);

--
-- Indeks untuk tabel `tb_widraw`
--
ALTER TABLE `tb_widraw`
  ADD PRIMARY KEY (`idx`);

--
-- Indeks untuk tabel `t_update_ubs`
--
ALTER TABLE `t_update_ubs`
  ADD PRIMARY KEY (`IDX`);

--
-- AUTO_INCREMENT untuk tabel yang dibuang
--

--
-- AUTO_INCREMENT untuk tabel `api_user`
--
ALTER TABLE `api_user`
  MODIFY `id` int(11) NOT NULL AUTO_INCREMENT, AUTO_INCREMENT=2;

--
-- AUTO_INCREMENT untuk tabel `pendapatan_bonus`
--
ALTER TABLE `pendapatan_bonus`
  MODIFY `id` int(11) NOT NULL AUTO_INCREMENT, AUTO_INCREMENT=37;

--
-- AUTO_INCREMENT untuk tabel `tb_agt_paket`
--
ALTER TABLE `tb_agt_paket`
  MODIFY `id` int(11) NOT NULL AUTO_INCREMENT, AUTO_INCREMENT=5;

--
-- AUTO_INCREMENT untuk tabel `tb_agt_tmp`
--
ALTER TABLE `tb_agt_tmp`
  MODIFY `idtmp` int(5) NOT NULL AUTO_INCREMENT, AUTO_INCREMENT=31;

--
-- AUTO_INCREMENT untuk tabel `tb_bank`
--
ALTER TABLE `tb_bank`
  MODIFY `id` int(2) NOT NULL AUTO_INCREMENT, AUTO_INCREMENT=5;

--
-- AUTO_INCREMENT untuk tabel `tb_biaya_cetak`
--
ALTER TABLE `tb_biaya_cetak`
  MODIFY `idx` int(11) NOT NULL AUTO_INCREMENT, AUTO_INCREMENT=17;

--
-- AUTO_INCREMENT untuk tabel `tb_bonus`
--
ALTER TABLE `tb_bonus`
  MODIFY `id` int(3) NOT NULL AUTO_INCREMENT, AUTO_INCREMENT=15;

--
-- AUTO_INCREMENT untuk tabel `tb_deposit`
--
ALTER TABLE `tb_deposit`
  MODIFY `idx` bigint(20) NOT NULL AUTO_INCREMENT, AUTO_INCREMENT=47;

--
-- AUTO_INCREMENT untuk tabel `tb_hadiah_poin`
--
ALTER TABLE `tb_hadiah_poin`
  MODIFY `id` int(11) NOT NULL AUTO_INCREMENT, AUTO_INCREMENT=3;

--
-- AUTO_INCREMENT untuk tabel `tb_history`
--
ALTER TABLE `tb_history`
  MODIFY `idx` bigint(20) NOT NULL AUTO_INCREMENT, AUTO_INCREMENT=140;

--
-- AUTO_INCREMENT untuk tabel `tb_jaringan`
--
ALTER TABLE `tb_jaringan`
  MODIFY `id` int(11) NOT NULL AUTO_INCREMENT, AUTO_INCREMENT=135;

--
-- AUTO_INCREMENT untuk tabel `tb_payout`
--
ALTER TABLE `tb_payout`
  MODIFY `id` int(11) NOT NULL AUTO_INCREMENT, AUTO_INCREMENT=11;

--
-- AUTO_INCREMENT untuk tabel `tb_payout_trans`
--
ALTER TABLE `tb_payout_trans`
  MODIFY `id` int(11) NOT NULL AUTO_INCREMENT, AUTO_INCREMENT=1325;

--
-- AUTO_INCREMENT untuk tabel `tb_sms_info`
--
ALTER TABLE `tb_sms_info`
  MODIFY `id` int(11) NOT NULL AUTO_INCREMENT, AUTO_INCREMENT=123;

--
-- AUTO_INCREMENT untuk tabel `tb_titipan_emas`
--
ALTER TABLE `tb_titipan_emas`
  MODIFY `idx` bigint(30) NOT NULL AUTO_INCREMENT, AUTO_INCREMENT=59;

--
-- AUTO_INCREMENT untuk tabel `tb_titipan_emas_detail`
--
ALTER TABLE `tb_titipan_emas_detail`
  MODIFY `idx` int(11) NOT NULL AUTO_INCREMENT, AUTO_INCREMENT=1056;

--
-- AUTO_INCREMENT untuk tabel `tb_titipan_emas_transfer`
--
ALTER TABLE `tb_titipan_emas_transfer`
  MODIFY `id` int(11) NOT NULL AUTO_INCREMENT, AUTO_INCREMENT=410;

--
-- AUTO_INCREMENT untuk tabel `tb_transaksi`
--
ALTER TABLE `tb_transaksi`
  MODIFY `id` bigint(20) NOT NULL AUTO_INCREMENT, AUTO_INCREMENT=885;

--
-- AUTO_INCREMENT untuk tabel `tb_transbon_poin`
--
ALTER TABLE `tb_transbon_poin`
  MODIFY `id` int(11) NOT NULL AUTO_INCREMENT;

--
-- AUTO_INCREMENT untuk tabel `tb_user`
--
ALTER TABLE `tb_user`
  MODIFY `id` int(11) NOT NULL AUTO_INCREMENT, AUTO_INCREMENT=4;

--
-- AUTO_INCREMENT untuk tabel `tb_user_dashboard`
--
ALTER TABLE `tb_user_dashboard`
  MODIFY `id` int(11) NOT NULL AUTO_INCREMENT, AUTO_INCREMENT=5;

--
-- AUTO_INCREMENT untuk tabel `tb_user_menu`
--
ALTER TABLE `tb_user_menu`
  MODIFY `id` int(11) NOT NULL AUTO_INCREMENT, AUTO_INCREMENT=60;

--
-- AUTO_INCREMENT untuk tabel `tb_user_menu_access`
--
ALTER TABLE `tb_user_menu_access`
  MODIFY `id` int(11) NOT NULL AUTO_INCREMENT, AUTO_INCREMENT=21;

--
-- AUTO_INCREMENT untuk tabel `tb_user_role`
--
ALTER TABLE `tb_user_role`
  MODIFY `id` int(11) NOT NULL AUTO_INCREMENT, AUTO_INCREMENT=7;

--
-- AUTO_INCREMENT untuk tabel `tb_verifikasi_email`
--
ALTER TABLE `tb_verifikasi_email`
  MODIFY `idx` bigint(11) NOT NULL AUTO_INCREMENT;

--
-- AUTO_INCREMENT untuk tabel `tb_widraw`
--
ALTER TABLE `tb_widraw`
  MODIFY `idx` int(9) NOT NULL AUTO_INCREMENT, AUTO_INCREMENT=34;

--
-- AUTO_INCREMENT untuk tabel `t_update_ubs`
--
ALTER TABLE `t_update_ubs`
  MODIFY `IDX` bigint(20) NOT NULL AUTO_INCREMENT, AUTO_INCREMENT=1417;
COMMIT;

/*!40101 SET CHARACTER_SET_CLIENT=@OLD_CHARACTER_SET_CLIENT */;
/*!40101 SET CHARACTER_SET_RESULTS=@OLD_CHARACTER_SET_RESULTS */;
/*!40101 SET COLLATION_CONNECTION=@OLD_COLLATION_CONNECTION */;
